timestamp,frame_num,ear,mar,phone_confidence,fps
2026-08-04T09:55:57.669083,1,0.326,0.010,0.000,51.4
2026-08-04T09:55:57.791975,2,0.326,0.010,0.000,94.8
2026-08-04T09:55:57.907381,3,0.327,0.009,0.000,8.8
2026-08-04T09:55:57.917685,4,0.326,0.009,0.000,114.4
2026-08-04T09:55:57.977657,5,0.326,0.009,0.000,17.1
2026-08-04T09:55:58.046081,6,0.327,0.008,0.000,14.8
2026-08-04T09:55:58.075986,7,0.327,0.008,0.000,34.2
2026-08-04T09:55:58.112616,8,0.327,0.008,0.000,28.0
2026-08-04T09:55:58.215553,9,0.326,0.008,0.000,9.8
2026-08-04T09:55:58.225539,10,0.326,0.008,0.000,109.8
2026-08-04T09:55:58.277149,11,0.327,0.009,0.000,19.7
2026-08-04T09:55:58.344251,12,0.329,0.009,0.000,15.1
2026-08-04T09:55:58.355045,13,0.332,0.008,0.000,99.6
2026-08-04T09:55:58.409555,14,0.330,0.010,0.000,18.6
2026-08-04T09:55:58.477942,15,0.304,0.011,0.000,14.9
2026-08-04T09:55:58.508814,16,0.095,0.012,0.000,33.7
2026-08-04T09:55:58.545161,17,0.096,0.013,0.000,28.3
2026-08-04T09:55:58.639563,18,0.132,0.013,0.000,10.7
2026-08-04T09:55:58.651160,19,0.188,0.013,0.000,92.0
2026-08-04T09:55:58.707884,20,0.242,0.013,0.000,17.9
2026-08-04T09:55:58.779804,21,0.272,0.013,0.000,14.1
2026-08-04T09:55:58.789133,22,0.288,0.011,0.000,116.9
2026-08-04T09:55:58.842170,23,0.300,0.011,0.000,19.4
2026-08-04T09:55:58.905349,24,0.311,0.011,0.000,16.0
2026-08-04T09:55:58.942160,25,0.315,0.011,0.000,27.8
2026-08-04T09:55:58.977241,26,0.319,0.011,0.000,29.1
2026-08-04T09:55:59.068285,27,0.315,0.011,0.000,11.1
2026-08-04T09:55:59.080045,28,0.313,0.011,0.000,94.0
2026-08-04T09:55:59.141190,29,0.313,0.012,0.000,16.7
2026-08-04T09:55:59.212142,30,0.312,0.011,0.000,14.3
2026-08-04T09:55:59.238337,31,0.307,0.010,0.000,39.3
2026-08-04T09:55:59.276579,32,0.307,0.011,0.000,26.6
2026-08-04T09:55:59.372142,33,0.304,0.010,0.000,10.5
2026-08-04T09:55:59.381100,34,0.303,0.011,0.000,120.5
2026-08-04T09:55:59.442351,35,0.304,0.012,0.000,16.5
2026-08-04T09:55:59.504308,36,0.306,0.011,0.000,16.4
2026-08-04T09:55:59.513372,37,0.311,0.011,0.000,118.7
2026-08-04T09:55:59.572328,38,0.312,0.010,0.000,17.2
2026-08-04T09:55:59.639330,39,0.312,0.011,0.000,15.1
2026-08-04T09:55:59.669816,40,0.312,0.011,0.000,33.6
2026-08-04T09:55:59.708483,41,0.314,0.012,0.000,26.4
2026-08-04T09:55:59.805167,42,0.315,0.012,0.000,10.4
2026-08-04T09:55:59.816987,43,0.316,0.011,0.000,90.4
2026-08-04T09:55:59.871888,44,0.315,0.011,0.000,18.5
2026-08-04T09:55:59.941286,45,0.314,0.011,0.000,14.6
2026-08-04T09:55:59.952421,46,0.314,0.010,0.000,99.2
2026-08-04T09:56:00.005819,47,0.309,0.011,0.000,19.2
2026-08-04T09:56:00.073568,48,0.306,0.011,0.000,14.9
2026-08-04T09:56:00.085063,49,0.306,0.011,0.000,92.2
2026-08-04T09:56:00.139110,50,0.307,0.011,0.000,18.8
2026-08-04T09:56:00.234640,51,0.304,0.011,0.000,10.6
2026-08-04T09:56:00.245805,52,0.306,0.011,0.000,94.9
2026-08-04T09:56:00.304038,53,0.308,0.012,0.000,17.4
2026-08-04T09:56:00.374595,54,0.309,0.012,0.000,14.4
2026-08-04T09:56:00.405205,55,0.312,0.011,0.000,33.6
2026-08-04T09:56:00.441045,56,0.311,0.011,0.000,29.4
2026-08-04T09:56:00.533524,57,0.313,0.011,0.000,10.9
2026-08-04T09:56:00.543368,58,0.313,0.010,0.000,108.0
2026-08-04T09:56:00.604381,59,0.315,0.011,0.000,16.6
2026-08-04T09:56:00.671616,60,0.316,0.011,0.000,15.1
2026-08-04T09:56:00.682809,61,0.317,0.011,0.000,99.3
2026-08-04T09:56:00.736411,62,0.317,0.011,0.000,18.9
2026-08-04T09:56:00.802577,63,0.318,0.010,0.000,15.3
2026-08-04T09:56:00.836800,64,0.317,0.010,0.000,29.8
2026-08-04T09:56:00.871664,65,0.318,0.010,0.000,29.4
2026-08-04T09:56:00.969838,66,0.320,0.009,0.000,10.3
2026-08-04T09:56:00.982209,67,0.319,0.010,0.000,85.7
2026-08-04T09:56:01.038182,68,0.320,0.010,0.000,18.3
2026-08-04T09:56:01.098629,69,0.320,0.010,0.000,16.8
2026-08-04T09:56:01.110009,70,0.320,0.010,0.000,94.2
2026-08-04T09:56:01.171238,71,0.286,0.010,0.000,16.6
2026-08-04T09:56:01.244851,72,0.258,0.011,0.000,13.8
2026-08-04T09:56:01.255498,73,0.170,0.011,0.000,101.5
2026-08-04T09:56:01.305605,74,0.062,0.012,0.000,20.3
2026-08-04T09:56:01.400948,75,0.051,0.013,0.000,10.6
2026-08-04T09:56:01.412696,76,0.043,0.014,0.000,90.6
2026-08-04T09:56:01.470360,77,0.041,0.014,0.000,17.7
2026-08-04T09:56:01.535956,78,0.050,0.015,0.000,15.4
2026-08-04T09:56:01.566612,79,0.042,0.016,0.000,33.4
2026-08-04T09:56:01.604244,80,0.043,0.016,0.000,27.1
2026-08-04T09:56:01.703264,81,0.039,0.016,0.000,10.2
2026-08-04T09:56:01.713750,82,0.038,0.015,0.000,101.6
2026-08-04T09:56:01.768567,83,0.041,0.016,0.000,18.5
2026-08-04T09:56:01.832574,84,0.042,0.015,0.000,15.8
2026-08-04T09:56:01.843218,85,0.044,0.016,0.000,100.3
2026-08-04T09:56:01.901568,86,0.043,0.016,0.000,17.5
2026-08-04T09:56:01.969379,87,0.043,0.016,0.000,15.0
2026-08-04T09:56:01.998973,88,0.042,0.017,0.000,34.8
2026-08-04T09:56:02.036082,89,0.041,0.016,0.000,27.6
2026-08-04T09:56:02.131767,90,0.043,0.015,0.000,10.6
2026-08-04T09:56:02.145007,91,0.040,0.014,0.000,80.0
2026-08-04T09:56:02.201068,92,0.041,0.015,0.000,18.1
2026-08-04T09:56:02.262402,93,0.041,0.014,0.000,16.5
2026-08-04T09:56:02.272972,94,0.046,0.015,0.000,101.0
2026-08-04T09:56:02.332323,95,0.071,0.014,0.000,17.2
2026-08-04T09:56:02.400752,96,0.140,0.014,0.000,14.8
2026-08-04T09:56:02.412881,97,0.212,0.013,0.000,87.5
2026-08-04T09:56:02.468151,98,0.249,0.013,0.000,18.4
2026-08-04T09:56:02.566037,99,0.281,0.012,0.000,10.3
2026-08-04T09:56:02.577687,100,0.293,0.011,0.000,91.1
2026-08-04T09:56:02.634109,101,0.292,0.011,0.000,18.1
2026-08-04T09:56:02.704130,102,0.291,0.011,0.000,14.5
2026-08-04T09:56:02.732485,103,0.289,0.011,0.000,36.5
2026-08-04T09:56:02.771829,104,0.289,0.012,0.000,25.9
2026-08-04T09:56:02.862320,105,0.290,0.012,0.000,11.2
2026-08-04T09:56:02.873746,106,0.291,0.012,0.000,93.4
2026-08-04T09:56:02.930823,107,0.293,0.012,0.000,17.8
2026-08-04T09:56:02.991725,108,0.294,0.011,0.000,16.6
2026-08-04T09:56:03.001171,109,0.297,0.011,0.000,114.7
2026-08-04T09:56:03.061646,110,0.297,0.012,0.000,16.8
2026-08-04T09:56:03.127990,111,0.296,0.011,0.000,15.3
2026-08-04T09:56:03.161714,112,0.296,0.012,0.000,30.3
2026-08-04T09:56:03.196821,113,0.297,0.011,0.000,29.1
2026-08-04T09:56:03.296982,114,0.299,0.010,0.000,10.1
2026-08-04T09:56:03.306134,115,0.300,0.010,0.000,119.2
2026-08-04T09:56:03.364111,116,0.303,0.010,0.000,17.5
2026-08-04T09:56:03.437083,117,0.302,0.010,0.000,13.9
2026-08-04T09:56:03.448581,118,0.301,0.010,0.000,96.3
2026-08-04T09:56:03.496644,119,0.301,0.010,0.000,21.1
2026-08-04T09:56:03.562247,120,0.300,0.010,0.000,15.4
2026-08-04T09:56:03.571394,121,0.302,0.011,0.000,117.9
2026-08-04T09:56:03.631951,122,0.303,0.010,0.000,16.7
2026-08-04T09:56:03.727833,123,0.302,0.010,0.000,10.5
2026-08-04T09:56:03.738162,124,0.303,0.010,0.000,104.3
2026-08-04T09:56:03.796463,125,0.304,0.009,0.000,17.3
2026-08-04T09:56:03.867388,126,0.305,0.009,0.000,14.3
2026-08-04T09:56:03.893355,127,0.305,0.009,0.000,39.6
2026-08-04T09:56:03.933191,128,0.307,0.009,0.000,25.5
2026-08-04T09:56:04.029239,129,0.307,0.009,0.000,10.5
2026-08-04T09:56:04.042150,130,0.307,0.011,0.000,82.2
2026-08-04T09:56:04.096005,131,0.309,0.011,0.000,18.8
2026-08-04T09:56:04.167396,132,0.307,0.011,0.000,14.2
2026-08-04T09:56:04.178952,133,0.307,0.011,0.000,97.4
2026-08-04T09:56:04.228379,134,0.307,0.011,0.000,20.5
2026-08-04T09:56:04.295199,135,0.307,0.011,0.000,15.1
2026-08-04T09:56:04.327931,136,0.307,0.011,0.000,31.2
2026-08-04T09:56:04.365712,137,0.307,0.012,0.000,27.0
2026-08-04T09:56:04.463919,138,0.308,0.012,0.000,10.3
2026-08-04T09:56:04.474624,139,0.308,0.011,0.000,99.8
2026-08-04T09:56:04.530041,140,0.308,0.011,0.000,18.4
2026-08-04T09:56:04.598807,141,0.309,0.011,0.000,14.7
2026-08-04T09:56:04.627207,142,0.308,0.012,0.000,36.1
2026-08-04T09:56:04.657593,143,0.309,0.011,0.000,33.6
2026-08-04T09:56:04.730862,144,0.310,0.011,0.000,13.8
2026-08-04T09:56:04.741413,145,0.309,0.011,0.000,101.8
2026-08-04T09:56:04.796778,146,0.309,0.011,0.000,18.3
2026-08-04T09:56:04.892563,147,0.309,0.011,0.000,10.5
2026-08-04T09:56:04.903723,148,0.309,0.011,0.000,95.2
2026-08-04T09:56:04.960415,149,0.283,0.011,0.000,17.9
2026-08-04T09:56:05.032169,150,0.259,0.011,0.000,14.1
2026-08-04T09:56:05.061475,151,0.089,0.011,0.000,35.1
2026-08-04T09:56:05.095583,152,0.068,0.012,0.000,30.2
2026-08-04T09:56:05.207784,153,0.053,0.012,0.000,9.0
2026-08-04T09:56:05.218037,154,0.049,0.013,0.000,106.3
2026-08-04T09:56:05.260997,155,0.041,0.013,0.000,23.7
2026-08-04T09:56:05.327080,156,0.042,0.013,0.000,15.3
2026-08-04T09:56:05.336931,157,0.046,0.013,0.000,109.8
2026-08-04T09:56:05.394127,158,0.052,0.014,0.000,17.8
2026-08-04T09:56:05.461668,159,0.048,0.014,0.000,15.0
2026-08-04T09:56:05.493122,160,0.042,0.013,0.000,32.5
2026-08-04T09:56:05.532817,161,0.040,0.013,0.000,26.1
2026-08-04T09:56:05.624846,162,0.041,0.013,0.000,11.0
2026-08-04T09:56:05.636016,163,0.041,0.014,0.000,98.8
2026-08-04T09:56:05.695464,164,0.041,0.014,0.000,17.0
2026-08-04T09:56:05.764341,165,0.041,0.014,0.000,14.7
2026-08-04T09:56:05.790354,166,0.044,0.015,0.000,39.6
2026-08-04T09:56:05.826331,167,0.045,0.015,0.000,28.5
2026-08-04T09:56:05.897127,168,0.044,0.015,0.000,14.3
2026-08-04T09:56:05.908710,169,0.046,0.015,0.000,94.7
2026-08-04T09:56:05.962250,170,0.045,0.015,0.000,19.5
2026-08-04T09:56:06.059592,171,0.043,0.016,0.000,10.4
2026-08-04T09:56:06.070778,172,0.038,0.015,0.000,96.0
2026-08-04T09:56:06.124374,173,0.039,0.015,0.000,19.0
2026-08-04T09:56:06.199830,174,0.040,0.015,0.000,13.4
2026-08-04T09:56:06.223713,175,0.035,0.014,0.000,43.2
2026-08-04T09:56:06.261685,176,0.036,0.014,0.000,27.0
2026-08-04T09:56:06.355850,177,0.037,0.014,0.000,10.7
2026-08-04T09:56:06.367945,178,0.038,0.014,0.000,88.6
2026-08-04T09:56:06.427265,179,0.041,0.014,0.000,17.1
2026-08-04T09:56:06.494413,180,0.046,0.014,0.000,15.3
2026-08-04T09:56:06.505994,181,0.051,0.015,0.000,93.1
2026-08-04T09:56:06.557658,182,0.059,0.014,0.000,19.7
2026-08-04T09:56:06.627668,183,0.070,0.015,0.000,14.5
2026-08-04T09:56:06.654832,184,0.072,0.016,0.000,38.1
2026-08-04T09:56:06.694426,185,0.074,0.016,0.000,25.8
2026-08-04T09:56:06.787092,186,0.079,0.018,0.000,11.0
2026-08-04T09:56:06.797310,187,0.079,0.016,0.000,105.1
2026-08-04T09:56:06.856747,188,0.081,0.017,0.000,17.5
2026-08-04T09:56:06.928750,189,0.087,0.017,0.000,14.1
2026-08-04T09:56:06.955392,190,0.089,0.016,0.000,39.0
2026-08-04T09:56:06.988164,191,0.089,0.017,0.000,31.4
2026-08-04T09:56:07.056756,192,0.089,0.018,0.000,14.8
2026-08-04T09:56:07.068646,193,0.092,0.018,0.000,89.6
2026-08-04T09:56:07.125934,194,0.093,0.016,0.000,17.7
2026-08-04T09:56:07.221838,195,0.095,0.016,0.000,10.5
2026-08-04T09:56:07.234655,196,0.098,0.016,0.000,90.0
2026-08-04T09:56:07.288639,197,0.082,0.015,0.000,18.9
2026-08-04T09:56:07.356808,198,0.082,0.017,0.000,14.9
2026-08-04T09:56:07.388635,199,0.084,0.017,0.000,32.2
2026-08-04T09:56:07.424164,200,0.085,0.017,0.000,28.8
2026-08-04T09:56:07.518516,201,0.084,0.019,0.000,10.8
2026-08-04T09:56:07.533058,202,0.085,0.018,0.000,72.2
2026-08-04T09:56:07.587615,203,0.090,0.018,0.000,18.6
2026-08-04T09:56:07.657121,204,0.087,0.018,0.000,14.7
2026-08-04T09:56:07.672492,205,0.091,0.017,0.000,68.5
2026-08-04T09:56:07.721009,206,0.088,0.019,0.000,21.0
2026-08-04T09:56:07.794312,207,0.088,0.018,0.000,13.8
2026-08-04T09:56:07.818003,208,0.094,0.019,0.000,44.1
2026-08-04T09:56:07.857975,209,0.094,0.019,0.000,25.9
2026-08-04T09:56:07.957608,210,0.093,0.019,0.000,10.1
2026-08-04T09:56:07.967491,211,0.102,0.019,0.000,123.5
2026-08-04T09:56:08.021314,212,0.099,0.019,0.000,18.8
2026-08-04T09:56:08.092246,213,0.101,0.019,0.000,14.3
2026-08-04T09:56:08.119501,214,0.100,0.018,0.000,37.8
2026-08-04T09:56:08.152850,215,0.093,0.016,0.000,30.6
2026-08-04T09:56:08.222519,216,0.092,0.017,0.000,14.5
2026-08-04T09:56:08.234557,217,0.091,0.015,0.000,88.3
2026-08-04T09:56:08.290209,218,0.084,0.015,0.000,18.2
2026-08-04T09:56:08.382288,219,0.078,0.014,0.000,11.0
2026-08-04T09:56:08.394076,220,0.074,0.015,0.000,92.0
2026-08-04T09:56:08.453714,221,0.072,0.015,0.000,17.1
2026-08-04T09:56:08.520752,222,0.086,0.015,0.000,15.1
2026-08-04T09:56:08.554389,223,0.209,0.013,0.000,30.4
2026-08-04T09:56:08.588533,224,0.235,0.013,0.000,30.3
2026-08-04T09:56:08.692733,225,0.260,0.012,0.000,9.7
2026-08-04T09:56:08.704051,226,0.273,0.011,0.000,100.4
2026-08-04T09:56:08.754441,227,0.280,0.011,0.000,20.2
2026-08-04T09:56:08.821027,228,0.281,0.011,0.000,15.2
2026-08-04T09:56:08.831973,229,0.284,0.011,0.000,98.0
2026-08-04T09:56:08.884601,230,0.284,0.011,0.000,19.3
2026-08-04T09:56:08.956005,231,0.283,0.011,0.000,14.2
2026-08-04T09:56:08.982683,232,0.290,0.011,0.000,38.6
2026-08-04T09:56:09.021302,233,0.290,0.011,0.000,26.5
2026-08-04T09:56:09.114566,234,0.292,0.011,0.000,10.8
2026-08-04T09:56:09.124080,235,0.293,0.010,0.000,115.3
2026-08-04T09:56:09.186609,236,0.293,0.010,0.000,16.6
2026-08-04T09:56:09.255645,237,0.292,0.009,0.000,14.8
2026-08-04T09:56:09.284586,238,0.293,0.010,0.000,35.5
2026-08-04T09:56:09.317367,239,0.291,0.010,0.000,31.2
2026-08-04T09:56:09.384641,240,0.291,0.011,0.000,15.0
2026-08-04T09:56:09.396164,241,0.289,0.011,0.000,92.6
2026-08-04T09:56:09.453677,242,0.294,0.013,0.000,17.8
2026-08-04T09:56:09.546170,243,0.288,0.013,0.000,10.9
2026-08-04T09:56:09.556653,244,0.288,0.012,0.000,103.3
2026-08-04T09:56:09.616112,245,0.291,0.016,0.000,17.0
2026-08-04T09:56:09.686323,246,0.299,0.017,0.000,14.4
2026-08-04T09:56:09.716104,247,0.290,0.018,0.000,34.8
2026-08-04T09:56:09.753919,248,0.288,0.016,0.000,27.4
2026-08-04T09:56:09.851685,249,0.276,0.016,0.000,10.4
2026-08-04T09:56:09.862487,250,0.279,0.016,0.000,102.2
2026-08-04T09:56:09.917963,251,0.275,0.014,0.000,18.3
2026-08-04T09:56:09.980694,252,0.276,0.013,0.000,16.3
2026-08-04T09:56:09.993432,253,0.277,0.013,0.000,90.8
2026-08-04T09:56:10.048048,254,0.280,0.016,0.000,18.5
2026-08-04T09:56:10.119077,255,0.278,0.015,0.000,14.3
2026-08-04T09:56:10.145473,256,0.275,0.014,0.000,39.0
2026-08-04T09:56:10.187138,257,0.274,0.014,0.000,24.6
2026-08-04T09:56:10.279700,258,0.273,0.015,0.000,11.0
2026-08-04T09:56:10.293739,259,0.268,0.015,0.000,81.7
2026-08-04T09:56:10.348374,260,0.270,0.013,0.000,18.6
2026-08-04T09:56:10.422113,261,0.273,0.014,0.000,13.7
2026-08-04T09:56:10.446782,262,0.271,0.013,0.000,42.6
2026-08-04T09:56:10.482975,263,0.272,0.013,0.000,28.3
2026-08-04T09:56:10.546391,264,0.276,0.014,0.000,16.1
2026-08-04T09:56:10.558905,265,0.279,0.015,0.000,85.3
2026-08-04T09:56:10.616796,266,0.279,0.013,0.000,17.6
2026-08-04T09:56:10.713735,267,0.277,0.014,0.000,10.4
2026-08-04T09:56:10.722878,268,0.279,0.014,0.000,118.9
2026-08-04T09:56:10.780528,269,0.282,0.013,0.000,17.6
2026-08-04T09:56:10.846515,270,0.284,0.015,0.000,15.3
2026-08-04T09:56:10.880797,271,0.284,0.015,0.000,29.9
2026-08-04T09:56:10.916545,272,0.283,0.014,0.000,28.6
2026-08-04T09:56:11.011203,273,0.187,0.013,0.000,10.7
2026-08-04T09:56:11.024159,274,0.156,0.012,0.000,81.4
2026-08-04T09:56:11.081732,275,0.145,0.013,0.000,17.7
2026-08-04T09:56:11.144512,276,0.142,0.014,0.000,16.2
2026-08-04T09:56:11.154369,277,0.147,0.014,0.000,108.7
2026-08-04T09:56:11.214402,278,0.152,0.014,0.000,16.9
2026-08-04T09:56:11.284041,279,0.150,0.014,0.000,14.6
2026-08-04T09:56:11.309865,280,0.137,0.015,0.000,40.1
2026-08-04T09:56:11.351351,281,0.129,0.016,0.000,24.6
2026-08-04T09:56:11.453136,282,0.138,0.015,0.000,9.9
2026-08-04T09:56:11.464754,283,0.120,0.015,0.000,91.6
2026-08-04T09:56:11.514381,284,0.107,0.015,0.000,20.4
2026-08-04T09:56:11.588802,285,0.119,0.014,0.000,13.6
2026-08-04T09:56:11.610557,286,0.122,0.016,0.000,47.5
2026-08-04T09:56:11.645669,287,0.120,0.016,0.000,29.0
2026-08-04T09:56:11.716120,288,0.117,0.015,0.000,14.4
2026-08-04T09:56:11.725558,289,0.131,0.015,0.000,115.7
2026-08-04T09:56:11.781641,290,0.124,0.015,0.000,18.1
2026-08-04T09:56:11.879726,291,0.123,0.014,0.000,10.3
2026-08-04T09:56:11.889436,292,0.124,0.012,0.000,112.2
2026-08-04T09:56:11.947088,293,0.124,0.012,0.000,18.1
2026-08-04T09:56:12.010500,294,0.133,0.011,0.000,16.1
2026-08-04T09:56:12.046965,295,0.142,0.011,0.000,28.0
2026-08-04T09:56:12.081204,296,0.140,0.010,0.000,30.0
2026-08-04T09:56:12.181717,297,0.135,0.011,0.000,10.0
2026-08-04T09:56:12.193345,298,0.138,0.010,0.000,92.5
2026-08-04T09:56:12.245970,299,0.146,0.012,0.000,19.4
2026-08-04T09:56:12.306312,300,0.143,0.011,0.000,16.9
2026-08-04T09:56:12.316208,301,0.144,0.010,0.000,109.5
2026-08-04T09:56:12.378012,302,0.151,0.010,0.000,16.4
2026-08-04T09:56:12.453158,303,0.158,0.009,0.000,13.5
2026-08-04T09:56:12.474144,304,0.168,0.009,0.000,49.6
2026-08-04T09:56:12.514983,305,0.164,0.008,0.000,25.6
2026-08-04T09:56:12.608734,306,0.162,0.010,0.000,10.8
2026-08-04T09:56:12.620537,307,0.162,0.010,0.000,98.6
2026-08-04T09:56:12.678998,308,0.164,0.011,0.000,17.3
2026-08-04T09:56:12.746865,309,0.160,0.011,0.000,15.0
2026-08-04T09:56:12.775956,310,0.160,0.011,0.000,35.2
2026-08-04T09:56:12.810066,311,0.164,0.012,0.000,29.9
2026-08-04T09:56:12.877307,312,0.166,0.011,0.000,15.0
2026-08-04T09:56:12.886385,313,0.165,0.011,0.000,119.6
2026-08-04T09:56:12.947848,314,0.164,0.011,0.000,16.4
2026-08-04T09:56:13.039215,315,0.167,0.009,0.000,11.1
2026-08-04T09:56:13.052153,316,0.158,0.010,0.000,82.6
2026-08-04T09:56:13.110845,317,0.164,0.010,0.000,17.2
2026-08-04T09:56:13.182221,318,0.171,0.011,0.000,14.2
2026-08-04T09:56:13.206010,319,0.168,0.011,0.000,44.2
2026-08-04T09:56:13.246915,320,0.166,0.010,0.000,25.0
2026-08-04T09:56:13.338918,321,0.156,0.010,0.000,11.0
2026-08-04T09:56:13.350451,322,0.155,0.011,0.000,93.0
2026-08-04T09:56:13.408647,323,0.163,0.011,0.000,17.5
2026-08-04T09:56:13.469678,324,0.161,0.010,0.000,16.8
2026-08-04T09:56:13.481412,325,0.160,0.010,0.000,90.8
2026-08-04T09:56:13.542389,326,0.156,0.010,0.000,16.6
2026-08-04T09:56:13.605735,327,0.153,0.010,0.000,16.0
2026-08-04T09:56:13.641044,328,0.152,0.009,0.000,28.9
2026-08-04T09:56:13.679494,329,0.156,0.009,0.000,26.8
2026-08-04T09:56:13.769585,330,0.155,0.010,0.000,11.3
2026-08-04T09:56:13.781267,331,0.159,0.010,0.000,100.6
2026-08-04T09:56:13.841816,332,0.158,0.009,0.000,16.7
2026-08-04T09:56:13.908497,333,0.151,0.010,0.000,15.2
2026-08-04T09:56:13.938866,334,0.163,0.009,0.000,33.8
2026-08-04T09:56:13.972477,335,0.153,0.009,0.000,30.6
2026-08-04T09:56:14.039448,336,0.132,0.010,0.000,15.1
2026-08-04T09:56:14.051923,337,0.126,0.010,0.000,85.1
2026-08-04T09:56:14.108938,338,0.130,0.010,0.000,17.8
2026-08-04T09:56:14.209914,339,0.232,0.008,0.000,10.0
2026-08-04T09:56:14.224070,340,0.255,0.009,0.000,80.4
2026-08-04T09:56:14.273719,341,0.277,0.008,0.000,20.6
2026-08-04T09:56:14.339789,342,0.285,0.007,0.000,15.4
2026-08-04T09:56:14.373242,343,0.295,0.007,0.000,30.5
2026-08-04T09:56:14.409425,344,0.300,0.008,0.000,29.3
2026-08-04T09:56:14.506733,345,0.301,0.008,0.000,10.4
2026-08-04T09:56:14.517179,346,0.302,0.008,0.000,102.5
2026-08-04T09:56:14.573872,347,0.299,0.008,0.000,17.9
2026-08-04T09:56:14.640737,348,0.301,0.008,0.000,15.2
2026-08-04T09:56:14.652944,349,0.305,0.008,0.000,87.8
2026-08-04T09:56:14.707784,350,0.310,0.008,0.000,18.5
2026-08-04T09:56:14.772649,351,0.310,0.009,0.000,15.7
2026-08-04T09:56:14.806343,352,0.315,0.009,0.000,30.3
2026-08-04T09:56:14.842229,353,0.315,0.009,0.000,28.7
2026-08-04T09:56:14.943275,354,0.314,0.009,0.000,10.0
2026-08-04T09:56:14.955457,355,0.315,0.007,0.000,87.0
2026-08-04T09:56:15.004280,356,0.318,0.007,0.000,20.8
2026-08-04T09:56:15.073439,357,0.318,0.007,0.000,14.8
2026-08-04T09:56:15.103969,358,0.319,0.007,0.000,33.6
2026-08-04T09:56:15.136719,359,0.318,0.007,0.000,31.8
2026-08-04T09:56:15.209964,360,0.317,0.007,0.000,13.9
2026-08-04T09:56:15.220971,361,0.316,0.006,0.000,97.7
2026-08-04T09:56:15.273944,362,0.314,0.008,0.000,19.3
2026-08-04T09:56:15.372344,363,0.307,0.009,0.000,10.3
2026-08-04T09:56:15.383728,364,0.302,0.009,0.000,94.0
2026-08-04T09:56:15.438938,365,0.337,0.007,0.000,18.5
2026-08-04T09:56:15.505799,366,0.333,0.008,0.000,15.3
2026-08-04T09:56:15.535716,367,0.335,0.008,0.000,34.3
2026-08-04T09:56:15.573792,368,0.337,0.008,0.000,26.8
2026-08-04T09:56:15.669055,369,0.306,0.008,0.000,10.6
2026-08-04T09:56:15.681569,370,0.178,0.008,0.000,87.4
2026-08-04T09:56:15.737478,371,0.161,0.008,0.000,18.2
2026-08-04T09:56:15.807323,372,0.189,0.010,0.000,14.5
2026-08-04T09:56:15.818941,373,0.214,0.014,0.000,92.1
2026-08-04T09:56:15.869705,374,0.217,0.010,0.000,20.0
2026-08-04T09:56:15.945853,375,0.225,0.011,0.000,13.3
2026-08-04T09:56:15.966850,376,0.247,0.008,0.000,51.4
2026-08-04T09:56:16.004016,377,0.255,0.009,0.000,27.6
2026-08-04T09:56:16.104638,378,0.245,0.008,0.000,10.0
2026-08-04T09:56:16.117476,379,0.214,0.008,0.000,82.8
2026-08-04T09:56:16.169339,380,0.083,0.007,0.000,19.8
2026-08-04T09:56:16.238842,381,0.055,0.009,0.000,14.7
2026-08-04T09:56:16.267443,382,0.038,0.008,0.000,36.2
2026-08-04T09:56:16.301811,383,0.031,0.006,0.000,30.4
2026-08-04T09:56:16.370188,384,0.038,0.010,0.000,14.9
2026-08-04T09:56:16.381410,385,0.053,0.009,0.000,96.2
2026-08-04T09:56:16.439116,386,0.062,0.010,0.000,17.7
2026-08-04T09:56:16.532668,387,0.064,0.009,0.000,10.8
2026-08-04T09:56:16.543617,388,0.055,0.008,0.000,98.4
2026-08-04T09:56:16.601965,389,0.063,0.008,0.000,17.3
2026-08-04T09:56:16.670928,390,0.069,0.008,0.000,14.7
2026-08-04T09:56:16.702634,391,0.061,0.007,0.000,33.1
2026-08-04T09:56:16.739297,392,0.065,0.006,0.000,28.5
2026-08-04T09:56:16.835971,393,0.064,0.005,0.000,10.5
2026-08-04T09:56:16.846962,394,0.067,0.006,0.000,97.6
2026-08-04T09:56:16.901115,395,0.072,0.006,0.000,18.9
2026-08-04T09:56:16.966957,396,0.064,0.005,0.000,15.4
2026-08-04T09:56:16.978174,397,0.064,0.006,0.000,95.9
2026-08-04T09:56:17.032776,398,0.047,0.007,0.000,18.5
2026-08-04T09:56:17.101636,399,0.050,0.007,0.000,14.7
2026-08-04T09:56:17.132424,400,0.045,0.007,0.000,34.3
2026-08-04T09:56:17.168609,401,0.047,0.006,0.000,28.8
2026-08-04T09:56:17.263270,402,0.050,0.007,0.000,10.7
2026-08-04T09:56:17.274637,403,0.048,0.006,0.000,93.8
2026-08-04T09:56:17.332634,404,0.054,0.007,0.000,17.5
2026-08-04T09:56:17.405376,405,0.055,0.007,0.000,14.0
2026-08-04T09:56:17.430447,406,0.056,0.007,0.000,41.1
2026-08-04T09:56:17.465979,407,0.056,0.006,0.000,28.7
2026-08-04T09:56:17.531762,408,0.062,0.006,0.000,15.4
2026-08-04T09:56:17.541039,409,0.060,0.006,0.000,119.0
2026-08-04T09:56:17.600814,410,0.059,0.005,0.000,17.0
2026-08-04T09:56:17.707603,411,0.065,0.006,0.000,9.5
2026-08-04T09:56:17.717705,412,0.056,0.007,0.000,108.9
2026-08-04T09:56:17.765855,413,0.056,0.006,0.000,21.1
2026-08-04T09:56:17.835265,414,0.053,0.006,0.000,14.6
2026-08-04T09:56:17.861959,415,0.045,0.008,0.000,38.5
2026-08-04T09:56:17.902650,416,0.048,0.006,0.000,25.1
2026-08-04T09:56:17.997186,417,0.044,0.006,0.000,10.7
2026-08-04T09:56:18.009676,418,0.039,0.006,0.000,86.9
2026-08-04T09:56:18.062233,419,0.041,0.007,0.000,19.3
2026-08-04T09:56:18.129984,420,0.040,0.006,0.000,14.9
2026-08-04T09:56:18.140778,421,0.041,0.006,0.000,99.6
2026-08-04T09:56:18.198276,422,0.042,0.005,0.000,17.7
2026-08-04T09:56:18.267571,423,0.042,0.006,0.000,14.7
2026-08-04T09:56:18.298868,424,0.046,0.004,0.000,33.0
2026-08-04T09:56:18.334092,425,0.046,0.005,0.000,29.5
2026-08-04T09:56:18.433647,426,0.045,0.005,0.000,10.2
2026-08-04T09:56:18.446867,427,0.043,0.005,0.000,83.3
2026-08-04T09:56:18.497427,428,0.044,0.006,0.000,20.1
2026-08-04T09:56:18.563411,429,0.046,0.006,0.000,15.4
2026-08-04T09:56:18.597817,430,0.047,0.006,0.000,29.7
2026-08-04T09:56:18.631027,431,0.048,0.007,0.000,31.1
2026-08-04T09:56:18.702408,432,0.046,0.006,0.000,14.3
2026-08-04T09:56:18.712818,433,0.045,0.006,0.000,111.9
2026-08-04T09:56:18.765808,434,0.043,0.006,0.000,19.4
2026-08-04T09:56:18.858586,435,0.052,0.007,0.000,10.9
2026-08-04T09:56:18.869690,436,0.054,0.008,0.000,97.0
2026-08-04T09:56:18.930906,437,0.050,0.008,0.000,16.6
2026-08-04T09:56:18.996952,438,0.053,0.008,0.000,15.4
2026-08-04T09:56:19.028576,439,0.051,0.010,0.000,32.4
2026-08-04T09:56:19.066205,440,0.050,0.009,0.000,27.2
2026-08-04T09:56:19.158530,441,0.046,0.009,0.000,11.0
2026-08-04T09:56:19.167980,442,0.048,0.008,0.000,114.6
2026-08-04T09:56:19.230194,443,0.048,0.008,0.000,16.4
2026-08-04T09:56:19.291502,444,0.049,0.008,0.000,16.6
2026-08-04T09:56:19.301051,445,0.050,0.008,0.000,114.6
2026-08-04T09:56:19.360776,446,0.054,0.007,0.000,17.0
2026-08-04T09:56:19.434491,447,0.047,0.006,0.000,13.8
2026-08-04T09:56:19.460246,448,0.054,0.008,0.000,40.6
2026-08-04T09:56:19.496891,449,0.048,0.008,0.000,28.3
2026-08-04T09:56:19.601861,450,0.065,0.008,0.000,9.7
2026-08-04T09:56:19.612076,451,0.065,0.006,0.000,106.0
2026-08-04T09:56:19.660188,452,0.077,0.009,0.000,21.1
2026-08-04T09:56:19.730052,453,0.069,0.007,0.000,14.5
2026-08-04T09:56:19.759963,454,0.080,0.008,0.000,34.3
2026-08-04T09:56:19.792618,455,0.088,0.008,0.000,31.3
2026-08-04T09:56:19.866027,456,0.079,0.008,0.000,13.8
2026-08-04T09:56:19.877070,457,0.079,0.008,0.000,97.1
2026-08-04T09:56:19.930932,458,0.077,0.008,0.000,18.8
2026-08-04T09:56:20.026325,459,0.089,0.007,0.000,10.6
2026-08-04T09:56:20.035194,460,0.118,0.005,0.000,125.9
2026-08-04T09:56:20.094134,461,0.209,0.004,0.000,17.2
2026-08-04T09:56:20.164542,462,0.238,0.004,0.000,14.4
2026-08-04T09:56:20.190231,463,0.251,0.004,0.000,40.1
2026-08-04T09:56:20.228434,464,0.256,0.004,0.000,26.9
2026-08-04T09:56:20.323499,465,0.264,0.004,0.000,10.6
2026-08-04T09:56:20.333836,466,0.273,0.004,0.000,103.8
2026-08-04T09:56:20.393489,467,0.280,0.004,0.000,17.2
2026-08-04T09:56:20.457612,468,0.285,0.004,0.000,15.9
2026-08-04T09:56:20.467514,469,0.287,0.005,0.000,111.4
2026-08-04T09:56:20.525814,470,0.294,0.004,0.000,17.4
2026-08-04T09:56:20.596083,471,0.296,0.005,0.000,14.4
2026-08-04T09:56:20.623763,472,0.299,0.005,0.000,37.2
2026-08-04T09:56:20.659969,473,0.300,0.005,0.000,28.3
2026-08-04T09:56:20.754728,474,0.299,0.005,0.000,10.6
2026-08-04T09:56:20.765882,475,0.300,0.005,0.000,96.2
2026-08-04T09:56:20.824712,476,0.301,0.005,0.000,17.2
2026-08-04T09:56:20.894867,477,0.301,0.005,0.000,14.5
2026-08-04T09:56:20.922470,478,0.303,0.004,0.000,37.2
2026-08-04T09:56:20.957490,479,0.300,0.005,0.000,30.0
2026-08-04T09:56:21.028274,480,0.300,0.005,0.000,14.5
2026-08-04T09:56:21.038720,481,0.301,0.005,0.000,103.0
2026-08-04T09:56:21.092407,482,0.291,0.006,0.000,19.3
2026-08-04T09:56:21.199790,483,0.075,0.008,0.000,9.4
2026-08-04T09:56:21.211696,484,0.065,0.008,0.000,94.0
2026-08-04T09:56:21.256853,485,0.066,0.007,0.000,22.6
2026-08-04T09:56:21.324488,486,0.059,0.008,0.000,15.0
2026-08-04T09:56:21.357327,487,0.065,0.009,0.000,31.4
2026-08-04T09:56:21.394522,488,0.058,0.009,0.000,27.4
2026-08-04T09:56:21.490481,489,0.055,0.010,0.000,10.5
2026-08-04T09:56:21.501645,490,0.054,0.010,0.000,95.8
2026-08-04T09:56:21.556332,491,0.055,0.010,0.000,18.5
2026-08-04T09:56:21.619683,492,0.055,0.009,0.000,16.1
2026-08-04T09:56:21.628391,493,0.054,0.009,0.000,125.6
2026-08-04T09:56:21.690980,494,0.042,0.009,0.000,16.1
2026-08-04T09:56:21.757813,495,0.043,0.009,0.000,15.5
2026-08-04T09:56:21.790562,496,0.043,0.009,0.000,31.5
2026-08-04T09:56:21.824664,497,0.045,0.010,0.000,30.4
2026-08-04T09:56:21.922702,498,0.047,0.008,0.000,10.3
2026-08-04T09:56:21.936420,499,0.052,0.008,0.000,80.6
2026-08-04T09:56:21.988000,500,0.055,0.008,0.000,19.7
2026-08-04T09:56:22.055449,501,0.051,0.010,0.000,15.1
2026-08-04T09:56:22.090926,502,0.052,0.010,0.000,28.8
2026-08-04T09:56:22.121743,503,0.052,0.009,0.000,33.7
2026-08-04T09:56:22.192439,504,0.051,0.009,0.000,14.4
2026-08-04T09:56:22.205222,505,0.054,0.009,0.000,94.5
2026-08-04T09:56:22.257306,506,0.052,0.008,0.000,19.5
2026-08-04T09:56:22.351703,507,0.044,0.009,0.000,10.7
2026-08-04T09:56:22.363916,508,0.047,0.009,0.000,95.8
2026-08-04T09:56:22.421827,509,0.050,0.011,0.000,17.6
2026-08-04T09:56:22.490993,510,0.050,0.010,0.000,14.7
2026-08-04T09:56:22.520610,511,0.053,0.010,0.000,34.8
2026-08-04T09:56:22.558014,512,0.053,0.009,0.000,27.5
2026-08-04T09:56:22.651882,513,0.052,0.007,0.000,10.8
2026-08-04T09:56:22.661820,514,0.051,0.008,0.000,108.7
2026-08-04T09:56:22.720757,515,0.049,0.008,0.000,17.8
2026-08-04T09:56:22.784337,516,0.047,0.008,0.000,16.0
2026-08-04T09:56:22.794365,517,0.048,0.008,0.000,107.6
2026-08-04T09:56:22.852128,518,0.051,0.008,0.000,18.0
2026-08-04T09:56:22.919563,519,0.050,0.007,0.000,15.1
2026-08-04T09:56:22.954536,520,0.047,0.008,0.000,29.2
2026-08-04T09:56:22.988726,521,0.050,0.008,0.000,31.5
2026-08-04T09:56:23.083996,522,0.054,0.008,0.000,10.6
2026-08-04T09:56:23.095478,523,0.051,0.008,0.000,93.7
2026-08-04T09:56:23.153541,524,0.051,0.008,0.000,17.4
2026-08-04T09:56:23.226302,525,0.050,0.008,0.000,14.0
2026-08-04T09:56:23.253330,526,0.055,0.008,0.000,38.1
2026-08-04T09:56:23.286451,527,0.055,0.008,0.000,31.2
2026-08-04T09:56:23.352788,528,0.053,0.008,0.000,15.4
2026-08-04T09:56:23.367247,529,0.056,0.008,0.000,72.9
2026-08-04T09:56:23.421733,530,0.052,0.008,0.000,18.7
2026-08-04T09:56:23.516216,531,0.058,0.007,0.000,10.7
2026-08-04T09:56:23.527410,532,0.051,0.007,0.000,96.0
2026-08-04T09:56:23.585436,533,0.054,0.008,0.000,17.5
2026-08-04T09:56:23.650936,534,0.056,0.008,0.000,15.5
2026-08-04T09:56:23.687377,535,0.052,0.009,0.000,28.0
2026-08-04T09:56:23.721705,536,0.055,0.008,0.000,30.3
2026-08-04T09:56:23.815945,537,0.055,0.009,0.000,10.7
2026-08-04T09:56:23.828006,538,0.058,0.009,0.000,96.7
2026-08-04T09:56:23.885876,539,0.057,0.009,0.000,17.6
2026-08-04T09:56:23.958225,540,0.057,0.009,0.000,14.0
2026-08-04T09:56:23.967778,541,0.052,0.009,0.000,114.1
2026-08-04T09:56:24.018373,542,0.053,0.008,0.000,20.7
2026-08-04T09:56:24.084928,543,0.053,0.008,0.000,15.3
2026-08-04T09:56:24.117156,544,0.050,0.008,0.000,31.8
2026-08-04T09:56:24.152417,545,0.051,0.008,0.000,29.5
2026-08-04T09:56:24.247507,546,0.052,0.008,0.000,10.6
2026-08-04T09:56:24.258813,547,0.051,0.008,0.000,95.2
2026-08-04T09:56:24.317663,548,0.051,0.009,0.000,17.2
2026-08-04T09:56:24.385994,549,0.052,0.009,0.000,14.8
2026-08-04T09:56:24.415188,550,0.052,0.009,0.000,35.1
2026-08-04T09:56:24.451362,551,0.056,0.009,0.000,28.4
2026-08-04T09:56:24.516787,552,0.054,0.009,0.000,15.6
2026-08-04T09:56:24.529265,553,0.053,0.010,0.000,85.5
2026-08-04T09:56:24.585053,554,0.055,0.009,0.000,18.2
2026-08-04T09:56:24.688410,555,0.056,0.010,0.000,9.8
2026-08-04T09:56:24.700992,556,0.053,0.010,0.000,89.5
2026-08-04T09:56:24.749806,557,0.051,0.010,0.000,20.9
2026-08-04T09:56:24.814669,558,0.053,0.010,0.000,15.6
2026-08-04T09:56:24.849502,559,0.049,0.011,0.000,29.4
2026-08-04T09:56:24.885062,560,0.053,0.011,0.000,28.9
2026-08-04T09:56:24.987584,561,0.052,0.010,0.000,9.9
2026-08-04T09:56:24.999903,562,0.055,0.011,0.000,87.7
2026-08-04T09:56:25.050642,563,0.045,0.011,0.000,20.2
2026-08-04T09:56:25.116328,564,0.048,0.011,0.000,15.4
2026-08-04T09:56:25.127707,565,0.052,0.011,0.000,94.5
2026-08-04T09:56:25.182323,566,0.055,0.011,0.000,18.5
2026-08-04T09:56:25.251400,567,0.066,0.011,0.000,14.8
2026-08-04T09:56:25.278658,568,0.064,0.010,0.000,37.7
2026-08-04T09:56:25.316289,569,0.064,0.010,0.000,27.3
2026-08-04T09:56:25.410450,570,0.058,0.010,0.000,10.7
2026-08-04T09:56:25.420615,571,0.057,0.010,0.000,106.1
2026-08-04T09:56:25.481282,572,0.056,0.010,0.000,17.1
2026-08-04T09:56:25.550155,573,0.060,0.010,0.000,14.8
2026-08-04T09:56:25.579086,574,0.060,0.010,0.000,35.4
2026-08-04T09:56:25.614116,575,0.059,0.009,0.000,29.1
2026-08-04T09:56:25.682934,576,0.059,0.009,0.000,14.7
2026-08-04T09:56:25.696972,577,0.060,0.010,0.000,78.4
2026-08-04T09:56:25.749673,578,0.057,0.010,0.000,19.2
2026-08-04T09:56:25.847656,579,0.064,0.009,0.000,10.3
2026-08-04T09:56:25.857691,580,0.121,0.007,0.000,107.7
2026-08-04T09:56:25.912571,581,0.204,0.007,0.000,18.5
2026-08-04T09:56:25.984734,582,0.224,0.006,0.000,14.1
2026-08-04T09:56:26.012490,583,0.258,0.006,0.000,37.1
2026-08-04T09:56:26.050763,584,0.268,0.006,0.000,26.8
2026-08-04T09:56:26.145373,585,0.285,0.006,0.000,10.7
2026-08-04T09:56:26.154192,586,0.291,0.006,0.000,123.6
2026-08-04T09:56:26.214605,587,0.291,0.006,0.000,16.8
2026-08-04T09:56:26.279006,588,0.288,0.006,0.000,15.8
2026-08-04T09:56:26.288147,589,0.291,0.006,0.000,119.5
2026-08-04T09:56:26.345485,590,0.293,0.006,0.000,18.2
2026-08-04T09:56:26.412247,591,0.297,0.006,0.000,15.2
2026-08-04T09:56:26.443124,592,0.297,0.006,0.000,33.2
2026-08-04T09:56:26.481460,593,0.298,0.006,0.000,26.8
2026-08-04T09:56:26.574559,594,0.298,0.006,0.000,10.9
2026-08-04T09:56:26.583738,595,0.298,0.006,0.000,121.0
2026-08-04T09:56:26.644553,596,0.302,0.006,0.000,17.1
2026-08-04T09:56:26.715934,597,0.300,0.006,0.000,14.2
2026-08-04T09:56:26.743596,598,0.301,0.005,0.000,37.2
2026-08-04T09:56:26.776562,599,0.300,0.005,0.000,30.9
2026-08-04T09:56:26.845329,600,0.300,0.005,0.000,14.7
2026-08-04T09:56:26.856243,601,0.298,0.005,0.000,98.3
2026-08-04T09:56:26.913533,602,0.300,0.004,0.000,17.7
2026-08-04T09:56:27.008037,603,0.303,0.004,0.000,10.7
2026-08-04T09:56:27.019345,604,0.300,0.004,0.000,95.3
2026-08-04T09:56:27.079023,605,0.300,0.004,0.000,16.9
2026-08-04T09:56:27.146428,606,0.299,0.005,0.000,15.1
2026-08-04T09:56:27.174667,607,0.297,0.005,0.000,36.4
2026-08-04T09:56:27.214743,608,0.299,0.005,0.000,25.8
2026-08-04T09:56:27.307701,609,0.296,0.005,0.000,10.9
2026-08-04T09:56:27.317795,610,0.295,0.005,0.000,110.8
2026-08-04T09:56:27.377064,611,0.269,0.006,0.000,17.5
2026-08-04T09:56:27.447403,612,0.226,0.006,0.000,14.4
2026-08-04T09:56:27.460430,613,0.135,0.010,0.000,84.9
2026-08-04T09:56:27.508997,614,0.060,0.015,0.000,20.9
2026-08-04T09:56:27.575803,615,0.049,0.014,0.000,15.2
2026-08-04T09:56:27.608381,616,0.051,0.012,0.000,31.5
2026-08-04T09:56:27.644208,617,0.051,0.014,0.000,28.5
2026-08-04T09:56:27.742116,618,0.111,0.015,0.000,10.3
2026-08-04T09:56:27.751685,619,0.117,0.016,0.000,113.2
2026-08-04T09:56:27.808999,620,0.102,0.018,0.000,17.7
2026-08-04T09:56:27.875504,621,0.128,0.014,0.000,15.2
2026-08-04T09:56:27.911226,622,0.185,0.005,0.000,28.5
2026-08-04T09:56:27.938027,623,0.000,0.000,0.000,38.4
2026-08-04T09:56:28.007642,624,0.000,0.000,0.000,14.6
2026-08-04T09:56:28.019152,625,0.000,0.000,0.000,94.8
2026-08-04T09:56:28.068154,626,0.000,0.000,0.000,21.0
2026-08-04T09:56:28.166562,627,0.000,0.000,0.000,10.3
2026-08-04T09:56:28.169345,628,0.000,0.000,0.000,498.0
2026-08-04T09:56:28.232550,629,0.000,0.000,0.000,16.0
2026-08-04T09:56:28.303349,630,0.000,0.000,0.000,14.4
2026-08-04T09:56:28.332755,631,0.000,0.000,0.000,34.8
2026-08-04T09:56:28.368580,632,0.000,0.000,0.000,29.1
2026-08-04T09:56:28.474424,633,0.000,0.000,0.000,9.5
2026-08-04T09:56:28.484634,634,0.000,0.000,0.000,106.5
2026-08-04T09:56:28.540822,635,0.000,0.000,0.000,18.2
2026-08-04T09:56:28.607105,636,0.000,0.000,0.000,15.4
2026-08-04T09:56:28.618220,637,0.000,0.000,0.000,96.4
2026-08-04T09:56:28.676581,638,0.159,0.006,0.000,17.4
2026-08-04T09:56:28.741686,639,0.158,0.005,0.000,15.6
2026-08-04T09:56:28.772948,640,0.220,0.008,0.000,32.7
2026-08-04T09:56:28.809322,641,0.219,0.010,0.000,28.0
2026-08-04T09:56:28.906929,642,0.283,0.006,0.000,10.3
2026-08-04T09:56:28.916710,643,0.273,0.003,0.000,110.8
2026-08-04T09:56:28.974088,644,0.289,0.008,0.000,17.7
2026-08-04T09:56:29.040942,645,0.290,0.012,0.000,15.2
2026-08-04T09:56:29.072711,646,0.279,0.009,0.000,32.4
2026-08-04T09:56:29.105472,647,0.284,0.009,0.000,31.3
2026-08-04T09:56:29.171243,648,0.276,0.011,0.000,15.5
2026-08-04T09:56:29.183692,649,0.292,0.011,0.000,85.3
2026-08-04T09:56:29.241108,650,0.283,0.006,0.000,17.8
2026-08-04T09:56:29.336263,651,0.287,0.007,0.000,10.6
2026-08-04T09:56:29.345196,652,0.290,0.011,0.000,121.5
2026-08-04T09:56:29.406356,653,0.292,0.009,0.000,16.6
2026-08-04T09:56:29.474504,654,0.287,0.011,0.000,14.9
2026-08-04T09:56:29.505477,655,0.281,0.010,0.000,34.4
2026-08-04T09:56:29.541789,656,0.282,0.009,0.000,28.4
2026-08-04T09:56:29.637190,657,0.279,0.011,0.000,10.6
2026-08-04T09:56:29.649028,658,0.277,0.011,0.000,89.9
2026-08-04T09:56:29.706866,659,0.283,0.014,0.000,17.5
2026-08-04T09:56:29.769043,660,0.278,0.012,0.000,16.6
2026-08-04T09:56:29.779818,661,0.278,0.010,0.000,99.5
2026-08-04T09:56:29.835744,662,0.286,0.009,0.000,18.1
2026-08-04T09:56:29.906710,663,0.290,0.007,0.000,14.3
2026-08-04T09:56:29.936985,664,0.295,0.007,0.000,33.8
2026-08-04T09:56:29.974177,665,0.294,0.007,0.000,27.4
2026-08-04T09:56:30.065521,666,0.302,0.009,0.000,11.0
2026-08-04T09:56:30.076737,667,0.301,0.008,0.000,95.7
2026-08-04T09:56:30.138074,668,0.301,0.010,0.000,16.6
2026-08-04T09:56:30.211987,669,0.301,0.009,0.000,13.8
2026-08-04T09:56:30.234202,670,0.302,0.011,0.000,46.6
2026-08-04T09:56:30.269178,671,0.308,0.013,0.000,29.3
2026-08-04T09:56:30.335628,672,0.316,0.013,0.000,15.2
2026-08-04T09:56:30.344689,673,0.319,0.013,0.000,119.6
2026-08-04T09:56:30.404343,674,0.327,0.013,0.000,17.0
2026-08-04T09:56:30.501382,675,0.325,0.013,0.000,10.4
2026-08-04T09:56:30.509977,676,0.329,0.014,0.000,129.1
2026-08-04T09:56:30.569222,677,0.329,0.014,0.000,17.2
2026-08-04T09:56:30.636048,678,0.329,0.013,0.000,15.2
2026-08-04T09:56:30.667548,679,0.325,0.013,0.000,32.5
2026-08-04T09:56:30.706796,680,0.242,0.013,0.000,26.1
2026-08-04T09:56:30.798485,681,0.095,0.013,0.000,11.0
2026-08-04T09:56:30.809286,682,0.078,0.012,0.000,98.6
2026-08-04T09:56:30.869040,683,0.123,0.011,0.000,17.0
2026-08-04T09:56:30.938917,684,0.136,0.010,0.000,14.5
2026-08-04T09:56:30.952543,685,0.161,0.008,0.000,90.2
2026-08-04T09:56:31.001593,686,0.184,0.008,0.000,20.7
2026-08-04T09:56:31.071392,687,0.194,0.007,0.000,14.5
2026-08-04T09:56:31.098697,688,0.224,0.008,0.000,37.8
2026-08-04T09:56:31.135972,689,0.238,0.007,0.000,27.4
2026-08-04T09:56:31.235337,690,0.259,0.006,0.000,10.1
2026-08-04T09:56:31.248735,691,0.265,0.007,0.000,78.7
2026-08-04T09:56:31.300711,692,0.272,0.006,0.000,19.6
2026-08-04T09:56:31.368921,693,0.277,0.006,0.000,14.8
2026-08-04T09:56:31.402096,694,0.280,0.006,0.000,30.9
2026-08-04T09:56:31.433587,695,0.282,0.006,0.000,32.7
2026-08-04T09:56:31.504401,696,0.287,0.006,0.000,14.3
2026-08-04T09:56:31.513604,697,0.287,0.009,0.000,120.0
2026-08-04T09:56:31.569091,698,0.290,0.008,0.000,18.9
2026-08-04T09:56:31.670417,699,0.293,0.008,0.000,10.0
2026-08-04T09:56:31.682304,700,0.298,0.010,0.000,94.8
2026-08-04T09:56:31.733333,701,0.300,0.009,0.000,20.0
2026-08-04T09:56:31.803164,702,0.301,0.008,0.000,14.5
2026-08-04T09:56:31.832093,703,0.304,0.008,0.000,35.6
2026-08-04T09:56:31.870925,704,0.304,0.008,0.000,26.7
2026-08-04T09:56:31.969567,705,0.305,0.009,0.000,10.3
2026-08-04T09:56:31.978662,706,0.302,0.009,0.000,120.0
2026-08-04T09:56:32.034406,707,0.301,0.008,0.000,18.2
2026-08-04T09:56:32.099963,708,0.298,0.008,0.000,15.6
2026-08-04T09:56:32.112116,709,0.298,0.008,0.000,88.0
2026-08-04T09:56:32.163859,710,0.296,0.007,0.000,19.7
2026-08-04T09:56:32.238025,711,0.297,0.007,0.000,13.6
2026-08-04T09:56:32.262791,712,0.297,0.007,0.000,41.6
2026-08-04T09:56:32.301087,713,0.296,0.007,0.000,26.7
2026-08-04T09:56:32.398417,714,0.296,0.007,0.000,10.4
2026-08-04T09:56:32.410008,715,0.295,0.008,0.000,93.2
2026-08-04T09:56:32.467070,716,0.296,0.008,0.000,17.9
2026-08-04T09:56:32.535477,717,0.296,0.008,0.000,14.8
2026-08-04T09:56:32.565057,718,0.297,0.008,0.000,34.7
2026-08-04T09:56:32.599001,719,0.297,0.008,0.000,30.8
2026-08-04T09:56:32.667795,720,0.298,0.008,0.000,14.9
2026-08-04T09:56:32.677031,721,0.297,0.008,0.000,117.3
2026-08-04T09:56:32.734434,722,0.297,0.007,0.000,17.6
2026-08-04T09:56:32.830328,723,0.294,0.007,0.000,10.5
2026-08-04T09:56:32.839948,724,0.294,0.007,0.000,112.6
2026-08-04T09:56:32.896912,725,0.296,0.007,0.000,17.8
2026-08-04T09:56:32.969970,726,0.295,0.007,0.000,13.9
2026-08-04T09:56:32.994322,727,0.291,0.008,0.000,42.5
2026-08-04T09:56:33.034461,728,0.294,0.008,0.000,25.4
2026-08-04T09:56:33.133649,729,0.294,0.008,0.000,10.2
2026-08-04T09:56:33.144704,730,0.295,0.007,0.000,98.4
2026-08-04T09:56:33.198718,731,0.296,0.008,0.000,18.9
2026-08-04T09:56:33.262975,732,0.298,0.008,0.000,15.8
2026-08-04T09:56:33.274810,733,0.293,0.008,0.000,89.9
2026-08-04T09:56:33.329822,734,0.294,0.008,0.000,18.5
2026-08-04T09:56:33.401875,735,0.296,0.008,0.000,14.1
2026-08-04T09:56:33.426381,736,0.297,0.007,0.000,42.1
2026-08-04T09:56:33.467814,737,0.296,0.007,0.000,24.5
2026-08-04T09:56:33.562553,738,0.300,0.007,0.000,10.7
2026-08-04T09:56:33.573554,739,0.301,0.006,0.000,97.4
2026-08-04T09:56:33.629647,740,0.303,0.007,0.000,18.1
2026-08-04T09:56:33.701873,741,0.303,0.006,0.000,14.0
2026-08-04T09:56:33.726847,742,0.303,0.005,0.000,42.1
2026-08-04T09:56:33.762984,743,0.307,0.005,0.000,28.2
2026-08-04T09:56:33.828636,744,0.309,0.005,0.000,15.4
2026-08-04T09:56:33.838315,745,0.307,0.005,0.000,111.5
2026-08-04T09:56:33.897386,746,0.307,0.005,0.000,17.1
2026-08-04T09:56:33.995985,747,0.309,0.006,0.000,10.2
2026-08-04T09:56:34.004830,748,0.309,0.006,0.000,125.9
2026-08-04T09:56:34.062019,749,0.308,0.006,0.000,17.7
2026-08-04T09:56:34.132456,750,0.308,0.006,0.000,14.4
2026-08-04T09:56:34.159169,751,0.309,0.007,0.000,38.6
2026-08-04T09:56:34.199811,752,0.308,0.007,0.000,25.4
2026-08-04T09:56:34.290067,753,0.300,0.007,0.000,11.2
2026-08-04T09:56:34.299607,754,0.303,0.007,0.000,113.3
2026-08-04T09:56:34.362745,755,0.300,0.007,0.000,16.0
2026-08-04T09:56:34.424831,756,0.301,0.006,0.000,16.4
2026-08-04T09:56:34.434135,757,0.303,0.007,0.000,117.3
2026-08-04T09:56:34.494832,758,0.306,0.007,0.000,16.9
2026-08-04T09:56:34.566460,759,0.308,0.007,0.000,14.1
2026-08-04T09:56:34.589279,760,0.308,0.007,0.000,45.5
2026-08-04T09:56:34.627825,761,0.307,0.007,0.000,26.4
2026-08-04T09:56:34.729621,762,0.308,0.006,0.000,9.9
2026-08-04T09:56:34.738980,763,0.309,0.006,0.000,116.5
2026-08-04T09:56:34.792121,764,0.274,0.007,0.000,19.1
2026-08-04T09:56:34.859506,765,0.205,0.008,0.000,15.0
2026-08-04T09:56:34.892453,766,0.104,0.009,0.000,31.0
2026-08-04T09:56:34.927047,767,0.087,0.009,0.000,29.5
2026-08-04T09:56:34.995427,768,0.086,0.010,0.000,14.9
2026-08-04T09:56:35.004555,769,0.075,0.010,0.000,119.0
2026-08-04T09:56:35.061281,770,0.074,0.010,0.000,17.9
2026-08-04T09:56:35.157627,771,0.073,0.010,0.000,10.5
2026-08-04T09:56:35.167683,772,0.080,0.010,0.000,109.3
2026-08-04T09:56:35.225173,773,0.081,0.011,0.000,17.6
2026-08-04T09:56:35.296643,774,0.081,0.011,0.000,14.2
2026-08-04T09:56:35.323174,775,0.182,0.011,0.000,39.2
2026-08-04T09:56:35.361897,776,0.205,0.010,0.000,26.7
2026-08-04T09:56:35.467777,777,0.247,0.008,0.000,9.5
2026-08-04T09:56:35.477236,778,0.268,0.007,0.000,114.2
2026-08-04T09:56:35.524427,779,0.280,0.007,0.000,21.6
2026-08-04T09:56:35.591943,780,0.290,0.007,0.000,15.0
2026-08-04T09:56:35.601416,781,0.289,0.006,0.000,114.0
2026-08-04T09:56:35.657011,782,0.298,0.007,0.000,18.2
2026-08-04T09:56:35.731448,783,0.302,0.007,0.000,13.7
2026-08-04T09:56:35.756089,784,0.303,0.007,0.000,41.8
2026-08-04T09:56:35.795160,785,0.305,0.007,0.000,26.0
2026-08-04T09:56:35.889625,786,0.306,0.007,0.000,10.7
2026-08-04T09:56:35.902553,787,0.307,0.007,0.000,82.0
2026-08-04T09:56:35.958472,788,0.310,0.007,0.000,18.3
2026-08-04T09:56:36.029206,789,0.313,0.007,0.000,14.3
2026-08-04T09:56:36.053747,790,0.319,0.007,0.000,42.0
2026-08-04T09:56:36.089737,791,0.320,0.007,0.000,28.4
2026-08-04T09:56:36.156923,792,0.320,0.007,0.000,15.2
2026-08-04T09:56:36.166702,793,0.320,0.007,0.000,113.8
2026-08-04T09:56:36.226141,794,0.325,0.007,0.000,17.1
2026-08-04T09:56:36.319100,795,0.325,0.007,0.000,10.9
2026-08-04T09:56:36.332266,796,0.325,0.007,0.000,80.6
2026-08-04T09:56:36.389850,797,0.322,0.007,0.000,17.8
2026-08-04T09:56:36.464137,798,0.321,0.006,0.000,13.6
2026-08-04T09:56:36.486073,799,0.320,0.007,0.000,49.1
2026-08-04T09:56:36.524564,800,0.319,0.007,0.000,26.5
2026-08-04T09:56:36.617715,801,0.318,0.007,0.000,10.8
2026-08-04T09:56:36.628658,802,0.314,0.007,0.000,98.8
2026-08-04T09:56:36.690761,803,0.310,0.007,0.000,16.3
2026-08-04T09:56:36.756556,804,0.310,0.007,0.000,15.6
2026-08-04T09:56:36.768603,805,0.310,0.006,0.000,88.9
2026-08-04T09:56:36.822169,806,0.310,0.006,0.000,19.0
2026-08-04T09:56:36.894505,807,0.311,0.007,0.000,14.1
2026-08-04T09:56:36.919891,808,0.310,0.007,0.000,40.6
2026-08-04T09:56:36.958506,809,0.310,0.007,0.000,26.5
2026-08-04T09:56:37.053999,810,0.311,0.006,0.000,10.6
2026-08-04T09:56:37.063013,811,0.312,0.007,0.000,122.1
2026-08-04T09:56:37.120975,812,0.311,0.007,0.000,17.5
2026-08-04T09:56:37.195950,813,0.311,0.007,0.000,13.5
2026-08-04T09:56:37.220777,814,0.311,0.007,0.000,42.7
2026-08-04T09:56:37.254580,815,0.312,0.007,0.000,30.7
2026-08-04T09:56:37.320766,816,0.312,0.006,0.000,15.3
2026-08-04T09:56:37.330112,817,0.310,0.007,0.000,118.4
2026-08-04T09:56:37.390213,818,0.307,0.006,0.000,16.9
2026-08-04T09:56:37.491070,819,0.307,0.006,0.000,10.0
2026-08-04T09:56:37.502109,820,0.299,0.006,0.000,98.1
2026-08-04T09:56:37.554194,821,0.293,0.006,0.000,19.4
2026-08-04T09:56:37.625504,822,0.292,0.007,0.000,14.2
2026-08-04T09:56:37.652855,823,0.290,0.006,0.000,37.7
2026-08-04T09:56:37.687833,824,0.236,0.007,0.000,29.2
2026-08-04T09:56:37.788138,825,0.123,0.007,0.000,10.0
2026-08-04T09:56:37.797835,826,0.107,0.008,0.000,113.8
2026-08-04T09:56:37.851745,827,0.120,0.008,0.000,18.8
2026-08-04T09:56:37.918915,828,0.122,0.008,0.000,15.1
2026-08-04T09:56:37.929874,829,0.139,0.007,0.000,97.9
2026-08-04T09:56:37.984872,830,0.143,0.010,0.000,18.4
2026-08-04T09:56:38.058626,831,0.138,0.010,0.000,13.8
2026-08-04T09:56:38.083696,832,0.140,0.010,0.000,41.1
2026-08-04T09:56:38.120724,833,0.146,0.010,0.000,27.5
2026-08-04T09:56:38.218663,834,0.196,0.009,0.000,10.3
2026-08-04T09:56:38.228371,835,0.215,0.009,0.000,111.7
2026-08-04T09:56:38.286441,836,0.234,0.008,0.000,17.7
2026-08-04T09:56:38.353834,837,0.243,0.008,0.000,15.0
2026-08-04T09:56:38.384288,838,0.257,0.007,0.000,33.7
2026-08-04T09:56:38.418516,839,0.262,0.008,0.000,30.0
2026-08-04T09:56:38.491412,840,0.266,0.007,0.000,13.9
2026-08-04T09:56:38.503028,841,0.270,0.007,0.000,92.6
2026-08-04T09:56:38.553414,842,0.272,0.007,0.000,20.1
2026-08-04T09:56:38.648688,843,0.276,0.007,0.000,10.6
2026-08-04T09:56:38.659992,844,0.276,0.007,0.000,94.9
2026-08-04T09:56:38.717780,845,0.125,0.008,0.000,17.7
2026-08-04T09:56:38.783710,846,0.077,0.008,0.000,15.3
2026-08-04T09:56:38.818311,847,0.043,0.008,0.000,29.5
2026-08-04T09:56:38.854457,848,0.046,0.009,0.000,28.5
2026-08-04T09:56:38.955114,849,0.064,0.009,0.000,10.0
2026-08-04T09:56:38.968653,850,0.063,0.009,0.000,82.8
2026-08-04T09:56:39.017725,851,0.066,0.009,0.000,20.7
2026-08-04T09:56:39.085467,852,0.070,0.009,0.000,14.9
2026-08-04T09:56:39.096605,853,0.067,0.010,0.000,96.3
2026-08-04T09:56:39.151410,854,0.066,0.011,0.000,19.1
2026-08-04T09:56:39.222572,855,0.077,0.011,0.000,14.3
2026-08-04T09:56:39.246312,856,0.077,0.012,0.000,43.4
2026-08-04T09:56:39.284610,857,0.078,0.012,0.000,26.7
2026-08-04T09:56:39.383239,858,0.082,0.012,0.000,10.3
2026-08-04T09:56:39.393431,859,0.078,0.012,0.000,106.9
2026-08-04T09:56:39.451945,860,0.079,0.013,0.000,17.7
2026-08-04T09:56:39.519632,861,0.078,0.013,0.000,14.9
2026-08-04T09:56:39.548932,862,0.076,0.011,0.000,35.1
2026-08-04T09:56:39.581588,863,0.075,0.011,0.000,32.1
2026-08-04T09:56:39.649361,864,0.077,0.011,0.000,14.9
2026-08-04T09:56:39.660564,865,0.074,0.011,0.000,95.3
2026-08-04T09:56:39.719408,866,0.079,0.010,0.000,17.2
2026-08-04T09:56:39.818275,867,0.082,0.011,0.000,10.2
2026-08-04T09:56:39.830015,868,0.085,0.011,0.000,90.9
2026-08-04T09:56:39.882117,869,0.080,0.011,0.000,19.6
2026-08-04T09:56:39.955530,870,0.078,0.010,0.000,13.8
2026-08-04T09:56:39.981231,871,0.086,0.011,0.000,41.1
2026-08-04T09:56:40.017732,872,0.084,0.011,0.000,28.5
2026-08-04T09:56:40.116643,873,0.095,0.011,0.000,10.3
2026-08-04T09:56:40.126144,874,0.091,0.010,0.000,114.2
2026-08-04T09:56:40.180614,875,0.081,0.010,0.000,18.7
2026-08-04T09:56:40.248945,876,0.083,0.011,0.000,14.8
2026-08-04T09:56:40.260306,877,0.083,0.011,0.000,94.3
2026-08-04T09:56:40.313683,878,0.084,0.011,0.000,19.0
2026-08-04T09:56:40.382635,879,0.083,0.011,0.000,14.7
2026-08-04T09:56:40.411302,880,0.084,0.011,0.000,35.8
2026-08-04T09:56:40.449593,881,0.086,0.011,0.000,26.6
2026-08-04T09:56:40.546182,882,0.093,0.011,0.000,10.5
2026-08-04T09:56:40.555325,883,0.085,0.011,0.000,119.3
2026-08-04T09:56:40.613476,884,0.083,0.011,0.000,17.6
2026-08-04T09:56:40.680026,885,0.085,0.011,0.000,15.3
2026-08-04T09:56:40.712371,886,0.089,0.011,0.000,31.6
2026-08-04T09:56:40.745643,887,0.089,0.011,0.000,30.7
2026-08-04T09:56:40.814938,888,0.089,0.011,0.000,14.6
2026-08-04T09:56:40.826525,889,0.083,0.011,0.000,92.7
2026-08-04T09:56:40.881306,890,0.083,0.010,0.000,18.5
2026-08-04T09:56:40.982793,891,0.085,0.010,0.000,10.0
2026-08-04T09:56:40.993912,892,0.083,0.012,0.000,96.3
2026-08-04T09:56:41.045654,893,0.089,0.011,0.000,19.6
2026-08-04T09:56:41.117298,894,0.083,0.012,0.000,14.1
2026-08-04T09:56:41.144192,895,0.080,0.011,0.000,38.3
2026-08-04T09:56:41.182475,896,0.085,0.010,0.000,26.6
2026-08-04T09:56:41.278338,897,0.086,0.011,0.000,10.5
2026-08-04T09:56:41.290830,898,0.082,0.012,0.000,84.6
2026-08-04T09:56:41.344703,899,0.081,0.011,0.000,19.2
2026-08-04T09:56:41.411236,900,0.084,0.011,0.000,15.3
2026-08-04T09:56:41.420248,901,0.090,0.011,0.000,120.1
2026-08-04T09:56:41.478594,902,0.088,0.011,0.000,17.4
2026-08-04T09:56:41.548176,903,0.086,0.011,0.000,14.6
2026-08-04T09:56:41.575999,904,0.092,0.011,0.000,37.0
2026-08-04T09:56:41.613309,905,0.096,0.011,0.000,27.4
2026-08-04T09:56:41.713636,906,0.099,0.011,0.000,10.1
2026-08-04T09:56:41.726177,907,0.092,0.010,0.000,92.6
2026-08-04T09:56:41.776388,908,0.091,0.010,0.000,20.3
2026-08-04T09:56:41.849710,909,0.100,0.010,0.000,13.8
2026-08-04T09:56:41.875322,910,0.087,0.010,0.000,40.1
2026-08-04T09:56:41.909505,911,0.089,0.010,0.000,29.9
2026-08-04T09:56:41.981082,912,0.093,0.010,0.000,14.2
2026-08-04T09:56:41.993535,913,0.093,0.010,0.000,85.1
2026-08-04T09:56:42.045101,914,0.098,0.010,0.000,19.9
2026-08-04T09:56:42.137656,915,0.097,0.010,0.000,10.9
2026-08-04T09:56:42.145985,916,0.094,0.011,0.000,131.4
2026-08-04T09:56:42.210076,917,0.085,0.011,0.000,15.8
2026-08-04T09:56:42.275122,918,0.087,0.011,0.000,15.6
2026-08-04T09:56:42.310726,919,0.086,0.011,0.000,28.7
2026-08-04T09:56:42.345951,920,0.082,0.012,0.000,29.1
2026-08-04T09:56:42.442231,921,0.078,0.010,0.000,10.5
2026-08-04T09:56:42.454297,922,0.083,0.010,0.000,93.2
2026-08-04T09:56:42.508323,923,0.082,0.011,0.000,18.9
2026-08-04T09:56:42.571402,924,0.081,0.011,0.000,16.0
2026-08-04T09:56:42.582367,925,0.074,0.012,0.000,96.9
2026-08-04T09:56:42.640637,926,0.047,0.010,0.000,17.3
2026-08-04T09:56:42.714915,927,0.044,0.010,0.000,13.6
2026-08-04T09:56:42.737694,928,0.047,0.010,0.000,45.4
2026-08-04T09:56:42.777447,929,0.054,0.010,0.000,25.6
2026-08-04T09:56:42.873092,930,0.063,0.010,0.000,10.5
2026-08-04T09:56:42.882723,931,0.065,0.010,0.000,113.6
2026-08-04T09:56:42.943106,932,0.074,0.010,0.000,16.8
2026-08-04T09:56:43.008414,933,0.074,0.010,0.000,15.6
2026-08-04T09:56:43.041093,934,0.072,0.009,0.000,31.2
2026-08-04T09:56:43.072152,935,0.072,0.010,0.000,33.3
2026-08-04T09:56:43.138737,936,0.069,0.009,0.000,15.2
2026-08-04T09:56:43.148400,937,0.068,0.009,0.000,112.4
2026-08-04T09:56:43.211148,938,0.071,0.010,0.000,16.4
2026-08-04T09:56:43.302329,939,0.076,0.010,0.000,11.1
2026-08-04T09:56:43.311393,940,0.069,0.010,0.000,119.6
2026-08-04T09:56:43.372389,941,0.064,0.010,0.000,16.7
2026-08-04T09:56:43.445803,942,0.063,0.010,0.000,13.8
2026-08-04T09:56:43.469570,943,0.067,0.010,0.000,44.7
2026-08-04T09:56:43.509853,944,0.066,0.010,0.000,25.3
2026-08-04T09:56:43.603432,945,0.078,0.009,0.000,10.8
2026-08-04T09:56:43.613706,946,0.075,0.009,0.000,103.9
2026-08-04T09:56:43.674386,947,0.085,0.009,0.000,16.7
2026-08-04T09:56:43.735441,948,0.081,0.010,0.000,16.7
2026-08-04T09:56:43.744586,949,0.085,0.009,0.000,118.0
2026-08-04T09:56:43.805968,950,0.082,0.009,0.000,16.5
2026-08-04T09:56:43.872214,951,0.085,0.009,0.000,15.3
2026-08-04T09:56:43.904967,952,0.082,0.009,0.000,31.4
2026-08-04T09:56:43.944220,953,0.088,0.009,0.000,26.0
2026-08-04T09:56:44.036838,954,0.090,0.009,0.000,10.9
2026-08-04T09:56:44.046004,955,0.097,0.009,0.000,118.4
2026-08-04T09:56:44.105824,956,0.097,0.010,0.000,16.9
2026-08-04T09:56:44.174281,957,0.093,0.010,0.000,14.8
2026-08-04T09:56:44.202976,958,0.090,0.010,0.000,35.9
2026-08-04T09:56:44.237780,959,0.087,0.009,0.000,29.4
2026-08-04T09:56:44.304930,960,0.078,0.010,0.000,15.2
2026-08-04T09:56:44.313849,961,0.075,0.010,0.000,124.4
2026-08-04T09:56:44.373119,962,0.074,0.010,0.000,17.5
2026-08-04T09:56:44.478911,963,0.172,0.008,0.000,9.5
2026-08-04T09:56:44.489912,964,0.219,0.008,0.000,97.3
2026-08-04T09:56:44.537751,965,0.263,0.007,0.000,21.2
2026-08-04T09:56:44.604010,966,0.279,0.007,0.000,15.3
2026-08-04T09:56:44.637179,967,0.284,0.006,0.000,30.8
2026-08-04T09:56:44.672967,968,0.298,0.006,0.000,28.4
2026-08-04T09:56:44.770574,969,0.311,0.007,0.000,10.3
2026-08-04T09:56:44.780954,970,0.320,0.007,0.000,102.5
2026-08-04T09:56:44.836647,971,0.332,0.008,0.000,18.2
2026-08-04T09:56:44.898048,972,0.329,0.008,0.000,16.5
2026-08-04T09:56:44.908247,973,0.332,0.007,0.000,106.2
2026-08-04T09:56:44.971070,974,0.333,0.008,0.000,16.2
2026-08-04T09:56:45.035997,975,0.334,0.008,0.000,15.6
2026-08-04T09:56:45.068592,976,0.331,0.009,0.000,31.5
2026-08-04T09:56:45.106965,977,0.333,0.008,0.000,26.6
2026-08-04T09:56:45.209605,978,0.333,0.008,0.000,9.8
2026-08-04T09:56:45.219300,979,0.334,0.009,0.000,111.9
2026-08-04T09:56:45.269084,980,0.332,0.009,0.000,20.4
2026-08-04T09:56:45.339682,981,0.333,0.008,0.000,14.4
2026-08-04T09:56:45.367055,982,0.334,0.008,0.000,37.5
2026-08-04T09:56:45.402009,983,0.333,0.008,0.000,29.3
2026-08-04T09:56:45.477788,984,0.333,0.008,0.000,13.4
2026-08-04T09:56:45.487243,985,0.335,0.008,0.000,113.2
2026-08-04T09:56:45.537233,986,0.321,0.009,0.000,21.0
2026-08-04T09:56:45.603132,987,0.246,0.009,0.000,15.4
2026-08-04T09:56:45.613699,988,0.124,0.010,0.000,101.8
2026-08-04T09:56:45.669600,989,0.100,0.010,0.000,18.1
2026-08-04T09:56:45.737957,990,0.139,0.010,0.000,14.8
2026-08-04T09:56:45.749098,991,0.172,0.009,0.000,95.9
2026-08-04T09:56:45.800839,992,0.193,0.008,0.000,19.6
2026-08-04T09:56:45.869172,993,0.207,0.008,0.000,14.9
2026-08-04T09:56:45.900779,994,0.240,0.008,0.000,32.4
2026-08-04T09:56:45.937492,995,0.249,0.008,0.000,27.8
2026-08-04T09:56:46.032663,996,0.267,0.007,0.000,10.6
2026-08-04T09:56:46.044416,997,0.281,0.008,0.000,90.5
2026-08-04T09:56:46.101458,998,0.288,0.008,0.000,17.9
2026-08-04T09:56:46.168242,999,0.288,0.008,0.000,15.1
2026-08-04T09:56:46.179338,1000,0.288,0.007,0.000,96.4
2026-08-04T09:56:46.234186,1001,0.289,0.007,0.000,18.5
2026-08-04T09:56:46.302873,1002,0.291,0.007,0.000,14.8
2026-08-04T09:56:46.333095,1003,0.291,0.007,0.000,33.9
2026-08-04T09:56:46.370906,1004,0.292,0.006,0.000,26.9
2026-08-04T09:56:46.477885,1005,0.295,0.006,0.000,9.4
2026-08-04T09:56:46.487404,1006,0.296,0.006,0.000,116.1
2026-08-04T09:56:46.533867,1007,0.298,0.006,0.000,22.4
2026-08-04T09:56:46.598155,1008,0.303,0.007,0.000,15.8
2026-08-04T09:56:46.607954,1009,0.305,0.007,0.000,110.1
2026-08-04T09:56:46.664374,1010,0.306,0.007,0.000,18.0
2026-08-04T09:56:46.734743,1011,0.305,0.007,0.000,14.4
2026-08-04T09:56:46.745572,1012,0.306,0.007,0.000,100.0
2026-08-04T09:56:46.800207,1013,0.339,0.008,0.000,18.5
2026-08-04T09:56:46.895794,1014,0.363,0.011,0.000,10.6
2026-08-04T09:56:46.904939,1015,0.367,0.011,0.000,120.1
2026-08-04T09:56:46.967583,1016,0.368,0.012,0.000,16.5
2026-08-04T09:56:47.031287,1017,0.371,0.014,0.000,16.0
2026-08-04T09:56:47.064099,1018,0.367,0.013,0.000,31.1
2026-08-04T09:56:47.101093,1019,0.367,0.014,0.000,27.6
2026-08-04T09:56:47.200742,1020,0.368,0.012,0.000,10.1
2026-08-04T09:56:47.212828,1021,0.370,0.014,0.000,91.7
2026-08-04T09:56:47.266246,1022,0.370,0.015,0.000,19.0
2026-08-04T09:56:47.326569,1023,0.370,0.015,0.000,16.8
2026-08-04T09:56:47.337184,1024,0.370,0.014,0.000,101.1
2026-08-04T09:56:47.397638,1025,0.327,0.013,0.000,16.7
2026-08-04T09:56:47.468631,1026,0.206,0.012,0.000,14.3
2026-08-04T09:56:47.496382,1027,0.249,0.011,0.000,37.9
2026-08-04T09:56:47.534396,1028,0.268,0.011,0.000,27.1
2026-08-04T09:56:47.627821,1029,0.297,0.010,0.000,10.8
2026-08-04T09:56:47.637435,1030,0.310,0.013,0.000,112.6
2026-08-04T09:56:47.699001,1031,0.343,0.017,0.000,16.4
2026-08-04T09:56:47.764926,1032,0.361,0.020,0.000,15.5
2026-08-04T09:56:47.776638,1033,0.392,0.020,0.000,90.7
2026-08-04T09:56:47.829652,1034,0.356,0.025,0.000,19.2
2026-08-04T09:56:47.898194,1035,0.351,0.021,0.000,14.8
2026-08-04T09:56:47.909242,1036,0.336,0.027,0.000,96.8
2026-08-04T09:56:47.966753,1037,0.385,0.014,0.000,17.6
2026-08-04T09:56:48.059799,1038,0.413,0.036,0.000,10.9
2026-08-04T09:56:48.071184,1039,0.375,0.039,0.000,93.5
2026-08-04T09:56:48.129980,1040,0.405,0.047,0.000,17.3
2026-08-04T09:56:48.204499,1041,0.453,0.021,0.000,13.6
2026-08-04T09:56:48.225987,1042,0.000,0.000,0.000,49.0
2026-08-04T09:56:48.261975,1043,0.000,0.000,0.000,28.7
2026-08-04T09:56:48.360860,1044,0.000,0.000,0.000,10.2
2026-08-04T09:56:48.370911,1045,0.000,0.000,0.000,107.2
2026-08-04T09:56:48.427842,1046,0.000,0.000,0.000,17.9
2026-08-04T09:56:48.496981,1047,0.000,0.000,0.000,14.7
2026-08-04T09:56:48.505355,1048,0.000,0.000,0.000,132.1
2026-08-04T09:56:48.561098,1049,0.000,0.000,0.000,18.4
2026-08-04T09:56:48.630846,1050,0.000,0.000,0.000,14.7
2026-08-04T09:56:48.661901,1051,0.000,0.000,0.000,33.0
2026-08-04T09:56:48.698669,1052,0.000,0.000,0.000,28.3
2026-08-04T09:56:48.791399,1053,0.000,0.000,0.000,10.9
2026-08-04T09:56:48.799353,1054,0.000,0.000,0.000,137.5
2026-08-04T09:56:48.861278,1055,0.000,0.000,0.000,16.4
2026-08-04T09:56:48.928107,1056,0.000,0.000,0.000,15.3
2026-08-04T09:56:48.938133,1057,0.000,0.000,0.000,109.7
2026-08-04T09:56:48.993013,1058,0.000,0.000,0.000,18.5
2026-08-04T09:56:49.057693,1059,0.000,0.000,0.000,15.7
2026-08-04T09:56:49.066821,1060,0.000,0.000,0.000,121.1
2026-08-04T09:56:49.128691,1061,0.000,0.000,0.000,16.5
2026-08-04T09:56:49.226921,1062,0.000,0.000,0.000,10.3
2026-08-04T09:56:49.236097,1063,0.000,0.000,0.000,118.8
2026-08-04T09:56:49.294772,1064,0.408,0.331,0.000,17.5
2026-08-04T09:56:49.358212,1065,0.000,0.000,0.000,16.0
2026-08-04T09:56:49.383860,1066,0.000,0.000,0.000,40.1
2026-08-04T09:56:49.421178,1067,0.000,0.000,0.000,27.4
2026-08-04T09:56:49.515812,1068,0.000,0.000,0.000,10.7
2026-08-04T09:56:49.518454,1069,0.000,0.000,0.000,512.8
2026-08-04T09:56:49.551984,1070,0.000,0.000,0.000,30.4
2026-08-04T09:56:49.615472,1071,0.000,0.000,0.000,16.0
2026-08-04T09:56:49.617980,1072,0.000,0.000,0.000,543.8
2026-08-04T09:56:49.652194,1073,0.000,0.000,0.000,29.8
2026-08-04T09:56:49.761189,1074,0.000,0.000,0.000,9.3
2026-08-04T09:56:49.769219,1075,0.000,0.000,0.000,137.0
2026-08-04T09:56:49.825652,1076,0.000,0.000,0.000,18.1
2026-08-04T09:56:49.893099,1077,0.000,0.000,0.000,15.0
2026-08-04T09:56:49.926248,1078,0.000,0.000,0.000,30.9
2026-08-04T09:56:49.961237,1079,0.000,0.000,0.000,30.3
2026-08-04T09:56:50.061208,1080,0.299,0.012,0.000,10.1
2026-08-04T09:56:50.072582,1081,0.292,0.032,0.000,95.4
2026-08-04T09:56:50.124891,1082,0.229,0.075,0.000,19.4
2026-08-04T09:56:50.192442,1083,0.252,0.065,0.000,15.0
2026-08-04T09:56:50.206660,1084,0.252,0.065,0.000,83.9
2026-08-04T09:56:50.258584,1085,0.253,0.065,0.000,19.5
2026-08-04T09:56:50.324892,1086,0.249,0.038,0.000,15.2
2026-08-04T09:56:50.354962,1087,0.241,0.019,0.000,34.1
2026-08-04T09:56:50.393194,1088,0.247,0.036,0.000,26.8
2026-08-04T09:56:50.494064,1089,0.251,0.051,0.000,10.0
2026-08-04T09:56:50.503226,1090,0.251,0.051,0.000,118.3
2026-08-04T09:56:50.558203,1091,0.253,0.046,0.000,18.6
2026-08-04T09:56:50.624156,1092,0.252,0.041,0.000,15.4
2026-08-04T09:56:50.658785,1093,0.254,0.015,0.000,29.6
2026-08-04T09:56:50.689887,1094,0.250,0.010,0.000,33.2
2026-08-04T09:56:50.764820,1095,0.245,0.012,0.000,13.5
2026-08-04T09:56:50.776463,1096,0.239,0.017,0.000,92.0
2026-08-04T09:56:50.826385,1097,0.247,0.022,0.000,20.3
2026-08-04T09:56:50.919752,1098,0.261,0.010,0.000,10.8
2026-08-04T09:56:50.933045,1099,0.174,0.007,0.000,79.9
2026-08-04T09:56:50.990747,1100,0.120,0.004,0.000,17.6
2026-08-04T09:56:51.058141,1101,0.119,0.001,0.000,15.1
2026-08-04T09:56:51.085751,1102,0.000,0.000,0.000,37.3
2026-08-04T09:56:51.124778,1103,0.000,0.000,0.000,26.3
2026-08-04T09:56:51.234199,1104,0.000,0.000,0.000,9.2
2026-08-04T09:56:51.244413,1105,0.000,0.000,0.000,105.8
2026-08-04T09:56:51.288719,1106,0.000,0.000,0.000,23.1
2026-08-04T09:56:51.348897,1107,0.000,0.000,0.000,17.0
2026-08-04T09:56:51.351579,1108,0.000,0.000,0.000,507.5
2026-08-04T09:56:51.412780,1109,0.000,0.000,0.000,16.5
2026-08-04T09:56:51.483509,1110,0.000,0.000,0.000,14.5
2026-08-04T09:56:51.512063,1111,0.000,0.000,0.000,36.1
2026-08-04T09:56:51.548830,1112,0.000,0.000,0.000,28.3
2026-08-04T09:56:51.644724,1113,0.000,0.000,0.000,10.6
2026-08-04T09:56:51.647645,1114,0.000,0.000,0.000,480.2
2026-08-04T09:56:51.712962,1115,0.000,0.000,0.000,15.4
2026-08-04T09:56:51.784013,1116,0.000,0.000,0.000,14.4
2026-08-04T09:56:51.812933,1117,0.000,0.000,0.000,35.5
2026-08-04T09:56:51.844299,1118,0.000,0.000,0.000,33.1
2026-08-04T09:56:51.915866,1119,0.000,0.000,0.000,14.2
2026-08-04T09:56:51.918550,1120,0.000,0.000,0.000,506.5
2026-08-04T09:56:51.981072,1121,0.000,0.000,0.000,16.2
2026-08-04T09:56:52.083537,1122,0.000,0.000,0.000,9.9
2026-08-04T09:56:52.093502,1123,0.000,0.000,0.000,107.7
2026-08-04T09:56:52.151657,1124,0.000,0.000,0.000,17.4
2026-08-04T09:56:52.227793,1125,0.000,0.000,0.000,13.4
2026-08-04T09:56:52.249779,1126,0.000,0.000,0.000,46.9
2026-08-04T09:56:52.288406,1127,0.000,0.000,0.000,26.5
2026-08-04T09:56:52.381718,1128,0.000,0.000,0.000,10.8
2026-08-04T09:56:52.392480,1129,0.000,0.000,0.000,99.8
2026-08-04T09:56:52.453044,1130,0.000,0.000,0.000,17.1
2026-08-04T09:56:52.515981,1131,0.000,0.000,0.000,16.3
2026-08-04T09:56:52.524437,1132,0.000,0.000,0.000,131.2
2026-08-04T09:56:52.584454,1133,0.000,0.000,0.000,16.9
2026-08-04T09:56:52.650106,1134,0.000,0.000,0.000,15.4
2026-08-04T09:56:52.685237,1135,0.000,0.000,0.000,29.0
2026-08-04T09:56:52.722645,1136,0.000,0.000,0.000,27.7
2026-08-04T09:56:52.815872,1137,0.000,0.000,0.000,10.9
2026-08-04T09:56:52.818420,1138,0.000,0.000,0.000,546.1
2026-08-04T09:56:52.876292,1139,0.000,0.000,0.000,17.5
2026-08-04T09:56:52.961548,1140,0.000,0.000,0.000,11.9
2026-08-04T09:56:52.982668,1141,0.000,0.000,0.000,49.8
2026-08-04T09:56:53.016939,1142,0.000,0.000,0.000,30.0
2026-08-04T09:56:53.083834,1143,0.000,0.000,0.000,15.1
2026-08-04T09:56:53.094918,1144,0.000,0.000,0.000,96.3
2026-08-04T09:56:53.153334,1145,0.000,0.000,0.000,17.4
2026-08-04T09:56:53.252401,1146,0.000,0.000,0.000,10.2
2026-08-04T09:56:53.261838,1147,0.000,0.000,0.000,114.6
2026-08-04T09:56:53.315209,1148,0.000,0.000,0.000,19.1
2026-08-04T09:56:53.378926,1149,0.000,0.000,0.000,15.9
2026-08-04T09:56:53.415174,1150,0.000,0.000,0.000,28.2
2026-08-04T09:56:53.445150,1151,0.000,0.000,0.000,34.6
2026-08-04T09:56:53.538820,1152,0.000,0.000,0.000,10.8
2026-08-04T09:56:53.542897,1153,0.000,0.000,0.000,293.4
2026-08-04T09:56:53.617580,1154,0.000,0.000,0.000,13.5
2026-08-04T09:56:53.684212,1155,0.000,0.000,0.000,15.3
2026-08-04T09:56:53.694327,1156,0.000,0.000,0.000,106.1
2026-08-04T09:56:53.740965,1157,0.000,0.000,0.000,21.9
2026-08-04T09:56:53.815859,1158,0.000,0.000,0.000,13.7
2026-08-04T09:56:53.839984,1159,0.000,0.000,0.000,42.7
2026-08-04T09:56:53.876399,1160,0.000,0.000,0.000,28.1
2026-08-04T09:56:53.981627,1161,0.000,0.000,0.000,9.6
2026-08-04T09:56:53.991317,1162,0.000,0.000,0.000,110.8
2026-08-04T09:56:54.040152,1163,0.000,0.000,0.000,21.9
2026-08-04T09:56:54.114694,1164,0.000,0.000,0.000,13.6
2026-08-04T09:56:54.147625,1165,0.000,0.000,0.000,31.0
2026-08-04T09:56:54.180976,1166,0.000,0.000,0.000,30.8
2026-08-04T09:56:54.243533,1167,0.000,0.000,0.000,16.4
2026-08-04T09:56:54.252616,1168,0.000,0.000,0.000,122.5
2026-08-04T09:56:54.315424,1169,0.000,0.000,0.000,16.1
2026-08-04T09:56:54.411676,1170,0.000,0.000,0.000,10.5
2026-08-04T09:56:54.422392,1171,0.000,0.000,0.000,100.1
2026-08-04T09:56:54.482367,1172,0.000,0.000,0.000,17.1
2026-08-04T09:56:54.551279,1173,0.000,0.000,0.000,14.7
2026-08-04T09:56:54.578120,1174,0.000,0.000,0.000,38.2
2026-08-04T09:56:54.616064,1175,0.000,0.000,0.000,26.9
2026-08-04T09:56:54.717595,1176,0.000,0.000,0.000,10.0
2026-08-04T09:56:54.728498,1177,0.000,0.000,0.000,101.8
2026-08-04T09:56:54.772457,1178,0.000,0.000,0.000,23.2
2026-08-04T09:56:54.847106,1179,0.000,0.000,0.000,13.6
2026-08-04T09:56:54.855959,1180,0.000,0.000,0.000,125.2
2026-08-04T09:56:54.911897,1181,0.000,0.000,0.000,18.2
2026-08-04T09:56:54.981882,1182,0.000,0.000,0.000,14.5
2026-08-04T09:56:55.004622,1183,0.000,0.000,0.000,45.5
2026-08-04T09:56:55.041028,1184,0.000,0.000,0.000,28.5
2026-08-04T09:56:55.143669,1185,0.000,0.000,0.000,9.9
2026-08-04T09:56:55.153553,1186,0.000,0.000,0.000,108.9
2026-08-04T09:56:55.213734,1187,0.000,0.000,0.000,16.9
2026-08-04T09:56:55.284299,1188,0.000,0.000,0.000,14.4
2026-08-04T09:56:55.312181,1189,0.000,0.000,0.000,36.7
2026-08-04T09:56:55.344273,1190,0.000,0.000,0.000,32.1
2026-08-04T09:56:55.414875,1191,0.370,0.010,0.000,14.3
2026-08-04T09:56:55.424110,1192,0.362,0.005,0.000,117.8
2026-08-04T09:56:55.481969,1193,0.345,0.008,0.000,17.5
2026-08-04T09:56:55.575080,1194,0.358,0.008,0.000,10.9
2026-08-04T09:56:55.586196,1195,0.352,0.005,0.000,96.1
2026-08-04T09:56:55.645611,1196,0.362,0.003,0.000,17.0
2026-08-04T09:56:55.717036,1197,0.361,0.008,0.000,14.2
2026-08-04T09:56:55.743144,1198,0.346,0.010,0.000,39.9
2026-08-04T09:56:55.783088,1199,0.348,0.008,0.000,25.4
2026-08-04T09:56:55.877570,1200,0.337,0.012,0.000,10.7
2026-08-04T09:56:55.887935,1201,0.335,0.013,0.000,104.5
2026-08-04T09:56:55.944832,1202,0.339,0.012,0.000,17.8
2026-08-04T09:56:56.007863,1203,0.316,0.008,0.000,16.1
2026-08-04T09:56:56.017843,1204,0.300,0.008,0.000,109.0
2026-08-04T09:56:56.076272,1205,0.230,0.010,0.000,17.3
2026-08-04T09:56:56.142161,1206,0.147,0.008,0.000,15.4
2026-08-04T09:56:56.173750,1207,0.167,0.009,0.000,32.4
2026-08-04T09:56:56.214584,1208,0.215,0.017,0.000,24.9
2026-08-04T09:56:56.307113,1209,0.239,0.011,0.000,10.9
2026-08-04T09:56:56.318196,1210,0.249,0.007,0.000,96.6
2026-08-04T09:56:56.376368,1211,0.253,0.013,0.000,17.4
2026-08-04T09:56:56.445630,1212,0.261,0.011,0.000,14.6
2026-08-04T09:56:56.477280,1213,0.269,0.011,0.000,32.3
2026-08-04T09:56:56.510623,1214,0.270,0.010,0.000,30.6
2026-08-04T09:56:56.576905,1215,0.269,0.010,0.000,15.3
2026-08-04T09:56:56.585775,1216,0.265,0.009,0.000,122.2
2026-08-04T09:56:56.645723,1217,0.278,0.010,0.000,16.9
2026-08-04T09:56:56.744597,1218,0.278,0.008,0.000,10.2
2026-08-04T09:56:56.755914,1219,0.270,0.012,0.000,94.3
2026-08-04T09:56:56.808141,1220,0.109,0.010,0.000,19.5
2026-08-04T09:56:56.877695,1221,0.094,0.009,0.000,14.6
2026-08-04T09:56:56.907075,1222,0.064,0.003,0.000,34.9
2026-08-04T09:56:56.945697,1223,0.070,0.005,0.000,26.4
2026-08-04T09:56:57.040700,1224,0.084,0.012,0.000,10.6
2026-08-04T09:56:57.051014,1225,0.075,0.014,0.000,104.1
2026-08-04T09:56:57.106778,1226,0.000,0.000,0.000,18.2
2026-08-04T09:56:57.173691,1227,0.000,0.000,0.000,15.1
2026-08-04T09:56:57.183020,1228,0.000,0.000,0.000,115.8
2026-08-04T09:56:57.233365,1229,0.000,0.000,0.000,20.4
2026-08-04T09:56:57.306878,1230,0.000,0.000,0.000,13.8
2026-08-04T09:56:57.332220,1231,0.000,0.000,0.000,40.5
2026-08-04T09:56:57.368920,1232,0.000,0.000,0.000,28.2
2026-08-04T09:56:57.477975,1233,0.000,0.000,0.000,9.3
2026-08-04T09:56:57.481632,1234,0.000,0.000,0.000,341.9
2026-08-04T09:56:57.533169,1235,0.000,0.000,0.000,19.9
2026-08-04T09:56:57.598933,1236,0.000,0.000,0.000,15.6
2026-08-04T09:56:57.632753,1237,0.000,0.000,0.000,31.2
2026-08-04T09:56:57.673292,1238,0.000,0.000,0.000,25.4
2026-08-04T09:56:57.743797,1239,0.000,0.000,0.000,14.4
2026-08-04T09:56:57.752052,1240,0.000,0.000,0.000,132.3
2026-08-04T09:56:57.808373,1241,0.000,0.000,0.000,18.1
2026-08-04T09:56:57.906369,1242,0.000,0.000,0.000,10.3
2026-08-04T09:56:57.914562,1243,0.000,0.000,0.000,136.2
2026-08-04T09:56:57.977097,1244,0.394,0.001,0.000,16.3
2026-08-04T09:56:58.040632,1245,0.375,0.009,0.000,16.1
2026-08-04T09:56:58.073319,1246,0.348,0.010,0.000,31.3
2026-08-04T09:56:58.109984,1247,0.350,0.008,0.000,28.0
2026-08-04T09:56:58.206948,1248,0.334,0.006,0.000,10.4
2026-08-04T09:56:58.219684,1249,0.340,0.009,0.000,92.8
2026-08-04T09:56:58.273149,1250,0.336,0.003,0.000,19.0
2026-08-04T09:56:58.346330,1251,0.322,0.002,0.000,13.8
2026-08-04T09:56:58.356015,1252,0.329,0.010,0.000,113.7
2026-08-04T09:56:58.405060,1253,0.326,0.007,0.000,21.1
2026-08-04T09:56:58.484004,1254,0.322,0.010,0.000,12.8
2026-08-04T09:56:58.501505,1255,0.325,0.012,0.000,60.1
2026-08-04T09:56:58.541915,1256,0.327,0.010,0.000,25.2
2026-08-04T09:56:58.638106,1257,0.326,0.009,0.000,10.5
2026-08-04T09:56:58.650700,1258,0.322,0.017,0.000,84.4
2026-08-04T09:56:58.705865,1259,0.326,0.016,0.000,18.4
2026-08-04T09:56:58.780253,1260,0.327,0.018,0.000,13.7
2026-08-04T09:56:58.801640,1261,0.326,0.009,0.000,48.5
2026-08-04T09:56:58.837523,1262,0.325,0.005,0.000,28.7
2026-08-04T09:56:58.903252,1263,0.329,0.011,0.000,15.4
2026-08-04T09:56:58.914500,1264,0.332,0.007,0.000,96.0
2026-08-04T09:56:58.976250,1265,0.320,0.010,0.000,16.4
2026-08-04T09:56:59.072107,1266,0.323,0.015,0.000,10.6
2026-08-04T09:56:59.081448,1267,0.330,0.015,0.000,118.8
2026-08-04T09:56:59.139113,1268,0.325,0.018,0.000,18.0
2026-08-04T09:56:59.211449,1269,0.322,0.021,0.000,14.0
2026-08-04T09:56:59.234763,1270,0.333,0.011,0.000,44.7
2026-08-04T09:56:59.273764,1271,0.324,0.014,0.000,26.2
2026-08-04T09:56:59.370557,1272,0.335,0.013,0.000,10.4
2026-08-04T09:56:59.382573,1273,0.332,0.013,0.000,88.1
2026-08-04T09:56:59.437922,1274,0.327,0.014,0.000,18.5
2026-08-04T09:56:59.503506,1275,0.329,0.012,0.000,15.5
2026-08-04T09:56:59.514494,1276,0.330,0.011,0.000,97.3
2026-08-04T09:56:59.569092,1277,0.333,0.011,0.000,18.6
2026-08-04T09:56:59.635997,1278,0.332,0.013,0.000,15.2
2026-08-04T09:56:59.669163,1279,0.330,0.013,0.000,30.9
2026-08-04T09:56:59.706605,1280,0.333,0.012,0.000,27.4
2026-08-04T09:56:59.801623,1281,0.336,0.012,0.000,10.6
2026-08-04T09:56:59.813890,1282,0.336,0.011,0.000,87.0
2026-08-04T09:56:59.870823,1283,0.337,0.010,0.000,18.0
2026-08-04T09:56:59.939435,1284,0.334,0.012,0.000,14.8
2026-08-04T09:56:59.967995,1285,0.327,0.014,0.000,36.0
2026-08-04T09:57:00.004148,1286,0.329,0.011,0.000,28.3
2026-08-04T09:57:00.071980,1287,0.330,0.015,0.000,15.0
2026-08-04T09:57:00.080798,1288,0.331,0.015,0.000,123.8
2026-08-04T09:57:00.138162,1289,0.330,0.015,0.000,17.7
2026-08-04T09:57:00.240147,1290,0.331,0.012,0.000,9.9
2026-08-04T09:57:00.251890,1291,0.331,0.014,0.000,91.1
2026-08-04T09:57:00.302783,1292,0.338,0.011,0.000,20.3
2026-08-04T09:57:00.369622,1293,0.345,0.011,0.000,15.2
2026-08-04T09:57:00.401409,1294,0.352,0.010,0.000,32.2
2026-08-04T09:57:00.437535,1295,0.358,0.011,0.000,28.4
2026-08-04T09:57:00.531318,1296,0.355,0.007,0.000,10.8
2026-08-04T09:57:00.540663,1297,0.355,0.008,0.000,115.3
2026-08-04T09:57:00.600669,1298,0.354,0.009,0.000,17.0
2026-08-04T09:57:00.664880,1299,0.351,0.009,0.000,15.9
2026-08-04T09:57:00.673714,1300,0.354,0.009,0.000,123.7
2026-08-04T09:57:00.735266,1301,0.354,0.009,0.000,16.5
2026-08-04T09:57:00.803495,1302,0.355,0.008,0.000,14.9
2026-08-04T09:57:00.831334,1303,0.343,0.015,0.000,36.9
2026-08-04T09:57:00.869113,1304,0.329,0.017,0.000,27.0
2026-08-04T09:57:00.971936,1305,0.296,0.011,0.000,9.8
2026-08-04T09:57:00.983483,1306,0.169,0.004,0.000,95.4
2026-08-04T09:57:01.035060,1307,0.070,0.005,0.000,19.6
2026-08-04T09:57:01.103625,1308,0.064,0.004,0.000,14.7
2026-08-04T09:57:01.128628,1309,0.000,0.000,0.000,41.2
2026-08-04T09:57:01.165941,1310,0.000,0.000,0.000,27.7
2026-08-04T09:57:01.238543,1311,0.000,0.000,0.000,14.0
2026-08-04T09:57:01.241339,1312,0.000,0.000,0.000,484.9
2026-08-04T09:57:01.292246,1313,0.000,0.000,0.000,19.9
2026-08-04T09:57:01.387248,1314,0.000,0.000,0.000,10.7
2026-08-04T09:57:01.390917,1315,0.000,0.000,0.000,334.9
2026-08-04T09:57:01.457443,1316,0.000,0.000,0.000,15.2
2026-08-04T09:57:01.524832,1317,0.000,0.000,0.000,15.3
2026-08-04T09:57:01.556718,1318,0.000,0.000,0.000,33.2
2026-08-04T09:57:01.594159,1319,0.000,0.000,0.000,28.3
2026-08-04T09:57:01.691926,1320,0.000,0.000,0.000,10.4
2026-08-04T09:57:01.694782,1321,0.000,0.000,0.000,460.0
2026-08-04T09:57:01.757023,1322,0.000,0.000,0.000,16.2
2026-08-04T09:57:01.820766,1323,0.000,0.000,0.000,15.9
2026-08-04T09:57:01.823500,1324,0.000,0.000,0.000,495.6
2026-08-04T09:57:01.857529,1325,0.000,0.000,0.000,29.9
2026-08-04T09:57:01.926028,1326,0.000,0.000,0.000,14.8
2026-08-04T09:57:01.928649,1327,0.000,0.000,0.000,521.0
2026-08-04T09:57:01.988110,1328,0.000,0.000,0.000,17.0
2026-08-04T09:57:02.063906,1329,0.000,0.000,0.000,13.3
2026-08-04T09:57:02.089815,1330,0.000,0.000,0.000,39.6
2026-08-04T09:57:02.125130,1331,0.000,0.000,0.000,29.7
2026-08-04T09:57:02.238706,1332,0.000,0.000,0.000,8.9
2026-08-04T09:57:02.248200,1333,0.000,0.000,0.000,113.2
2026-08-04T09:57:02.295955,1334,0.000,0.000,0.000,22.2
2026-08-04T09:57:02.360232,1335,0.000,0.000,0.000,15.8
2026-08-04T09:57:02.368434,1336,0.000,0.000,0.000,133.2
2026-08-04T09:57:02.431379,1337,0.396,0.004,0.000,16.1
2026-08-04T09:57:02.497696,1338,0.393,0.008,0.000,15.3
2026-08-04T09:57:02.528488,1339,0.352,0.006,0.000,33.2
2026-08-04T09:57:02.566487,1340,0.348,0.004,0.000,26.9
2026-08-04T09:57:02.662664,1341,0.332,0.007,0.000,10.5
2026-08-04T09:57:02.673852,1342,0.316,0.010,0.000,104.5
2026-08-04T09:57:02.731497,1343,0.305,0.013,0.000,17.7
2026-08-04T09:57:02.800657,1344,0.300,0.008,0.000,14.7
2026-08-04T09:57:02.827153,1345,0.303,0.012,0.000,38.9
2026-08-04T09:57:02.866378,1346,0.316,0.007,0.000,26.1
2026-08-04T09:57:02.971984,1347,0.332,0.008,0.000,9.5
2026-08-04T09:57:02.984962,1348,0.323,0.010,0.000,86.7
2026-08-04T09:57:03.029641,1349,0.329,0.011,0.000,22.7
2026-08-04T09:57:03.091746,1350,0.310,0.007,0.000,16.4
2026-08-04T09:57:03.102852,1351,0.293,0.009,0.000,106.2
2026-08-04T09:57:03.163114,1352,0.283,0.012,0.000,16.9
2026-08-04T09:57:03.236670,1353,0.280,0.010,0.000,13.8
2026-08-04T09:57:03.258982,1354,0.295,0.011,0.000,46.5
2026-08-04T09:57:03.298300,1355,0.320,0.016,0.000,25.9
2026-08-04T09:57:03.393442,1356,0.331,0.016,0.000,10.6
2026-08-04T09:57:03.404808,1357,0.341,0.016,0.000,93.9
2026-08-04T09:57:03.464522,1358,0.340,0.015,0.000,17.0
2026-08-04T09:57:03.528416,1359,0.341,0.015,0.000,15.9
2026-08-04T09:57:03.539447,1360,0.350,0.011,0.000,97.3
2026-08-04T09:57:03.593417,1361,0.366,0.017,0.000,18.8
2026-08-04T09:57:03.661609,1362,0.373,0.019,0.000,14.9
2026-08-04T09:57:03.693748,1363,0.384,0.016,0.000,32.0
2026-08-04T09:57:03.730541,1364,0.385,0.018,0.000,27.9
2026-08-04T09:57:03.827440,1365,0.332,0.013,0.000,10.4
2026-08-04T09:57:03.839063,1366,0.167,0.013,0.000,91.4
2026-08-04T09:57:03.893992,1367,0.071,0.021,0.000,18.5
2026-08-04T09:57:03.965453,1368,0.054,0.023,0.000,14.2
2026-08-04T09:57:03.990262,1369,0.055,0.011,0.000,42.3
2026-08-04T09:57:04.029544,1370,0.046,0.012,0.000,25.9
2026-08-04T09:57:04.122611,1371,0.064,0.023,0.000,10.9
2026-08-04T09:57:04.135943,1372,0.066,0.012,0.000,79.2
2026-08-04T09:57:04.192970,1373,0.087,0.003,0.000,17.8
2026-08-04T09:57:04.258586,1374,0.084,0.003,0.000,15.5
2026-08-04T09:57:04.268123,1375,0.098,0.002,0.000,112.7
2026-08-04T09:57:04.324730,1376,0.215,0.008,0.000,18.0
2026-08-04T09:57:04.396577,1377,0.240,0.004,0.000,14.2
2026-08-04T09:57:04.422709,1378,0.277,0.003,0.000,39.3
2026-08-04T09:57:04.463429,1379,0.279,0.005,0.000,25.0
2026-08-04T09:57:04.566009,1380,0.294,0.008,0.000,9.8
2026-08-04T09:57:04.578437,1381,0.296,0.007,0.000,89.2
2026-08-04T09:57:04.625847,1382,0.305,0.006,0.000,21.5
2026-08-04T09:57:04.689955,1383,0.299,0.002,0.000,15.8
2026-08-04T09:57:04.699885,1384,0.309,0.004,0.000,109.8
2026-08-04T09:57:04.757291,1385,0.314,0.003,0.000,17.6
2026-08-04T09:57:04.828872,1386,0.316,0.001,0.000,14.1
2026-08-04T09:57:04.855903,1387,0.310,0.010,0.000,38.1
2026-08-04T09:57:04.893207,1388,0.000,0.000,0.000,27.4
2026-08-04T09:57:04.995179,1389,0.320,0.039,0.000,9.9
2026-08-04T09:57:05.007744,1390,0.314,0.009,0.000,84.2
2026-08-04T09:57:05.058777,1391,0.323,0.013,0.000,19.9
2026-08-04T09:57:05.130240,1392,0.309,0.001,0.000,14.2
2026-08-04T09:57:05.155665,1393,0.312,0.003,0.000,40.5
2026-08-04T09:57:05.193789,1394,0.305,0.004,0.000,26.9
2026-08-04T09:57:05.287086,1395,0.302,0.002,0.000,10.8
2026-08-04T09:57:05.298446,1396,0.289,0.003,0.000,93.9
2026-08-04T09:57:05.357860,1397,0.296,0.004,0.000,17.0
2026-08-04T09:57:05.423988,1398,0.291,0.011,0.000,15.4
2026-08-04T09:57:05.433574,1399,0.282,0.011,0.000,113.0
2026-08-04T09:57:05.491378,1400,0.291,0.011,0.000,18.0
2026-08-04T09:57:05.559439,1401,0.285,0.014,0.000,14.9
2026-08-04T09:57:05.587858,1402,0.293,0.011,0.000,36.1
2026-08-04T09:57:05.627482,1403,0.290,0.012,0.000,26.2
2026-08-04T09:57:05.726249,1404,0.297,0.010,0.000,10.2
2026-08-04T09:57:05.736413,1405,0.286,0.009,0.000,109.7
2026-08-04T09:57:05.787122,1406,0.284,0.008,0.000,20.0
2026-08-04T09:57:05.856039,1407,0.287,0.008,0.000,14.7
2026-08-04T09:57:05.867290,1408,0.289,0.008,0.000,95.0
2026-08-04T09:57:05.918367,1409,0.290,0.010,0.000,19.9
2026-08-04T09:57:05.993471,1410,0.291,0.008,0.000,13.5
2026-08-04T09:57:06.019391,1411,0.292,0.009,0.000,39.6
2026-08-04T09:57:06.058708,1412,0.292,0.009,0.000,25.8
2026-08-04T09:57:06.154329,1413,0.297,0.009,0.000,10.6
2026-08-04T09:57:06.166319,1414,0.294,0.008,0.000,89.4
2026-08-04T09:57:06.222570,1415,0.295,0.009,0.000,18.1
2026-08-04T09:57:06.289981,1416,0.294,0.010,0.000,15.1
2026-08-04T09:57:06.320266,1417,0.298,0.010,0.000,34.0
2026-08-04T09:57:06.358165,1418,0.298,0.009,0.000,26.9
2026-08-04T09:57:06.451093,1419,0.301,0.009,0.000,10.9
2026-08-04T09:57:06.464856,1420,0.304,0.007,0.000,76.9
2026-08-04T09:57:06.521851,1421,0.299,0.008,0.000,17.7
2026-08-04T09:57:06.592685,1422,0.298,0.008,0.000,14.3
2026-08-04T09:57:06.603727,1423,0.298,0.007,0.000,96.7
2026-08-04T09:57:06.653224,1424,0.300,0.009,0.000,20.5
2026-08-04T09:57:06.727562,1425,0.275,0.015,0.000,13.6
2026-08-04T09:57:06.749637,1426,0.080,0.010,0.000,50.0
2026-08-04T09:57:06.785007,1427,0.084,0.006,0.000,28.8
2026-08-04T09:57:06.885170,1428,0.090,0.005,0.000,10.1
2026-08-04T09:57:06.893461,1429,0.083,0.003,0.000,131.2
2026-08-04T09:57:06.953666,1430,0.097,0.011,0.000,17.4
2026-08-04T09:57:07.020696,1431,0.106,0.016,0.000,15.2
2026-08-04T09:57:07.031656,1432,0.115,0.019,0.000,97.6
2026-08-04T09:57:07.085242,1433,0.124,0.019,0.000,18.9
2026-08-04T09:57:07.153944,1434,0.105,0.012,0.000,14.8
2026-08-04T09:57:07.184394,1435,0.117,0.020,0.000,33.7
2026-08-04T09:57:07.223209,1436,0.124,0.023,0.000,26.2
2026-08-04T09:57:07.319385,1437,0.278,0.056,0.000,10.5
2026-08-04T09:57:07.330398,1438,0.375,0.075,0.000,97.2
2026-08-04T09:57:07.382784,1439,0.000,0.000,0.000,19.3
2026-08-04T09:57:07.450878,1440,0.000,0.000,0.000,15.0
2026-08-04T09:57:07.487278,1441,0.000,0.000,0.000,28.8
2026-08-04T09:57:07.520766,1442,0.000,0.000,0.000,31.4
2026-08-04T09:57:07.618195,1443,0.000,0.000,0.000,10.4
2026-08-04T09:57:07.626651,1444,0.000,0.000,0.000,129.7
2026-08-04T09:57:07.684617,1445,0.000,0.000,0.000,17.6
2026-08-04T09:57:07.753145,1446,0.000,0.000,0.000,14.9
2026-08-04T09:57:07.763549,1447,0.000,0.000,0.000,102.8
2026-08-04T09:57:07.816911,1448,0.000,0.000,0.000,19.1
2026-08-04T09:57:07.883929,1449,0.000,0.000,0.000,15.2
2026-08-04T09:57:07.915951,1450,0.000,0.000,0.000,31.9
2026-08-04T09:57:07.953549,1451,0.000,0.000,0.000,27.5
2026-08-04T09:57:08.051681,1452,0.000,0.000,0.000,10.3
2026-08-04T09:57:08.061653,1453,0.000,0.000,0.000,107.9
2026-08-04T09:57:08.116292,1454,0.000,0.000,0.000,18.6
2026-08-04T09:57:08.188213,1455,0.000,0.000,0.000,14.1
2026-08-04T09:57:08.196878,1456,0.000,0.000,0.000,127.1
2026-08-04T09:57:08.249448,1457,0.000,0.000,0.000,19.4
2026-08-04T09:57:08.321939,1458,0.000,0.000,0.000,14.0
2026-08-04T09:57:08.347060,1459,0.000,0.000,0.000,41.0
2026-08-04T09:57:08.387162,1460,0.000,0.000,0.000,25.6
2026-08-04T09:57:08.492689,1461,0.000,0.000,0.000,9.7
2026-08-04T09:57:08.500908,1462,0.000,0.000,0.000,133.9
2026-08-04T09:57:08.551786,1463,0.774,0.156,0.000,20.0
2026-08-04T09:57:08.624533,1464,0.690,0.114,0.000,13.9
2026-08-04T09:57:08.646567,1465,0.604,0.017,0.000,47.8
2026-08-04T09:57:08.685874,1466,0.560,0.033,0.000,25.9
2026-08-04T09:57:08.780712,1467,0.000,0.000,0.000,10.6
2026-08-04T09:57:08.788708,1468,0.000,0.000,0.000,137.5
2026-08-04T09:57:08.849190,1469,0.000,0.000,0.000,16.8
2026-08-04T09:57:08.911436,1470,0.000,0.000,0.000,16.3
2026-08-04T09:57:08.920466,1471,0.000,0.000,0.000,120.2
2026-08-04T09:57:08.981796,1472,0.000,0.000,0.000,16.6
2026-08-04T09:57:09.052448,1473,0.000,0.000,0.000,14.4
2026-08-04T09:57:09.077466,1474,0.000,0.000,0.000,41.4
2026-08-04T09:57:09.116295,1475,0.000,0.000,0.000,26.8
2026-08-04T09:57:09.224903,1476,0.000,0.000,0.000,9.3
2026-08-04T09:57:09.235747,1477,0.000,0.000,0.000,106.8
2026-08-04T09:57:09.280762,1478,0.000,0.000,0.000,23.2
2026-08-04T09:57:09.344649,1479,0.000,0.000,0.000,15.9
2026-08-04T09:57:09.354074,1480,0.000,0.000,0.000,116.1
2026-08-04T09:57:09.411886,1481,0.000,0.000,0.000,17.6
2026-08-04T09:57:09.487341,1482,0.000,0.000,0.000,13.4
2026-08-04T09:57:09.511345,1483,0.000,0.000,0.000,43.0
2026-08-04T09:57:09.550639,1484,0.000,0.000,0.000,26.2
2026-08-04T09:57:09.645700,1485,0.000,0.000,0.000,10.7
2026-08-04T09:57:09.656693,1486,0.000,0.000,0.000,137.8
2026-08-04T09:57:09.713499,1487,0.000,0.000,0.000,18.3
2026-08-04T09:57:09.779337,1488,0.000,0.000,0.000,15.5
2026-08-04T09:57:09.812079,1489,0.000,0.000,0.000,31.2
2026-08-04T09:57:09.849803,1490,0.000,0.000,0.000,27.0
2026-08-04T09:57:09.945990,1491,0.000,0.000,0.000,10.5
2026-08-04T09:57:09.956748,1492,0.000,0.000,0.000,99.7
2026-08-04T09:57:10.013421,1493,0.000,0.000,0.000,17.9
2026-08-04T09:57:10.077443,1494,0.000,0.000,0.000,15.9
2026-08-04T09:57:10.087035,1495,0.000,0.000,0.000,112.2
2026-08-04T09:57:10.146647,1496,0.000,0.000,0.000,17.3
2026-08-04T09:57:10.218086,1497,0.000,0.000,0.000,14.2
2026-08-04T09:57:10.243073,1498,0.000,0.000,0.000,41.3
2026-08-04T09:57:10.279959,1499,0.000,0.000,0.000,27.8
2026-08-04T09:57:10.380394,1500,0.000,0.000,0.000,10.1
2026-08-04T09:57:10.393694,1501,0.000,0.000,0.000,79.2
2026-08-04T09:57:10.444322,1502,0.000,0.000,0.000,20.0
2026-08-04T09:57:10.510659,1503,0.000,0.000,0.000,15.3
2026-08-04T09:57:10.519388,1504,0.000,0.000,0.000,124.3
2026-08-04T09:57:10.576951,1505,0.000,0.000,0.000,17.6
2026-08-04T09:57:10.645647,1506,0.000,0.000,0.000,14.8
2026-08-04T09:57:10.677429,1507,0.000,0.000,0.000,32.3
2026-08-04T09:57:10.713538,1508,0.000,0.000,0.000,28.7
2026-08-04T09:57:10.807596,1509,0.000,0.000,0.000,10.8
2026-08-04T09:57:10.817478,1510,0.000,0.000,0.000,110.3
2026-08-04T09:57:10.877954,1511,0.000,0.000,0.000,16.8
2026-08-04T09:57:10.944473,1512,0.000,0.000,0.000,15.3
2026-08-04T09:57:10.975547,1513,0.000,0.000,0.000,32.9
2026-08-04T09:57:11.012711,1514,0.000,0.000,0.000,27.6
2026-08-04T09:57:11.107251,1515,0.000,0.000,0.000,10.7
2026-08-04T09:57:11.115412,1516,0.000,0.000,0.000,135.2
2026-08-04T09:57:11.177040,1517,0.000,0.000,0.000,16.5
2026-08-04T09:57:11.249338,1518,0.000,0.000,0.000,14.1
2026-08-04T09:57:11.257677,1519,0.000,0.000,0.000,131.4
2026-08-04T09:57:11.307917,1520,0.000,0.000,0.000,20.4
2026-08-04T09:57:11.377370,1521,0.000,0.000,0.000,14.6
2026-08-04T09:57:11.408860,1522,0.000,0.000,0.000,32.4
2026-08-04T09:57:11.446460,1523,0.000,0.000,0.000,27.3
2026-08-04T09:57:11.538439,1524,0.000,0.000,0.000,11.0
2026-08-04T09:57:11.546574,1525,0.000,0.000,0.000,134.0
2026-08-04T09:57:11.609485,1526,0.000,0.000,0.000,16.6
2026-08-04T09:57:11.676176,1527,0.000,0.000,0.000,15.3
2026-08-04T09:57:11.684522,1528,0.000,0.000,0.000,130.6
2026-08-04T09:57:11.742505,1529,0.000,0.000,0.000,17.5
2026-08-04T09:57:11.804447,1530,0.000,0.000,0.000,16.4
2026-08-04T09:57:11.815648,1531,0.000,0.000,0.000,108.9
2026-08-04T09:57:11.878825,1532,1.024,0.222,0.000,16.0
2026-08-04T09:57:11.984385,1533,0.821,0.098,0.000,9.6
2026-08-04T09:57:11.996368,1534,0.643,0.037,0.000,88.3
2026-08-04T09:57:12.041881,1535,0.214,0.027,0.000,22.4
2026-08-04T09:57:12.107083,1536,0.154,0.015,0.000,15.6
2026-08-04T09:57:12.142738,1537,0.147,0.012,0.000,28.6
2026-08-04T09:57:12.177521,1538,0.146,0.010,0.000,29.8
2026-08-04T09:57:12.274054,1539,0.189,0.007,0.000,10.5
2026-08-04T09:57:12.285080,1540,0.203,0.007,0.000,98.3
2026-08-04T09:57:12.341877,1541,0.218,0.009,0.000,17.8
2026-08-04T09:57:12.412091,1542,0.226,0.021,0.000,14.4
2026-08-04T09:57:12.422905,1543,0.230,0.007,0.000,101.5
2026-08-04T09:57:12.476124,1544,0.237,0.002,0.000,19.2
2026-08-04T09:57:12.542424,1545,0.241,0.004,0.000,15.3
2026-08-04T09:57:12.572696,1546,0.241,0.004,0.000,33.8
2026-08-04T09:57:12.610254,1547,0.230,0.009,0.000,27.7
2026-08-04T09:57:12.705993,1548,0.296,0.010,0.000,10.5
2026-08-04T09:57:12.719124,1549,0.319,0.008,0.000,80.3
2026-08-04T09:57:12.773065,1550,0.312,0.030,0.000,18.8
2026-08-04T09:57:12.837314,1551,0.310,0.036,0.000,15.9
2026-08-04T09:57:12.847730,1552,0.312,0.015,0.000,103.1
2026-08-04T09:57:12.906101,1553,0.309,0.006,0.000,17.4
2026-08-04T09:57:12.978389,1554,0.302,0.008,0.000,14.0
2026-08-04T09:57:12.988081,1555,0.300,0.024,0.000,113.0
2026-08-04T09:57:13.041887,1556,0.298,0.011,0.000,18.9
2026-08-04T09:57:13.135480,1557,0.297,0.005,0.000,10.8
2026-08-04T09:57:13.148466,1558,0.293,0.005,0.000,81.2
2026-08-04T09:57:13.204970,1559,0.287,0.004,0.000,18.1
2026-08-04T09:57:13.271620,1560,0.286,0.004,0.000,15.2
2026-08-04T09:57:13.305863,1561,0.285,0.007,0.000,29.8
2026-08-04T09:57:13.343659,1562,0.280,0.008,0.000,27.2
2026-08-04T09:57:13.436888,1563,0.284,0.007,0.000,10.8
2026-08-04T09:57:13.447743,1564,0.284,0.007,0.000,99.8
2026-08-04T09:57:13.506047,1565,0.283,0.011,0.000,17.4
2026-08-04T09:57:13.572853,1566,0.287,0.011,0.000,15.2
2026-08-04T09:57:13.583768,1567,0.288,0.013,0.000,99.6
2026-08-04T09:57:13.637444,1568,0.292,0.024,0.000,19.0
2026-08-04T09:57:13.707772,1569,0.289,0.024,0.000,14.4
2026-08-04T09:57:13.737743,1570,0.231,0.012,0.000,34.4
2026-08-04T09:57:13.774295,1571,0.103,0.019,0.000,28.1
2026-08-04T09:57:13.869850,1572,0.107,0.022,0.000,10.7
2026-08-04T09:57:13.881302,1573,0.140,0.009,0.000,93.2
2026-08-04T09:57:13.937439,1574,0.183,0.018,0.000,18.1
2026-08-04T09:57:14.006335,1575,0.197,0.032,0.000,14.7
2026-08-04T09:57:14.018534,1576,0.209,0.051,0.000,87.3
2026-08-04T09:57:14.071447,1577,0.217,0.035,0.000,19.4
2026-08-04T09:57:14.137545,1578,0.221,0.032,0.000,15.4
2026-08-04T09:57:14.147030,1579,0.226,0.040,0.000,114.9
2026-08-04T09:57:14.205004,1580,0.241,0.035,0.000,17.6
2026-08-04T09:57:14.298681,1581,0.244,0.037,0.000,10.8
2026-08-04T09:57:14.309136,1582,0.236,0.018,0.000,114.7
2026-08-04T09:57:14.369798,1583,0.239,0.043,0.000,16.7
2026-08-04T09:57:14.438970,1584,0.230,0.043,0.000,14.6
2026-08-04T09:57:14.470363,1585,0.229,0.042,0.000,32.6
2026-08-04T09:57:14.506129,1586,0.227,0.038,0.000,28.5
2026-08-04T09:57:14.599780,1587,0.219,0.035,0.000,10.8
2026-08-04T09:57:14.610700,1588,0.229,0.048,0.000,98.1
2026-08-04T09:57:14.668913,1589,0.230,0.048,0.000,17.5
2026-08-04T09:57:14.743524,1590,0.237,0.053,0.000,13.6
2026-08-04T09:57:14.754552,1591,0.228,0.047,0.000,97.8
2026-08-04T09:57:14.801809,1592,0.238,0.050,0.000,21.8
2026-08-04T09:57:14.872362,1593,0.241,0.053,0.000,14.3
2026-08-04T09:57:14.899309,1594,0.239,0.039,0.000,38.2
2026-08-04T09:57:14.937884,1595,0.243,0.029,0.000,26.6
2026-08-04T09:57:15.035606,1596,0.240,0.026,0.000,10.3
2026-08-04T09:57:15.047250,1597,0.239,0.022,0.000,91.6
2026-08-04T09:57:15.101656,1598,0.254,0.005,0.000,18.8
2026-08-04T09:57:15.168122,1599,0.247,0.005,0.000,15.2
2026-08-04T09:57:15.178112,1600,0.252,0.006,0.000,108.0
2026-08-04T09:57:15.234641,1601,0.268,0.004,0.000,18.2
2026-08-04T09:57:15.300427,1602,0.264,0.005,0.000,15.4
2026-08-04T09:57:15.310511,1603,0.261,0.005,0.000,107.4
2026-08-04T09:57:15.369350,1604,0.172,0.006,0.000,17.3
2026-08-04T09:57:15.468920,1605,0.126,0.007,0.000,10.1
2026-08-04T09:57:15.481624,1606,0.117,0.009,0.000,89.9
2026-08-04T09:57:15.533752,1607,0.106,0.009,0.000,19.5
2026-08-04T09:57:15.604375,1608,0.102,0.009,0.000,14.3
2026-08-04T09:57:15.632125,1609,0.102,0.009,0.000,37.0
2026-08-04T09:57:15.669423,1610,0.105,0.008,0.000,27.8
2026-08-04T09:57:15.770343,1611,0.102,0.010,0.000,10.0
2026-08-04T09:57:15.779853,1612,0.104,0.010,0.000,114.5
2026-08-04T09:57:15.835046,1613,0.105,0.013,0.000,18.8
2026-08-04T09:57:15.898126,1614,0.110,0.011,0.000,16.1
2026-08-04T09:57:15.909909,1615,0.104,0.012,0.000,91.0
2026-08-04T09:57:15.966890,1616,0.104,0.011,0.000,17.9
2026-08-04T09:57:16.036392,1617,0.104,0.011,0.000,14.6
2026-08-04T09:57:16.063565,1618,0.108,0.012,0.000,37.9
2026-08-04T09:57:16.101325,1619,0.109,0.011,0.000,27.2
2026-08-04T09:57:16.198251,1620,0.109,0.011,0.000,10.4
2026-08-04T09:57:16.208121,1621,0.115,0.011,0.000,109.4
2026-08-04T09:57:16.267245,1622,0.111,0.009,0.000,17.7
2026-08-04T09:57:16.332493,1623,0.111,0.008,0.000,15.6
2026-08-04T09:57:16.344416,1624,0.110,0.009,0.000,89.7
2026-08-04T09:57:16.397805,1625,0.120,0.009,0.000,19.0
2026-08-04T09:57:16.466228,1626,0.122,0.008,0.000,14.8
2026-08-04T09:57:16.479277,1627,0.117,0.008,0.000,94.0
2026-08-04T09:57:16.533382,1628,0.122,0.006,0.000,18.7
2026-08-04T09:57:16.626955,1629,0.108,0.005,0.000,10.8
2026-08-04T09:57:16.638516,1630,0.094,0.010,0.000,92.0
2026-08-04T09:57:16.698427,1631,0.097,0.003,0.000,17.0
2026-08-04T09:57:16.774095,1632,0.088,0.007,0.000,13.4
2026-08-04T09:57:16.795122,1633,0.132,0.004,0.000,49.6
2026-08-04T09:57:16.833863,1634,0.167,0.008,0.000,26.4
2026-08-04T09:57:16.928683,1635,0.204,0.010,0.000,10.6
2026-08-04T09:57:16.939307,1636,0.233,0.019,0.000,101.3
2026-08-04T09:57:16.999304,1637,0.247,0.023,0.000,16.9
2026-08-04T09:57:17.064394,1638,0.254,0.038,0.000,15.5
2026-08-04T09:57:17.073595,1639,0.257,0.015,0.000,118.7
2026-08-04T09:57:17.129550,1640,0.249,0.010,0.000,18.1
2026-08-04T09:57:17.196725,1641,0.253,0.006,0.000,15.1
2026-08-04T09:57:17.228857,1642,0.259,0.011,0.000,31.9
2026-08-04T09:57:17.267969,1643,0.251,0.008,0.000,26.4
2026-08-04T09:57:17.363433,1644,0.118,0.010,0.000,10.6
2026-08-04T09:57:17.374426,1645,0.078,0.013,0.000,98.5
2026-08-04T09:57:17.430878,1646,0.055,0.012,0.000,18.0
2026-08-04T09:57:17.500677,1647,0.050,0.022,0.000,14.5
2026-08-04T09:57:17.511918,1648,0.076,0.016,0.000,107.6
2026-08-04T09:57:17.562516,1649,0.110,0.015,0.000,20.2
2026-08-04T09:57:17.629118,1650,0.102,0.014,0.000,15.2
2026-08-04T09:57:17.662157,1651,0.104,0.013,0.000,31.1
2026-08-04T09:57:17.698058,1652,0.095,0.006,0.000,28.6
2026-08-04T09:57:17.792248,1653,0.102,0.009,0.000,10.7
2026-08-04T09:57:17.803208,1654,0.087,0.007,0.000,98.3
2026-08-04T09:57:17.862161,1655,0.106,0.005,0.000,17.2
2026-08-04T09:57:17.930468,1656,0.111,0.009,0.000,14.8
2026-08-04T09:57:17.962740,1657,0.109,0.002,0.000,31.7
2026-08-04T09:57:17.999660,1658,0.127,0.006,0.000,28.4
2026-08-04T09:57:18.090645,1659,0.136,0.010,0.000,11.1
2026-08-04T09:57:18.103684,1660,0.117,0.007,0.000,89.0
2026-08-04T09:57:18.162850,1661,0.120,0.016,0.000,17.2
2026-08-04T09:57:18.236511,1662,0.114,0.017,0.000,13.8
2026-08-04T09:57:18.248552,1663,0.114,0.012,0.000,94.5
2026-08-04T09:57:18.295108,1664,0.106,0.015,0.000,21.9
2026-08-04T09:57:18.363993,1665,0.106,0.016,0.000,14.7
2026-08-04T09:57:18.390582,1666,0.106,0.014,0.000,38.7
2026-08-04T09:57:18.429931,1667,0.097,0.013,0.000,26.7
2026-08-04T09:57:18.527908,1668,0.100,0.014,0.000,10.4
2026-08-04T09:57:18.539281,1669,0.101,0.012,0.000,93.9
2026-08-04T09:57:18.594489,1670,0.101,0.014,0.000,18.3
2026-08-04T09:57:18.658763,1671,0.106,0.017,0.000,15.8
2026-08-04T09:57:18.669624,1672,0.108,0.020,0.000,98.8
2026-08-04T09:57:18.728538,1673,0.107,0.014,0.000,17.3
2026-08-04T09:57:18.794343,1674,0.107,0.015,0.000,15.5
2026-08-04T09:57:18.804058,1675,0.111,0.014,0.000,111.4
2026-08-04T09:57:18.863785,1676,0.114,0.014,0.000,16.9
2026-08-04T09:57:18.958291,1677,0.112,0.014,0.000,10.7
2026-08-04T09:57:18.972126,1678,0.105,0.012,0.000,76.1
2026-08-04T09:57:19.026562,1679,0.103,0.012,0.000,18.6
2026-08-04T09:57:19.097834,1680,0.111,0.012,0.000,14.2
2026-08-04T09:57:19.125273,1681,0.114,0.010,0.000,37.5
2026-08-04T09:57:19.163988,1682,0.116,0.016,0.000,26.3
2026-08-04T09:57:19.263261,1683,0.120,0.017,0.000,10.1
2026-08-04T09:57:19.276079,1684,0.121,0.015,0.000,83.1
2026-08-04T09:57:19.326732,1685,0.125,0.016,0.000,20.3
2026-08-04T09:57:19.392068,1686,0.134,0.016,0.000,15.5
2026-08-04T09:57:19.404168,1687,0.136,0.015,0.000,88.7
2026-08-04T09:57:19.458628,1688,0.132,0.017,0.000,18.8
2026-08-04T09:57:19.528311,1689,0.140,0.012,0.000,14.5
2026-08-04T09:57:19.557667,1690,0.140,0.012,0.000,34.9
2026-08-04T09:57:19.595372,1691,0.140,0.009,0.000,27.9
2026-08-04T09:57:19.690183,1692,0.132,0.010,0.000,10.6
2026-08-04T09:57:19.701300,1693,0.138,0.009,0.000,95.9
2026-08-04T09:57:19.757244,1694,0.142,0.009,0.000,18.1
2026-08-04T09:57:19.821651,1695,0.144,0.009,0.000,15.8
2026-08-04T09:57:19.832709,1696,0.142,0.012,0.000,106.4
2026-08-04T09:57:19.890159,1697,0.145,0.012,0.000,17.7
2026-08-04T09:57:19.962006,1698,0.142,0.012,0.000,14.1
2026-08-04T09:57:19.975802,1699,0.141,0.009,0.000,77.1
2026-08-04T09:57:20.027096,1700,0.137,0.008,0.000,19.8
2026-08-04T09:57:20.121392,1701,0.137,0.008,0.000,10.7
2026-08-04T09:57:20.132634,1702,0.138,0.007,0.000,94.9
2026-08-04T09:57:20.190193,1703,0.140,0.007,0.000,17.6
2026-08-04T09:57:20.259761,1704,0.134,0.005,0.000,14.6
2026-08-04T09:57:20.288122,1705,0.139,0.004,0.000,37.6
2026-08-04T09:57:20.326171,1706,0.148,0.005,0.000,26.9
2026-08-04T09:57:20.427316,1707,0.233,0.006,0.000,10.0
2026-08-04T09:57:20.437888,1708,0.273,0.007,0.000,101.7
2026-08-04T09:57:20.492778,1709,0.320,0.008,0.000,18.5
2026-08-04T09:57:20.554139,1710,0.326,0.007,0.000,16.6
2026-08-04T09:57:20.568100,1711,0.347,0.009,0.000,76.2
2026-08-04T09:57:20.621396,1712,0.347,0.005,0.000,19.1
2026-08-04T09:57:20.694141,1713,0.349,0.009,0.000,14.0
2026-08-04T09:57:20.720423,1714,0.343,0.007,0.000,39.1
2026-08-04T09:57:20.759896,1715,0.338,0.006,0.000,25.8
2026-08-04T09:57:20.857200,1716,0.329,0.014,0.000,10.4
2026-08-04T09:57:20.868518,1717,0.325,0.015,0.000,95.9
2026-08-04T09:57:20.921758,1718,0.320,0.018,0.000,19.1
2026-08-04T09:57:20.996122,1719,0.299,0.018,0.000,13.6
2026-08-04T09:57:21.005952,1720,0.292,0.018,0.000,110.6
2026-08-04T09:57:21.054429,1721,0.294,0.014,0.000,20.9
2026-08-04T09:57:21.121167,1722,0.298,0.013,0.000,15.3
2026-08-04T09:57:21.132057,1723,0.311,0.014,0.000,98.5
2026-08-04T09:57:21.190245,1724,0.344,0.026,0.000,17.4
2026-08-04T09:57:21.286028,1725,0.364,0.016,0.000,10.6
2026-08-04T09:57:21.297754,1726,0.360,0.015,0.000,91.3
2026-08-04T09:57:21.353788,1727,0.373,0.023,0.000,18.1
2026-08-04T09:57:21.424031,1728,0.368,0.020,0.000,14.4
2026-08-04T09:57:21.453150,1729,0.401,0.026,0.000,35.2
2026-08-04T09:57:21.489943,1730,0.385,0.031,0.000,28.0
2026-08-04T09:57:21.587609,1731,0.395,0.020,0.000,10.4
2026-08-04T09:57:21.597550,1732,0.452,0.023,0.000,108.6
2026-08-04T09:57:21.654685,1733,0.492,0.023,0.000,18.0
2026-08-04T09:57:21.727333,1734,0.503,0.023,0.000,14.0
2026-08-04T09:57:21.740908,1735,0.524,0.015,0.000,83.0
2026-08-04T09:57:21.781405,1736,0.540,0.018,0.000,25.1
2026-08-04T09:57:21.857948,1737,0.496,0.026,0.000,13.2
2026-08-04T09:57:21.885330,1738,0.492,0.023,0.000,38.0
2026-08-04T09:57:21.922748,1739,0.468,0.021,0.000,27.2
2026-08-04T09:57:22.019668,1740,0.498,0.035,0.000,10.5
2026-08-04T09:57:22.031283,1741,0.472,0.034,0.000,91.8
2026-08-04T09:57:22.086388,1742,0.479,0.051,0.000,18.5
2026-08-04T09:57:22.147667,1743,0.503,0.056,0.000,16.6
2026-08-04T09:57:22.158638,1744,0.520,0.056,0.000,98.7
2026-08-04T09:57:22.218001,1745,0.615,0.063,0.000,17.2
2026-08-04T09:57:22.285382,1746,0.638,0.108,0.000,15.2
2026-08-04T09:57:22.295104,1747,0.000,0.000,0.000,111.6
2026-08-04T09:57:22.352879,1748,0.000,0.000,0.000,17.9
2026-08-04T09:57:22.451890,1749,0.000,0.000,0.000,10.2
2026-08-04T09:57:22.459932,1750,0.000,0.000,0.000,136.2
2026-08-04T09:57:22.517887,1751,0.000,0.000,0.000,17.5
2026-08-04T09:57:22.583738,1752,0.000,0.000,0.000,15.5
2026-08-04T09:57:22.617273,1753,0.000,0.000,0.000,30.4
2026-08-04T09:57:22.653099,1754,0.000,0.000,0.000,29.3
2026-08-04T09:57:22.755987,1755,0.000,0.000,0.000,9.8
2026-08-04T09:57:22.764870,1756,0.000,0.000,0.000,123.1
2026-08-04T09:57:22.815802,1757,0.000,0.000,0.000,20.2
2026-08-04T09:57:22.881497,1758,0.000,0.000,0.000,15.5
2026-08-04T09:57:22.889739,1759,0.000,0.000,0.000,132.7
2026-08-04T09:57:22.949824,1760,0.000,0.000,0.000,17.0
2026-08-04T09:57:23.019533,1761,0.000,0.000,0.000,14.6
2026-08-04T09:57:23.047577,1762,0.000,0.000,0.000,36.5
2026-08-04T09:57:23.086085,1763,0.000,0.000,0.000,26.7
2026-08-04T09:57:23.181743,1764,0.529,0.530,0.000,10.6
2026-08-04T09:57:23.193204,1765,0.571,0.437,0.000,93.5
2026-08-04T09:57:23.253306,1766,0.565,0.466,0.000,16.8
2026-08-04T09:57:23.311377,1767,0.380,0.449,0.000,17.5
2026-08-04T09:57:23.322723,1768,0.302,0.451,0.000,94.8
2026-08-04T09:57:23.382589,1769,0.395,0.417,0.000,16.9
2026-08-04T09:57:23.450994,1770,0.449,0.321,0.000,14.8
2026-08-04T09:57:23.460293,1771,0.488,0.331,0.000,117.3
2026-08-04T09:57:23.516228,1772,0.537,0.373,0.000,18.1
2026-08-04T09:57:23.610625,1773,0.000,0.000,0.000,10.7
2026-08-04T09:57:23.621321,1774,0.000,0.000,0.000,100.7
2026-08-04T09:57:23.680903,1775,0.000,0.000,0.000,17.2
2026-08-04T09:57:23.755218,1776,0.000,0.000,0.000,13.8
2026-08-04T09:57:23.778997,1777,0.000,0.000,0.000,43.3
2026-08-04T09:57:23.818895,1778,0.000,0.000,0.000,25.6
2026-08-04T09:57:23.913988,1779,0.000,0.000,0.000,10.7
2026-08-04T09:57:23.923745,1780,0.000,0.000,0.000,111.3
2026-08-04T09:57:23.983389,1781,0.000,0.000,0.000,17.0
2026-08-04T09:57:24.046328,1782,0.000,0.000,0.000,16.3
2026-08-04T09:57:24.055201,1783,0.000,0.000,0.000,121.9
2026-08-04T09:57:24.112930,1784,0.000,0.000,0.000,17.8
2026-08-04T09:57:24.182916,1785,0.000,0.000,0.000,14.6
2026-08-04T09:57:24.211507,1786,0.000,0.000,0.000,35.8
2026-08-04T09:57:24.250816,1787,0.000,0.000,0.000,26.2
2026-08-04T09:57:24.344507,1788,0.000,0.000,0.000,10.8
2026-08-04T09:57:24.354374,1789,0.000,0.000,0.000,109.9
2026-08-04T09:57:24.414715,1790,0.396,0.727,0.000,16.8
2026-08-04T09:57:24.483962,1791,0.000,0.000,0.000,14.6
2026-08-04T09:57:24.513912,1792,0.371,0.300,0.000,35.1
2026-08-04T09:57:24.548331,1793,0.351,0.400,0.000,30.2
2026-08-04T09:57:24.617993,1794,0.333,0.313,0.000,14.6
2026-08-04T09:57:24.629326,1795,0.316,0.269,0.000,94.4
2026-08-04T09:57:24.681997,1796,0.292,0.274,0.000,19.2
2026-08-04T09:57:24.780579,1797,0.285,0.269,0.000,10.3
2026-08-04T09:57:24.790406,1798,0.287,0.269,0.000,110.9
2026-08-04T09:57:24.846014,1799,0.262,0.109,0.000,18.9
2026-08-04T09:57:24.915396,1800,0.290,0.056,0.000,14.6
2026-08-04T09:57:24.940293,1801,0.000,0.000,0.000,41.5
2026-08-04T09:57:24.982287,1802,0.000,0.000,0.000,24.5
2026-08-04T09:57:25.075010,1803,0.000,0.000,0.000,11.0
2026-08-04T09:57:25.082993,1804,0.000,0.000,0.000,136.9
2026-08-04T09:57:25.146006,1805,0.000,0.000,0.000,16.2
2026-08-04T09:57:25.214284,1806,0.000,0.000,0.000,15.0
2026-08-04T09:57:25.224968,1807,0.000,0.000,0.000,100.6
2026-08-04T09:57:25.276415,1808,0.000,0.000,0.000,19.7
2026-08-04T09:57:25.343924,1809,0.000,0.000,0.000,15.0
2026-08-04T09:57:25.378349,1810,0.000,0.000,0.000,29.7
2026-08-04T09:57:25.413623,1811,0.000,0.000,0.000,29.4
2026-08-04T09:57:25.513562,1812,0.000,0.000,0.000,10.1
2026-08-04T09:57:25.521930,1813,0.000,0.000,0.000,131.4
2026-08-04T09:57:25.578327,1814,0.000,0.000,0.000,18.0
2026-08-04T09:57:25.645316,1815,0.000,0.000,0.000,15.3
2026-08-04T09:57:25.676044,1816,0.000,0.000,0.000,34.0
2026-08-04T09:57:25.711862,1817,0.000,0.000,0.000,28.7
2026-08-04T09:57:25.783078,1818,0.000,0.000,0.000,14.3
2026-08-04T09:57:25.793676,1819,0.000,0.000,0.000,101.0
2026-08-04T09:57:25.843752,1820,0.000,0.000,0.000,20.3
2026-08-04T09:57:25.942362,1821,0.000,0.000,0.000,10.3
2026-08-04T09:57:25.950279,1822,0.000,0.000,0.000,137.6
2026-08-04T09:57:26.010580,1823,0.000,0.000,0.000,16.9
2026-08-04T09:57:26.074441,1824,0.000,0.000,0.000,15.9
2026-08-04T09:57:26.111727,1825,0.000,0.000,0.000,27.4
2026-08-04T09:57:26.146050,1826,0.000,0.000,0.000,30.5
2026-08-04T09:57:26.252061,1827,0.296,0.194,0.000,9.6
2026-08-04T09:57:26.261292,1828,0.211,0.469,0.000,117.8
2026-08-04T09:57:26.310402,1829,0.246,0.245,0.000,20.6
2026-08-04T09:57:26.372049,1830,0.227,0.243,0.000,16.4
2026-08-04T09:57:26.383100,1831,0.221,0.227,0.000,96.6
2026-08-04T09:57:26.442090,1832,0.202,0.204,0.000,17.2
2026-08-04T09:57:26.514300,1833,0.191,0.179,0.000,14.0
2026-08-04T09:57:26.540670,1834,0.203,0.173,0.000,39.0
2026-08-04T09:57:26.579496,1835,0.214,0.175,0.000,26.2
2026-08-04T09:57:26.670778,1836,0.227,0.157,0.000,11.1
2026-08-04T09:57:26.683377,1837,0.232,0.163,0.000,83.9
2026-08-04T09:57:26.743831,1838,0.212,0.173,0.000,16.7
2026-08-04T09:57:26.815880,1839,0.200,0.177,0.000,14.1
2026-08-04T09:57:26.839404,1840,0.296,0.238,0.000,43.9
2026-08-04T09:57:26.875520,1841,0.352,0.277,0.000,28.3
2026-08-04T09:57:26.940808,1842,0.443,0.273,0.000,15.6
2026-08-04T09:57:26.950485,1843,0.523,0.349,0.000,113.4
2026-08-04T09:57:27.007392,1844,0.000,0.000,0.000,17.8
2026-08-04T09:57:27.104538,1845,0.000,0.000,0.000,10.4
2026-08-04T09:57:27.112491,1846,0.000,0.000,0.000,136.8
2026-08-04T09:57:27.172796,1847,0.000,0.000,0.000,16.8
2026-08-04T09:57:27.244575,1848,0.000,0.000,0.000,14.2
2026-08-04T09:57:27.272190,1849,0.000,0.000,0.000,38.0
2026-08-04T09:57:27.309840,1850,0.000,0.000,0.000,27.3
2026-08-04T09:57:27.407954,1851,0.000,0.000,0.000,10.3
2026-08-04T09:57:27.419892,1852,0.000,0.000,0.000,89.8
2026-08-04T09:57:27.476028,1853,0.000,0.000,0.000,18.2
2026-08-04T09:57:27.536700,1854,0.000,0.000,0.000,16.9
2026-08-04T09:57:27.546632,1855,0.000,0.000,0.000,108.6
2026-08-04T09:57:27.605592,1856,0.000,0.000,0.000,17.2
2026-08-04T09:57:27.676735,1857,0.000,0.000,0.000,14.3
2026-08-04T09:57:27.701385,1858,0.000,0.000,0.000,41.8
2026-08-04T09:57:27.742103,1859,0.000,0.000,0.000,25.2
2026-08-04T09:57:27.836483,1860,0.000,0.000,0.000,10.7
2026-08-04T09:57:27.849246,1861,0.807,0.359,0.000,82.5
2026-08-04T09:57:27.907790,1862,0.720,0.070,0.000,17.3
2026-08-04T09:57:27.979288,1863,0.592,0.020,0.000,14.2
2026-08-04T09:57:28.004696,1864,0.533,0.113,0.000,41.4
2026-08-04T09:57:28.038585,1865,0.493,0.144,0.000,30.2
2026-08-04T09:57:28.103463,1866,0.473,0.198,0.000,15.6
2026-08-04T09:57:28.113493,1867,0.472,0.189,0.000,108.6
2026-08-04T09:57:28.174187,1868,0.402,0.259,0.000,16.7
2026-08-04T09:57:28.274061,1869,0.395,0.310,0.000,10.1
2026-08-04T09:57:28.286557,1870,0.388,0.341,0.000,86.9
2026-08-04T09:57:28.337934,1871,0.374,0.317,0.000,19.8
2026-08-04T09:57:28.409520,1872,0.377,0.309,0.000,14.2
2026-08-04T09:57:28.436831,1873,0.370,0.268,0.000,37.6
2026-08-04T09:57:28.476560,1874,0.363,0.238,0.000,25.6
2026-08-04T09:57:28.572389,1875,0.222,0.214,0.000,10.6
2026-08-04T09:57:28.581497,1876,0.139,0.204,0.000,119.0
2026-08-04T09:57:28.637715,1877,0.162,0.186,0.000,18.0
2026-08-04T09:57:28.711686,1878,0.186,0.168,0.000,13.8
2026-08-04T09:57:28.724009,1879,0.203,0.188,0.000,86.7
2026-08-04T09:57:28.769495,1880,0.252,0.183,0.000,22.9
2026-08-04T09:57:28.836614,1881,0.263,0.174,0.000,15.1
2026-08-04T09:57:28.870931,1882,0.296,0.116,0.000,29.9
2026-08-04T09:57:28.905037,1883,0.307,0.127,0.000,30.2
2026-08-04T09:57:29.011011,1884,0.322,0.068,0.000,9.5
2026-08-04T09:57:29.019885,1885,0.317,0.075,0.000,123.6
2026-08-04T09:57:29.069512,1886,0.313,0.044,0.000,20.5
2026-08-04T09:57:29.138779,1887,0.321,0.032,0.000,14.6
2026-08-04T09:57:29.169069,1888,0.216,0.011,0.000,33.8
2026-08-04T09:57:29.202667,1889,0.137,0.012,0.000,30.7
2026-08-04T09:57:29.270251,1890,0.230,0.005,0.000,15.0
2026-08-04T09:57:29.281642,1891,0.274,0.004,0.000,94.1
2026-08-04T09:57:29.338162,1892,0.266,0.003,0.000,17.9
2026-08-04T09:57:29.437161,1893,0.327,0.024,0.000,10.2
2026-08-04T09:57:29.448979,1894,0.353,0.013,0.000,90.2
2026-08-04T09:57:29.504287,1895,0.403,0.009,0.000,18.3
2026-08-04T09:57:29.571311,1896,0.384,0.005,0.000,15.1
2026-08-04T09:57:29.600763,1897,0.400,0.006,0.000,34.8
2026-08-04T09:57:29.637087,1898,0.418,0.053,0.000,28.3
2026-08-04T09:57:29.738302,1899,0.000,0.000,0.000,10.0
2026-08-04T09:57:29.751300,1900,0.000,0.000,0.000,86.6
2026-08-04T09:57:29.802993,1901,0.000,0.000,0.000,19.8
2026-08-04T09:57:29.868741,1902,0.000,0.000,0.000,15.5
2026-08-04T09:57:29.879377,1903,0.000,0.000,0.000,103.9
2026-08-04T09:57:29.932221,1904,0.000,0.000,0.000,19.3
2026-08-04T09:57:30.007486,1905,0.000,0.000,0.000,13.5
2026-08-04T09:57:30.032532,1906,0.000,0.000,0.000,41.3
2026-08-04T09:57:30.069128,1907,0.000,0.000,0.000,28.5
2026-08-04T09:57:30.163853,1908,0.000,0.000,0.000,10.7
2026-08-04T09:57:30.174609,1909,0.000,0.000,0.000,109.4
2026-08-04T09:57:30.234472,1910,0.000,0.000,0.000,17.1
2026-08-04T09:57:30.304229,1911,0.000,0.000,0.000,14.6
2026-08-04T09:57:30.332320,1912,0.000,0.000,0.000,36.5
2026-08-04T09:57:30.365512,1913,0.000,0.000,0.000,30.9
2026-08-04T09:57:30.433573,1914,0.000,0.000,0.000,15.0
2026-08-04T09:57:30.442279,1915,0.000,0.000,0.000,127.3
2026-08-04T09:57:30.503544,1916,0.000,0.000,0.000,16.6
2026-08-04T09:57:30.596085,1917,0.000,0.000,0.000,11.0
2026-08-04T09:57:30.605419,1918,0.000,0.000,0.000,117.4
2026-08-04T09:57:30.665326,1919,0.000,0.000,0.000,17.0
2026-08-04T09:57:30.739321,1920,0.000,0.000,0.000,13.7
2026-08-04T09:57:30.764018,1921,0.000,0.000,0.000,41.9
2026-08-04T09:57:30.801181,1922,0.000,0.000,0.000,28.1
2026-08-04T09:57:30.898672,1923,0.000,0.000,0.000,10.4
2026-08-04T09:57:30.909042,1924,0.000,0.000,0.000,104.0
2026-08-04T09:57:30.965228,1925,0.000,0.000,0.000,18.1
2026-08-04T09:57:31.024029,1926,0.000,0.000,0.000,17.3
2026-08-04T09:57:31.032672,1927,0.000,0.000,0.000,128.9
2026-08-04T09:57:31.097734,1928,0.000,0.000,0.000,15.6
2026-08-04T09:57:31.167139,1929,0.000,0.000,0.000,14.6
2026-08-04T09:57:31.195927,1930,0.000,0.000,0.000,35.7
2026-08-04T09:57:31.234348,1931,0.000,0.000,0.000,26.7
2026-08-04T09:57:31.327359,1932,0.000,0.000,0.000,10.9
2026-08-04T09:57:31.337223,1933,0.000,0.000,0.000,109.6
2026-08-04T09:57:31.397609,1934,0.000,0.000,0.000,16.9
2026-08-04T09:57:31.467476,1935,0.000,0.000,0.000,14.5
2026-08-04T09:57:31.495454,1936,0.000,0.000,0.000,36.7
2026-08-04T09:57:31.529637,1937,0.000,0.000,0.000,30.0
2026-08-04T09:57:31.596131,1938,0.000,0.000,0.000,15.3
2026-08-04T09:57:31.606818,1939,0.000,0.000,0.000,100.3
2026-08-04T09:57:31.665302,1940,0.000,0.000,0.000,17.4
2026-08-04T09:57:31.765517,1941,0.000,0.000,0.000,10.1
2026-08-04T09:57:31.775238,1942,0.000,0.000,0.000,110.4
2026-08-04T09:57:31.831691,1943,0.000,0.000,0.000,18.1
2026-08-04T09:57:31.895224,1944,0.000,0.000,0.000,16.0
2026-08-04T09:57:31.927744,1945,0.000,0.000,0.000,31.4
2026-08-04T09:57:31.967472,1946,0.000,0.000,0.000,26.0
2026-08-04T09:57:32.056812,1947,0.000,0.000,0.000,11.3
2026-08-04T09:57:32.059557,1948,0.000,0.000,0.000,482.1
2026-08-04T09:57:32.121334,1949,0.000,0.000,0.000,16.8
2026-08-04T09:57:32.184388,1950,0.000,0.000,0.000,16.1
2026-08-04T09:57:32.187602,1951,0.000,0.000,0.000,495.3
2026-08-04T09:57:32.253573,1952,0.000,0.000,0.000,15.3
2026-08-04T09:57:32.320626,1953,0.000,0.000,0.000,15.2
2026-08-04T09:57:32.352683,1954,0.000,0.000,0.000,31.9
2026-08-04T09:57:32.388984,1955,0.000,0.000,0.000,28.2
2026-08-04T09:57:32.493806,1956,0.000,0.000,0.000,9.6
2026-08-04T09:57:32.496684,1957,0.000,0.000,0.000,462.7
2026-08-04T09:57:32.552568,1958,0.000,0.000,0.000,18.2
2026-08-04T09:57:32.625193,1959,0.000,0.000,0.000,13.9
2026-08-04T09:57:32.653029,1960,0.000,0.000,0.000,36.9
2026-08-04T09:57:32.684516,1961,0.000,0.000,0.000,33.7
2026-08-04T09:57:32.763269,1962,0.000,0.000,0.000,12.8
2026-08-04T09:57:32.766020,1963,0.000,0.000,0.000,486.5
2026-08-04T09:57:32.821131,1964,0.000,0.000,0.000,18.3
2026-08-04T09:57:32.923133,1965,0.000,0.000,0.000,9.9
2026-08-04T09:57:32.926048,1966,0.000,0.000,0.000,484.3
2026-08-04T09:57:32.984911,1967,0.000,0.000,0.000,17.6
2026-08-04T09:57:33.053034,1968,0.000,0.000,0.000,15.0
2026-08-04T09:57:33.084797,1969,0.000,0.000,0.000,32.3
2026-08-04T09:57:33.120414,1970,0.000,0.000,0.000,28.8
2026-08-04T09:57:33.221078,1971,0.000,0.000,0.000,10.1
2026-08-04T09:57:33.226247,1972,0.000,0.000,0.000,229.9
2026-08-04T09:57:33.285531,1973,0.000,0.000,0.000,17.3
2026-08-04T09:57:33.353973,1974,0.000,0.000,0.000,14.9
2026-08-04T09:57:33.356838,1975,0.000,0.000,0.000,484.6
2026-08-04T09:57:33.417542,1976,0.000,0.000,0.000,16.6
2026-08-04T09:57:33.490234,1977,0.000,0.000,0.000,14.0
2026-08-04T09:57:33.517561,1978,0.000,0.000,0.000,39.2
2026-08-04T09:57:33.553040,1979,0.000,0.000,0.000,29.4
2026-08-04T09:57:33.648790,1980,0.000,0.000,0.000,10.6
2026-08-04T09:57:33.651600,1981,0.000,0.000,0.000,467.0
2026-08-04T09:57:33.717465,1982,0.000,0.000,0.000,15.8
2026-08-04T09:57:33.790095,1983,0.000,0.000,0.000,14.0
2026-08-04T09:57:33.818025,1984,0.000,0.000,0.000,37.0
2026-08-04T09:57:33.849611,1985,0.000,0.000,0.000,33.5
2026-08-04T09:57:33.920221,1986,0.000,0.000,0.000,14.5
2026-08-04T09:57:33.923511,1987,0.000,0.000,0.000,495.9
2026-08-04T09:57:33.986107,1988,0.000,0.000,0.000,16.1
2026-08-04T09:57:34.084718,1989,0.000,0.000,0.000,10.3
2026-08-04T09:57:34.087650,1990,0.000,0.000,0.000,467.3
2026-08-04T09:57:34.157749,1991,0.000,0.000,0.000,14.4
2026-08-04T09:57:34.222852,1992,0.000,0.000,0.000,15.7
2026-08-04T09:57:34.258431,1993,0.000,0.000,0.000,29.6
2026-08-04T09:57:34.294643,1994,0.000,0.000,0.000,28.9
2026-08-04T09:57:34.392206,1995,0.000,0.000,0.000,10.4
2026-08-04T09:57:34.405731,1996,0.300,0.029,0.000,78.0
2026-08-04T09:57:34.460296,1997,0.308,0.008,0.000,18.7
2026-08-04T09:57:34.524303,1998,0.298,0.004,0.000,15.8
2026-08-04T09:57:34.534615,1999,0.315,0.005,0.000,105.7
2026-08-04T09:57:34.590563,2000,0.299,0.005,0.000,18.1
2026-08-04T09:57:34.659235,2001,0.309,0.012,0.000,14.9
2026-08-04T09:57:34.688282,2002,0.311,0.014,0.000,35.3
2026-08-04T09:57:34.726522,2003,0.310,0.013,0.000,26.7
2026-08-04T09:57:34.822494,2004,0.314,0.011,0.000,10.6
2026-08-04T09:57:34.833250,2005,0.317,0.003,0.000,99.2
2026-08-04T09:57:34.890043,2006,0.329,0.011,0.000,17.9
2026-08-04T09:57:34.963770,2007,0.345,0.014,0.000,13.8
2026-08-04T09:57:34.987847,2008,0.328,0.003,0.000,42.9
2026-08-04T09:57:35.021107,2009,0.351,0.002,0.000,30.8
2026-08-04T09:57:35.092337,2010,0.343,0.001,0.000,14.2
2026-08-04T09:57:35.102010,2011,0.313,0.002,0.000,111.4
2026-08-04T09:57:35.158654,2012,0.170,0.003,0.000,18.4
2026-08-04T09:57:35.256603,2013,0.000,0.000,0.000,10.3
2026-08-04T09:57:35.266016,2014,0.000,0.000,0.000,114.6
2026-08-04T09:57:35.320752,2015,0.000,0.000,0.000,18.6
2026-08-04T09:57:35.387793,2016,0.000,0.000,0.000,15.2
2026-08-04T09:57:35.420741,2017,0.000,0.000,0.000,31.0
2026-08-04T09:57:35.457185,2018,0.000,0.000,0.000,28.3
2026-08-04T09:57:35.551865,2019,0.000,0.000,0.000,10.7
2026-08-04T09:57:35.560944,2020,0.000,0.000,0.000,119.4
2026-08-04T09:57:35.620768,2021,0.000,0.000,0.000,17.0
2026-08-04T09:57:35.686026,2022,0.000,0.000,0.000,15.6
2026-08-04T09:57:35.694254,2023,0.000,0.000,0.000,131.7
2026-08-04T09:57:35.754743,2024,0.000,0.000,0.000,17.2
2026-08-04T09:57:35.823635,2025,0.000,0.000,0.000,14.8
2026-08-04T09:57:35.852467,2026,0.000,0.000,0.000,35.5
2026-08-04T09:57:35.888868,2027,0.000,0.000,0.000,28.3
2026-08-04T09:57:35.991773,2028,0.000,0.000,0.000,9.8
2026-08-04T09:57:36.003981,2029,0.000,0.000,0.000,92.3
2026-08-04T09:57:36.053863,2030,0.000,0.000,0.000,20.4
2026-08-04T09:57:36.121144,2031,0.000,0.000,0.000,15.2
2026-08-04T09:57:36.154026,2032,0.000,0.000,0.000,31.1
2026-08-04T09:57:36.186326,2033,0.000,0.000,0.000,32.1
2026-08-04T09:57:36.260727,2034,0.000,0.000,0.000,13.6
2026-08-04T09:57:36.269391,2035,0.000,0.000,0.000,129.9
2026-08-04T09:57:36.321680,2036,0.000,0.000,0.000,19.5
2026-08-04T09:57:36.416747,2037,0.000,0.000,0.000,10.7
2026-08-04T09:57:36.428764,2038,0.000,0.000,0.000,88.5
2026-08-04T09:57:36.486850,2039,0.000,0.000,0.000,17.5
2026-08-04T09:57:36.551293,2040,0.000,0.000,0.000,16.0
2026-08-04T09:57:36.585212,2041,0.000,0.000,0.000,30.1
2026-08-04T09:57:36.624642,2042,0.345,0.017,0.000,26.1
2026-08-04T09:57:36.719800,2043,0.344,0.068,0.000,10.6
2026-08-04T09:57:36.734149,2044,0.357,0.047,0.000,73.7
2026-08-04T09:57:36.786342,2045,0.417,0.206,0.000,19.4
2026-08-04T09:57:36.850776,2046,0.426,0.090,0.000,15.8
2026-08-04T09:57:36.860021,2047,0.432,0.119,0.000,117.2
2026-08-04T09:57:36.918423,2048,0.405,0.185,0.000,17.9
2026-08-04T09:57:36.992536,2049,0.410,0.125,0.000,13.7
2026-08-04T09:57:37.015959,2050,0.358,0.222,0.000,44.0
2026-08-04T09:57:37.054678,2051,0.373,0.207,0.000,26.8
2026-08-04T09:57:37.150372,2052,0.312,0.023,0.000,10.6
2026-08-04T09:57:37.162376,2053,0.315,0.023,0.000,88.1
2026-08-04T09:57:37.218492,2054,0.316,0.020,0.000,18.1
2026-08-04T09:57:37.291115,2055,0.276,0.016,0.000,13.9
2026-08-04T09:57:37.317068,2056,0.303,0.019,0.000,40.1
2026-08-04T09:57:37.351949,2057,0.291,0.008,0.000,29.7
2026-08-04T09:57:37.414945,2058,0.306,0.008,0.000,16.0
2026-08-04T09:57:37.425846,2059,0.298,0.011,0.000,98.2
2026-08-04T09:57:37.487637,2060,0.279,0.016,0.000,16.4
2026-08-04T09:57:37.580868,2061,0.286,0.013,0.000,10.9
2026-08-04T09:57:37.593975,2062,0.275,0.011,0.000,80.3
2026-08-04T09:57:37.650102,2063,0.262,0.007,0.000,18.2
2026-08-04T09:57:37.719139,2064,0.256,0.009,0.000,14.7
2026-08-04T09:57:37.748250,2065,0.212,0.010,0.000,35.2
2026-08-04T09:57:37.786204,2066,0.230,0.008,0.000,27.2
2026-08-04T09:57:37.885454,2067,0.236,0.008,0.000,10.2
2026-08-04T09:57:37.895074,2068,0.239,0.012,0.000,112.4
2026-08-04T09:57:37.948850,2069,0.250,0.012,0.000,19.0
2026-08-04T09:57:38.015104,2070,0.270,0.011,0.000,15.3
2026-08-04T09:57:38.024220,2071,0.275,0.010,0.000,119.4
2026-08-04T09:57:38.081676,2072,0.280,0.008,0.000,17.7
2026-08-04T09:57:38.152455,2073,0.283,0.007,0.000,14.3
2026-08-04T09:57:38.179326,2074,0.265,0.010,0.000,38.2
2026-08-04T09:57:38.218346,2075,0.294,0.011,0.000,26.2
2026-08-04T09:57:38.311786,2076,0.286,0.011,0.000,10.8
2026-08-04T09:57:38.320558,2077,0.297,0.007,0.000,125.5
2026-08-04T09:57:38.383500,2078,0.309,0.009,0.000,16.1
2026-08-04T09:57:38.448330,2079,0.309,0.005,0.000,15.6
2026-08-04T09:57:38.481824,2080,0.312,0.010,0.000,30.5
2026-08-04T09:57:38.515483,2081,0.312,0.011,0.000,30.7
2026-08-04T09:57:38.584782,2082,0.287,0.015,0.000,14.7
2026-08-04T09:57:38.595734,2083,0.316,0.012,0.000,108.4
2026-08-04T09:57:38.646798,2084,0.000,0.000,0.000,20.0
2026-08-04T09:57:38.752038,2085,0.000,0.000,0.000,9.6
2026-08-04T09:57:38.762326,2086,0.000,0.000,0.000,106.7
2026-08-04T09:57:38.814901,2087,0.000,0.000,0.000,19.3
2026-08-04T09:57:38.874408,2088,0.000,0.000,0.000,17.1
2026-08-04T09:57:38.904319,2089,0.000,0.000,0.000,34.3
2026-08-04T09:57:38.940627,2090,0.000,0.000,0.000,28.1
2026-08-04T09:57:39.040906,2091,0.000,0.000,0.000,10.0
2026-08-04T09:57:39.043584,2092,0.000,0.000,0.000,549.6
2026-08-04T09:57:39.104913,2093,0.000,0.000,0.000,16.4
2026-08-04T09:57:39.169245,2094,0.000,0.000,0.000,15.9
2026-08-04T09:57:39.171719,2095,0.000,0.000,0.000,560.1
2026-08-04T09:57:39.236987,2096,0.000,0.000,0.000,15.4
2026-08-04T09:57:39.305285,2097,0.000,0.000,0.000,14.9
2026-08-04T09:57:39.336456,2098,0.000,0.000,0.000,32.8
2026-08-04T09:57:39.372800,2099,0.000,0.000,0.000,28.4
2026-08-04T09:57:39.468992,2100,0.000,0.000,0.000,10.5
2026-08-04T09:57:39.471514,2101,0.000,0.000,0.000,535.7
2026-08-04T09:57:39.536601,2102,0.000,0.000,0.000,15.5
2026-08-04T09:57:39.606697,2103,0.000,0.000,0.000,14.5
2026-08-04T09:57:39.636330,2104,0.000,0.000,0.000,34.7
2026-08-04T09:57:39.669540,2105,0.000,0.000,0.000,30.9
2026-08-04T09:57:39.742033,2106,0.000,0.000,0.000,14.0
2026-08-04T09:57:39.746398,2107,0.000,0.000,0.000,336.2
2026-08-04T09:57:39.804471,2108,0.000,0.000,0.000,17.6
2026-08-04T09:57:39.901621,2109,0.000,0.000,0.000,10.4
2026-08-04T09:57:39.904316,2110,0.000,0.000,0.000,510.8
2026-08-04T09:57:39.969443,2111,0.000,0.000,0.000,15.5
2026-08-04T09:57:40.038310,2112,0.000,0.000,0.000,14.9
2026-08-04T09:57:40.069547,2113,0.000,0.000,0.000,32.7
2026-08-04T09:57:40.105230,2114,0.000,0.000,0.000,29.0
2026-08-04T09:57:40.200521,2115,0.000,0.000,0.000,10.7
2026-08-04T09:57:40.203128,2116,0.000,0.000,0.000,511.8
2026-08-04T09:57:40.237693,2117,0.000,0.000,0.000,29.6
2026-08-04T09:57:40.302377,2118,0.000,0.000,0.000,15.8
2026-08-04T09:57:40.305061,2119,0.000,0.000,0.000,513.5
2026-08-04T09:57:40.369298,2120,0.000,0.000,0.000,15.7
2026-08-04T09:57:40.433492,2121,0.000,0.000,0.000,16.0
2026-08-04T09:57:40.436345,2122,0.000,0.000,0.000,492.6
2026-08-04T09:57:40.501213,2123,0.000,0.000,0.000,15.6
2026-08-04T09:57:40.568576,2124,0.000,0.000,0.000,15.2
2026-08-04T09:57:40.600962,2125,0.000,0.000,0.000,31.4
2026-08-04T09:57:40.637152,2126,0.000,0.000,0.000,28.5
2026-08-04T09:57:40.739458,2127,0.000,0.000,0.000,9.9
2026-08-04T09:57:40.744356,2128,0.000,0.000,0.000,274.4
2026-08-04T09:57:40.801542,2129,0.000,0.000,0.000,18.0
2026-08-04T09:57:40.866598,2130,0.000,0.000,0.000,15.7
2026-08-04T09:57:40.869241,2131,0.000,0.000,0.000,523.9
2026-08-04T09:57:40.901230,2132,0.000,0.000,0.000,31.8
2026-08-04T09:57:40.968972,2133,0.000,0.000,0.000,15.1
2026-08-04T09:57:40.971383,2134,0.000,0.000,0.000,548.3
2026-08-04T09:57:41.034350,2135,0.000,0.000,0.000,16.0
2026-08-04T09:57:41.101335,2136,0.000,0.000,0.000,15.2
2026-08-04T09:57:41.133731,2137,0.000,0.000,0.000,31.7
2026-08-04T09:57:41.169924,2138,0.000,0.000,0.000,28.7
2026-08-04T09:57:41.269578,2139,0.000,0.000,0.000,10.2
2026-08-04T09:57:41.272261,2140,0.000,0.000,0.000,519.1
2026-08-04T09:57:41.332932,2141,0.000,0.000,0.000,16.7
2026-08-04T09:57:41.395586,2142,0.000,0.000,0.000,16.3
2026-08-04T09:57:41.401047,2143,0.000,0.000,0.000,214.5
2026-08-04T09:57:41.432931,2144,0.000,0.000,0.000,32.1
2026-08-04T09:57:41.504895,2145,0.000,0.000,0.000,14.2
2026-08-04T09:57:41.508743,2146,0.000,0.000,0.000,320.5
2026-08-04T09:57:41.565634,2147,0.000,0.000,0.000,18.0
2026-08-04T09:57:41.635810,2148,0.000,0.000,0.000,14.5
2026-08-04T09:57:41.664395,2149,0.000,0.000,0.000,35.9
2026-08-04T09:57:41.700516,2150,0.000,0.000,0.000,28.3
2026-08-04T09:57:41.797354,2151,0.000,0.000,0.000,10.4
2026-08-04T09:57:41.806427,2152,0.000,0.000,0.000,119.5
2026-08-04T09:57:41.872467,2153,0.000,0.000,0.000,15.6
2026-08-04T09:57:41.940900,2154,0.000,0.000,0.000,14.9
2026-08-04T09:57:41.974483,2155,0.124,0.011,0.000,30.6
2026-08-04T09:57:42.007467,2156,0.106,0.006,0.000,31.2
2026-08-04T09:57:42.073830,2157,0.085,0.009,0.000,15.5
2026-08-04T09:57:42.084494,2158,0.101,0.017,0.000,100.4
2026-08-04T09:57:42.141909,2159,0.157,0.002,0.000,17.7
2026-08-04T09:57:42.242066,2160,0.174,0.025,0.000,10.1
2026-08-04T09:57:42.254679,2161,0.189,0.006,0.000,89.4
2026-08-04T09:57:42.305989,2162,0.231,0.008,0.000,19.9
2026-08-04T09:57:42.374152,2163,0.234,0.005,0.000,14.9
2026-08-04T09:57:42.406363,2164,0.272,0.009,0.000,32.0
2026-08-04T09:57:42.441015,2165,0.298,0.011,0.000,29.8
2026-08-04T09:57:42.539688,2166,0.312,0.024,0.000,10.2
2026-08-04T09:57:42.548137,2167,0.308,0.023,0.000,129.4
2026-08-04T09:57:42.605556,2168,0.315,0.021,0.000,17.6
2026-08-04T09:57:42.667223,2169,0.317,0.025,0.000,16.5
2026-08-04T09:57:42.680192,2170,0.310,0.041,0.000,82.1
2026-08-04T09:57:42.738443,2171,0.288,0.047,0.000,17.6
2026-08-04T09:57:42.805003,2172,0.280,0.042,0.000,15.3
2026-08-04T09:57:42.837678,2173,0.258,0.082,0.000,31.3
2026-08-04T09:57:42.873046,2174,0.258,0.126,0.000,28.8
2026-08-04T09:57:42.968236,2175,0.257,0.114,0.000,10.6
2026-08-04T09:57:42.977582,2176,0.255,0.094,0.000,116.9
2026-08-04T09:57:43.037569,2177,0.255,0.121,0.000,17.2
2026-08-04T09:57:43.102210,2178,0.254,0.118,0.000,15.8
2026-08-04T09:57:43.138543,2179,0.251,0.121,0.000,28.0
2026-08-04T09:57:43.170550,2180,0.259,0.119,0.000,32.2
2026-08-04T09:57:43.246096,2181,0.275,0.099,0.000,13.4
2026-08-04T09:57:43.259035,2182,0.279,0.086,0.000,82.9
2026-08-04T09:57:43.305680,2183,0.287,0.105,0.000,21.8
2026-08-04T09:57:43.399594,2184,0.278,0.080,0.000,10.8
2026-08-04T09:57:43.410057,2185,0.269,0.057,0.000,103.0
2026-08-04T09:57:43.470041,2186,0.193,0.037,0.000,16.9
2026-08-04T09:57:43.540243,2187,0.154,0.035,0.000,14.4
2026-08-04T09:57:43.568808,2188,0.123,0.031,0.000,36.1
2026-08-04T09:57:43.606007,2189,0.127,0.026,0.000,27.5
2026-08-04T09:57:43.699650,2190,0.140,0.016,0.000,10.8
2026-08-04T09:57:43.710553,2191,0.151,0.009,0.000,97.7
2026-08-04T09:57:43.771457,2192,0.167,0.012,0.000,16.7
2026-08-04T09:57:43.835317,2193,0.178,0.011,0.000,15.9
2026-08-04T09:57:43.844598,2194,0.194,0.010,0.000,116.8
2026-08-04T09:57:43.902770,2195,0.208,0.011,0.000,17.4
2026-08-04T09:57:43.967169,2196,0.215,0.011,0.000,15.7
2026-08-04T09:57:44.003326,2197,0.231,0.010,0.000,28.3
2026-08-04T09:57:44.038321,2198,0.237,0.010,0.000,29.3
2026-08-04T09:57:44.130631,2199,0.261,0.011,0.000,10.9
2026-08-04T09:57:44.139673,2200,0.274,0.008,0.000,120.3
2026-08-04T09:57:44.200754,2201,0.279,0.009,0.000,16.6
2026-08-04T09:57:44.274003,2202,0.274,0.006,0.000,13.9
2026-08-04T09:57:44.298873,2203,0.266,0.007,0.000,41.5
2026-08-04T09:57:44.334332,2204,0.270,0.007,0.000,28.8
2026-08-04T09:57:44.402096,2205,0.271,0.006,0.000,15.0
2026-08-04T09:57:44.412856,2206,0.275,0.006,0.000,99.3
2026-08-04T09:57:44.469321,2207,0.279,0.008,0.000,17.9
2026-08-04T09:57:44.567114,2208,0.280,0.008,0.000,10.3
2026-08-04T09:57:44.578888,2209,0.287,0.008,0.000,90.5
2026-08-04T09:57:44.632809,2210,0.278,0.008,0.000,18.9
2026-08-04T09:57:44.700639,2211,0.285,0.008,0.000,15.0
2026-08-04T09:57:44.734517,2212,0.272,0.010,0.000,30.5
2026-08-04T09:57:44.769821,2213,0.271,0.010,0.000,29.4
2026-08-04T09:57:44.864116,2214,0.244,0.009,0.000,10.7
2026-08-04T09:57:44.877204,2215,0.169,0.009,0.000,80.8
2026-08-04T09:57:44.930829,2216,0.209,0.008,0.000,19.0
2026-08-04T09:57:44.997105,2217,0.239,0.007,0.000,15.3
2026-08-04T09:57:45.010018,2218,0.283,0.007,0.000,83.3
2026-08-04T09:57:45.065825,2219,0.316,0.008,0.000,18.1
2026-08-04T09:57:45.130751,2220,0.317,0.010,0.000,15.6
2026-08-04T09:57:45.166924,2221,0.096,0.014,0.000,28.2
2026-08-04T09:57:45.203674,2222,0.105,0.009,0.000,28.2
2026-08-04T09:57:45.297609,2223,0.110,0.005,0.000,10.8
2026-08-04T09:57:45.308053,2224,0.118,0.005,0.000,102.7
2026-08-04T09:57:45.366564,2225,0.111,0.003,0.000,17.4
2026-08-04T09:57:45.432076,2226,0.000,0.000,0.000,15.4
2026-08-04T09:57:45.463629,2227,0.000,0.000,0.000,32.4
2026-08-04T09:57:45.489082,2228,0.000,0.000,0.000,40.9
2026-08-04T09:57:45.556769,2229,0.000,0.000,0.000,15.1
2026-08-04T09:57:45.559532,2230,0.000,0.000,0.000,470.7
2026-08-04T09:57:45.624403,2231,0.000,0.000,0.000,15.6
2026-08-04T09:57:45.719809,2232,0.000,0.000,0.000,10.6
2026-08-04T09:57:45.723159,2233,0.000,0.000,0.000,385.7
2026-08-04T09:57:45.788584,2234,0.000,0.000,0.000,15.4
2026-08-04T09:57:45.860582,2235,0.000,0.000,0.000,14.1
2026-08-04T09:57:45.889384,2236,0.000,0.000,0.000,35.6
2026-08-04T09:57:45.924617,2237,0.000,0.000,0.000,29.5
2026-08-04T09:57:46.026519,2238,0.000,0.000,0.000,9.9
2026-08-04T09:57:46.029113,2239,0.000,0.000,0.000,527.3
2026-08-04T09:57:46.089066,2240,0.000,0.000,0.000,16.9
2026-08-04T09:57:46.158194,2241,0.000,0.000,0.000,14.6
2026-08-04T09:57:46.161263,2242,0.000,0.000,0.000,424.3
2026-08-04T09:57:46.220820,2243,0.000,0.000,0.000,16.9
2026-08-04T09:57:46.298403,2244,0.000,0.000,0.000,13.1
2026-08-04T09:57:46.327912,2245,0.000,0.000,0.000,34.7
2026-08-04T09:57:46.366979,2246,0.000,0.000,0.000,26.5
2026-08-04T09:57:46.462213,2247,0.379,0.006,0.000,10.6
2026-08-04T09:57:46.473162,2248,0.361,0.002,0.000,97.3
2026-08-04T09:57:46.529666,2249,0.347,0.002,0.000,17.9
2026-08-04T09:57:46.597243,2250,0.340,0.002,0.000,15.0
2026-08-04T09:57:46.629758,2251,0.319,0.003,0.000,31.5
2026-08-04T09:57:46.663501,2252,0.310,0.004,0.000,30.3
2026-08-04T09:57:46.728930,2253,0.315,0.016,0.000,15.4
2026-08-04T09:57:46.740822,2254,0.297,0.005,0.000,89.9
2026-08-04T09:57:46.797508,2255,0.274,0.003,0.000,17.9
2026-08-04T09:57:46.893420,2256,0.277,0.005,0.000,10.5
2026-08-04T09:57:46.907218,2257,0.269,0.005,0.000,76.2
2026-08-04T09:57:46.962321,2258,0.268,0.004,0.000,18.6
2026-08-04T09:57:47.030324,2259,0.260,0.004,0.000,14.9
2026-08-04T09:57:47.060395,2260,0.254,0.008,0.000,34.0
2026-08-04T09:57:47.099248,2261,0.241,0.001,0.000,26.2
2026-08-04T09:57:47.191251,2262,0.246,0.006,0.000,11.0
2026-08-04T09:57:47.200150,2263,0.245,0.001,0.000,124.2
2026-08-04T09:57:47.263864,2264,0.254,0.002,0.000,15.9
2026-08-04T09:57:47.327218,2265,0.254,0.003,0.000,16.1
2026-08-04T09:57:47.338522,2266,0.248,0.003,0.000,94.6
2026-08-04T09:57:47.393857,2267,0.251,0.003,0.000,18.3
2026-08-04T09:57:47.462426,2268,0.252,0.004,0.000,14.8
2026-08-04T09:57:47.494220,2269,0.249,0.002,0.000,32.2
2026-08-04T09:57:47.531151,2270,0.242,0.005,0.000,27.6
2026-08-04T09:57:47.623745,2271,0.245,0.002,0.000,10.9
2026-08-04T09:57:47.635325,2272,0.245,0.002,0.000,100.7
2026-08-04T09:57:47.694566,2273,0.249,0.005,0.000,17.1
2026-08-04T09:57:47.766688,2274,0.239,0.004,0.000,14.1
2026-08-04T09:57:47.791539,2275,0.242,0.003,0.000,41.4
2026-08-04T09:57:47.827302,2276,0.243,0.002,0.000,28.7
2026-08-04T09:57:47.895015,2277,0.242,0.002,0.000,14.9
2026-08-04T09:57:47.904209,2278,0.238,0.003,0.000,118.5
2026-08-04T09:57:47.961791,2279,0.244,0.003,0.000,17.6
2026-08-04T09:57:48.055920,2280,0.243,0.004,0.000,10.7
2026-08-04T09:57:48.069247,2281,0.241,0.002,0.000,79.6
2026-08-04T09:57:48.126123,2282,0.242,0.002,0.000,17.9
2026-08-04T09:57:48.194365,2283,0.244,0.005,0.000,14.9
2026-08-04T09:57:48.225209,2284,0.235,0.008,0.000,33.3
2026-08-04T09:57:48.263561,2285,0.225,0.003,0.000,26.6
2026-08-04T09:57:48.356615,2286,0.101,0.008,0.000,10.9
2026-08-04T09:57:48.364876,2287,0.049,0.024,0.000,132.6
2026-08-04T09:57:48.424929,2288,0.047,0.014,0.000,16.8
2026-08-04T09:57:48.489192,2289,0.048,0.016,0.000,15.8
2026-08-04T09:57:48.501608,2290,0.059,0.008,0.000,89.7
2026-08-04T09:57:48.557054,2291,0.071,0.006,0.000,18.2
2026-08-04T09:57:48.627855,2292,0.089,0.003,0.000,14.3
2026-08-04T09:57:48.654781,2293,0.103,0.018,0.000,38.0
2026-08-04T09:57:48.693500,2294,0.092,0.005,0.000,26.3
2026-08-04T09:57:48.793142,2295,0.000,0.000,0.000,10.1
2026-08-04T09:57:48.804242,2296,0.000,0.000,0.000,95.7
2026-08-04T09:57:48.856502,2297,0.000,0.000,0.000,19.7
2026-08-04T09:57:48.918273,2298,0.000,0.000,0.000,16.4
2026-08-04T09:57:48.949872,2299,0.000,0.000,0.000,32.4
2026-08-04T09:57:48.981738,2300,0.000,0.000,0.000,32.8
2026-08-04T09:57:49.052384,2301,0.000,0.000,0.000,14.4
2026-08-04T09:57:49.055042,2302,0.000,0.000,0.000,499.4
2026-08-04T09:57:49.116924,2303,0.000,0.000,0.000,16.3
2026-08-04T09:57:49.216604,2304,0.000,0.000,0.000,10.2
2026-08-04T09:57:49.219147,2305,0.000,0.000,0.000,528.8
2026-08-04T09:57:49.280651,2306,0.000,0.000,0.000,16.4
2026-08-04T09:57:49.352758,2307,0.000,0.000,0.000,14.0
2026-08-04T09:57:49.381321,2308,0.000,0.000,0.000,36.0
2026-08-04T09:57:49.417585,2309,0.000,0.000,0.000,28.7
2026-08-04T09:57:49.520669,2310,0.000,0.000,0.000,9.8
2026-08-04T09:57:49.523277,2311,0.000,0.000,0.000,523.9
2026-08-04T09:57:49.581029,2312,0.000,0.000,0.000,17.5
2026-08-04T09:57:49.648107,2313,0.000,0.000,0.000,15.1
2026-08-04T09:57:49.650611,2314,0.000,0.000,0.000,558.1
2026-08-04T09:57:49.681446,2315,0.000,0.000,0.000,33.1
2026-08-04T09:57:49.752507,2316,0.000,0.000,0.000,14.3
2026-08-04T09:57:49.764065,2317,0.000,0.000,0.000,97.5
2026-08-04T09:57:49.821600,2318,0.000,0.000,0.000,17.7
2026-08-04T09:57:49.886179,2319,0.000,0.000,0.000,15.8
2026-08-04T09:57:49.919623,2320,0.000,0.000,0.000,30.5
2026-08-04T09:57:49.953036,2321,0.000,0.000,0.000,30.6
2026-08-04T09:57:50.050383,2322,0.000,0.000,0.000,10.3
2026-08-04T09:57:50.058369,2323,0.000,0.000,0.000,136.9
2026-08-04T09:57:50.125297,2324,0.103,0.003,0.000,15.1
2026-08-04T09:57:50.182567,2325,0.131,0.014,0.000,17.7
2026-08-04T09:57:50.190910,2326,0.126,0.004,0.000,129.8
2026-08-04T09:57:50.256533,2327,0.226,0.002,0.000,15.4
2026-08-04T09:57:50.321294,2328,0.203,0.003,0.000,15.7
2026-08-04T09:57:50.354319,2329,0.246,0.001,0.000,31.0
2026-08-04T09:57:50.390740,2330,0.259,0.005,0.000,28.1
2026-08-04T09:57:50.487053,2331,0.247,0.005,0.000,10.5
2026-08-04T09:57:50.499596,2332,0.275,0.005,0.000,89.7
2026-08-04T09:57:50.555206,2333,0.257,0.005,0.000,18.3
2026-08-04T09:57:50.623233,2334,0.268,0.002,0.000,14.8
2026-08-04T09:57:50.651155,2335,0.270,0.006,0.000,36.7
2026-08-04T09:57:50.690745,2336,0.264,0.010,0.000,25.7
2026-08-04T09:57:50.786971,2337,0.269,0.008,0.000,10.5
2026-08-04T09:57:50.798070,2338,0.265,0.007,0.000,95.9
2026-08-04T09:57:50.854383,2339,0.233,0.011,0.000,18.0
2026-08-04T09:57:50.920907,2340,0.173,0.008,0.000,15.2
2026-08-04T09:57:50.932357,2341,0.193,0.008,0.000,93.4
2026-08-04T09:57:50.985884,2342,0.284,0.003,0.000,19.0
2026-08-04T09:57:51.053748,2343,0.301,0.003,0.000,15.0
2026-08-04T09:57:51.087202,2344,0.311,0.004,0.000,30.6
2026-08-04T09:57:51.122796,2345,0.315,0.001,0.000,28.9
2026-08-04T09:57:51.217943,2346,0.316,0.003,0.000,10.6
2026-08-04T09:57:51.229713,2347,0.307,0.002,0.000,91.7
2026-08-04T09:57:51.288358,2348,0.317,0.003,0.000,17.6
2026-08-04T09:57:51.351441,2349,0.310,0.003,0.000,16.1
2026-08-04T09:57:51.362861,2350,0.308,0.002,0.000,93.7
2026-08-04T09:57:51.418051,2351,0.319,0.003,0.000,18.4
2026-08-04T09:57:51.488662,2352,0.317,0.002,0.000,14.4
2026-08-04T09:57:51.518176,2353,0.318,0.002,0.000,35.3
2026-08-04T09:57:51.552908,2354,0.318,0.002,0.000,29.3
2026-08-04T09:57:51.648549,2355,0.318,0.001,0.000,10.5
2026-08-04T09:57:51.660560,2356,0.318,0.003,0.000,88.8
2026-08-04T09:57:51.718736,2357,0.352,0.008,0.000,17.5
2026-08-04T09:57:51.787839,2358,0.327,0.005,0.000,14.7
2026-08-04T09:57:51.817843,2359,0.305,0.006,0.000,34.2
2026-08-04T09:57:51.854312,2360,0.332,0.005,0.000,28.3
2026-08-04T09:57:51.948248,2361,0.371,0.007,0.000,10.7
2026-08-04T09:57:51.957731,2362,0.338,0.004,0.000,116.3
2026-08-04T09:57:52.017103,2363,0.000,0.000,0.000,17.1
2026-08-04T09:57:52.079040,2364,0.000,0.000,0.000,16.6
2026-08-04T09:57:52.092249,2365,0.392,0.037,0.000,80.0
2026-08-04T09:57:52.147633,2366,0.000,0.000,0.000,18.3
2026-08-04T09:57:52.222566,2367,0.364,0.048,0.000,13.6
2026-08-04T09:57:52.245666,2368,0.000,0.000,0.000,44.7
2026-08-04T09:57:52.289657,2369,0.174,0.007,0.000,23.2
2026-08-04T09:57:52.378994,2370,0.000,0.000,0.000,11.3
2026-08-04T09:57:52.387081,2371,0.000,0.000,0.000,136.3
2026-08-04T09:57:52.449019,2372,0.000,0.000,0.000,16.4
2026-08-04T09:57:52.522452,2373,0.311,0.037,0.000,13.8
2026-08-04T09:57:52.529731,2374,0.000,0.000,0.000,155.5
2026-08-04T09:57:52.585143,2375,0.297,0.004,0.000,18.4
2026-08-04T09:57:52.651067,2376,0.284,0.002,0.000,15.4
2026-08-04T09:57:52.681170,2377,0.316,0.004,0.000,34.0
2026-08-04T09:57:52.719039,2378,0.293,0.008,0.000,27.1
2026-08-04T09:57:52.811498,2379,0.271,0.005,0.000,11.0
2026-08-04T09:57:52.823105,2380,0.303,0.001,0.000,91.7
2026-08-04T09:57:52.882147,2381,0.294,0.004,0.000,17.4
2026-08-04T09:57:52.948654,2382,0.276,0.009,0.000,15.3
2026-08-04T09:57:52.983215,2383,0.284,0.013,0.000,29.6
2026-08-04T09:57:53.020863,2384,0.282,0.015,0.000,27.1
2026-08-04T09:57:53.112968,2385,0.286,0.008,0.000,11.0
2026-08-04T09:57:53.122012,2386,0.291,0.013,0.000,120.3
2026-08-04T09:57:53.183290,2387,0.279,0.008,0.000,16.6
2026-08-04T09:57:53.248397,2388,0.292,0.005,0.000,15.5
2026-08-04T09:57:53.258993,2389,0.307,0.002,0.000,102.1
2026-08-04T09:57:53.312562,2390,0.296,0.003,0.000,19.0
2026-08-04T09:57:53.379444,2391,0.309,0.002,0.000,15.2
2026-08-04T09:57:53.413367,2392,0.292,0.008,0.000,30.1
2026-08-04T09:57:53.451377,2393,0.299,0.009,0.000,27.1
2026-08-04T09:57:53.547299,2394,0.293,0.010,0.000,10.5
2026-08-04T09:57:53.556650,2395,0.315,0.008,0.000,115.7
2026-08-04T09:57:53.613907,2396,0.300,0.004,0.000,17.9
2026-08-04T09:57:53.677901,2397,0.321,0.003,0.000,15.9
2026-08-04T09:57:53.689071,2398,0.299,0.003,0.000,96.5
2026-08-04T09:57:53.748080,2399,0.320,0.006,0.000,17.2
2026-08-04T09:57:53.813430,2400,0.000,0.000,0.000,15.6
2026-08-04T09:57:53.846233,2401,0.310,0.037,0.000,31.2
2026-08-04T09:57:53.880615,2402,0.272,0.005,0.000,30.1
2026-08-04T09:57:53.975204,2403,0.291,0.009,0.000,10.7
2026-08-04T09:57:53.985091,2404,0.302,0.015,0.000,109.5
2026-08-04T09:57:54.045803,2405,0.301,0.011,0.000,16.7
2026-08-04T09:57:54.111532,2406,0.287,0.007,0.000,15.4
2026-08-04T09:57:54.147995,2407,0.291,0.027,0.000,28.0
2026-08-04T09:57:54.181991,2408,0.309,0.028,0.000,30.6
2026-08-04T09:57:54.284010,2409,0.290,0.026,0.000,9.9
2026-08-04T09:57:54.296374,2410,0.288,0.003,0.000,85.5
2026-08-04T09:57:54.344485,2411,0.289,0.009,0.000,21.2
2026-08-04T09:57:54.406697,2412,0.289,0.010,0.000,16.3
2026-08-04T09:57:54.417994,2413,0.271,0.004,0.000,95.3
2026-08-04T09:57:54.474194,2414,0.235,0.010,0.000,18.1
2026-08-04T09:57:54.543602,2415,0.223,0.008,0.000,14.6
2026-08-04T09:57:54.575713,2416,0.225,0.008,0.000,31.9
2026-08-04T09:57:54.612041,2417,0.222,0.008,0.000,28.1
2026-08-04T09:57:54.708072,2418,0.249,0.008,0.000,10.5
2026-08-04T09:57:54.717247,2419,0.127,0.006,0.000,118.4
2026-08-04T09:57:54.777484,2420,0.071,0.002,0.000,17.3
2026-08-04T09:57:54.845354,2421,0.066,0.004,0.000,14.9
2026-08-04T09:57:54.855251,2422,0.077,0.006,0.000,107.9
2026-08-04T09:57:54.908902,2423,0.161,0.005,0.000,19.1
2026-08-04T09:57:54.973545,2424,0.188,0.002,0.000,15.6
2026-08-04T09:57:55.010503,2425,0.169,0.006,0.000,27.5
2026-08-04T09:57:55.047627,2426,0.179,0.007,0.000,27.4
2026-08-04T09:57:55.139999,2427,0.192,0.007,0.000,11.0
2026-08-04T09:57:55.150272,2428,0.175,0.006,0.000,104.2
2026-08-04T09:57:55.209994,2429,0.162,0.009,0.000,16.9
2026-08-04T09:57:55.280813,2430,0.176,0.006,0.000,14.3
2026-08-04T09:57:55.307162,2431,0.163,0.008,0.000,39.0
2026-08-04T09:57:55.344689,2432,0.159,0.008,0.000,27.2
2026-08-04T09:57:55.440948,2433,0.169,0.007,0.000,10.5
2026-08-04T09:57:55.450197,2434,0.149,0.005,0.000,119.2
2026-08-04T09:57:55.512686,2435,0.147,0.006,0.000,16.2
2026-08-04T09:57:55.573150,2436,0.153,0.007,0.000,16.9
2026-08-04T09:57:55.582535,2437,0.162,0.008,0.000,114.6
2026-08-04T09:57:55.640933,2438,0.153,0.008,0.000,17.3
2026-08-04T09:57:55.710961,2439,0.148,0.009,0.000,14.5
2026-08-04T09:57:55.743123,2440,0.165,0.007,0.000,31.8
2026-08-04T09:57:55.780419,2441,0.167,0.005,0.000,27.3
2026-08-04T09:57:55.873580,2442,0.180,0.005,0.000,10.8
2026-08-04T09:57:55.884413,2443,0.171,0.006,0.000,99.2
2026-08-04T09:57:55.941299,2444,0.176,0.003,0.000,17.8
2026-08-04T09:57:56.006495,2445,0.166,0.003,0.000,15.6
2026-08-04T09:57:56.019118,2446,0.145,0.002,0.000,86.2
2026-08-04T09:57:56.073944,2447,0.106,0.005,0.000,18.5
2026-08-04T09:57:56.142986,2448,0.095,0.007,0.000,14.7
2026-08-04T09:57:56.173324,2449,0.153,0.007,0.000,33.9
2026-08-04T09:57:56.209894,2450,0.179,0.008,0.000,28.2
2026-08-04T09:57:56.306808,2451,0.206,0.010,0.000,10.4
2026-08-04T09:57:56.320085,2452,0.204,0.009,0.000,81.1
2026-08-04T09:57:56.373095,2453,0.212,0.012,0.000,19.3
2026-08-04T09:57:56.440659,2454,0.210,0.012,0.000,15.0
2026-08-04T09:57:56.472768,2455,0.213,0.008,0.000,32.0
2026-08-04T09:57:56.510852,2456,0.212,0.010,0.000,27.0
2026-08-04T09:57:56.608195,2457,0.218,0.009,0.000,10.4
2026-08-04T09:57:56.620060,2458,0.213,0.010,0.000,89.4
2026-08-04T09:57:56.675040,2459,0.224,0.009,0.000,18.5
2026-08-04T09:57:56.744701,2460,0.226,0.008,0.000,14.6
2026-08-04T09:57:56.756308,2461,0.232,0.008,0.000,95.8
2026-08-04T09:57:56.804872,2462,0.231,0.006,0.000,20.9
2026-08-04T09:57:56.871873,2463,0.232,0.008,0.000,15.1
2026-08-04T09:57:56.906115,2464,0.240,0.008,0.000,29.8
2026-08-04T09:57:56.942768,2465,0.250,0.009,0.000,28.0
2026-08-04T09:57:57.040829,2466,0.247,0.009,0.000,10.3
2026-08-04T09:57:57.052077,2467,0.236,0.008,0.000,95.9
2026-08-04T09:57:57.106227,2468,0.263,0.008,0.000,18.7
2026-08-04T09:57:57.169587,2469,0.291,0.007,0.000,16.0
2026-08-04T09:57:57.180352,2470,0.307,0.006,0.000,98.8
2026-08-04T09:57:57.237082,2471,0.317,0.009,0.000,18.1
2026-08-04T09:57:57.308453,2472,0.320,0.013,0.000,14.2
2026-08-04T09:57:57.338676,2473,0.321,0.011,0.000,33.8
2026-08-04T09:57:57.373828,2474,0.320,0.013,0.000,29.1
2026-08-04T09:57:57.469382,2475,0.320,0.009,0.000,10.6
2026-08-04T09:57:57.480959,2476,0.317,0.007,0.000,92.6
2026-08-04T09:57:57.538238,2477,0.316,0.006,0.000,17.7
2026-08-04T09:57:57.606800,2478,0.317,0.006,0.000,14.8
2026-08-04T09:57:57.637771,2479,0.309,0.006,0.000,33.0
2026-08-04T09:57:57.673844,2480,0.281,0.006,0.000,28.5
2026-08-04T09:57:57.780374,2481,0.049,0.009,0.000,9.5
2026-08-04T09:57:57.792001,2482,0.024,0.010,0.000,92.1
2026-08-04T09:57:57.838480,2483,0.027,0.010,0.000,21.9
2026-08-04T09:57:57.902507,2484,0.036,0.010,0.000,15.9
2026-08-04T09:57:57.913782,2485,0.040,0.011,0.000,94.5
2026-08-04T09:57:57.970751,2486,0.050,0.011,0.000,17.7
2026-08-04T09:57:58.040185,2487,0.038,0.011,0.000,14.6
2026-08-04T09:57:58.067937,2488,0.031,0.008,0.000,37.1
2026-08-04T09:57:58.107262,2489,0.034,0.010,0.000,26.0
2026-08-04T09:57:58.205025,2490,0.032,0.011,0.000,10.3
2026-08-04T09:57:58.218157,2491,0.028,0.012,0.000,81.0
2026-08-04T09:57:58.273990,2492,0.028,0.011,0.000,18.3
2026-08-04T09:57:58.337404,2493,0.038,0.009,0.000,16.2
2026-08-04T09:57:58.350897,2494,0.046,0.013,0.000,79.0
2026-08-04T09:57:58.401239,2495,0.056,0.001,0.000,20.5
2026-08-04T09:57:58.472241,2496,0.059,0.002,0.000,14.3
2026-08-04T09:57:58.500273,2497,0.064,0.006,0.000,36.8
2026-08-04T09:57:58.539906,2498,0.078,0.006,0.000,25.9
2026-08-04T09:57:58.634761,2499,0.092,0.007,0.000,10.7
2026-08-04T09:57:58.647449,2500,0.094,0.010,0.000,83.8
2026-08-04T09:57:58.702519,2501,0.100,0.024,0.000,18.4
2026-08-04T09:57:58.776123,2502,0.151,0.019,0.000,13.8
2026-08-04T09:57:58.798916,2503,0.000,0.000,0.000,45.4
2026-08-04T09:57:58.837779,2504,0.000,0.000,0.000,26.4
2026-08-04T09:57:58.930552,2505,0.000,0.000,0.000,10.9
2026-08-04T09:57:58.942994,2506,0.210,0.038,0.000,85.6
2026-08-04T09:57:59.005079,2507,0.258,0.003,0.000,16.3
2026-08-04T09:57:59.066457,2508,0.265,0.013,0.000,16.7
2026-08-04T09:57:59.075689,2509,0.260,0.011,0.000,117.3
2026-08-04T09:57:59.134705,2510,0.271,0.015,0.000,17.2
2026-08-04T09:57:59.199205,2511,0.000,0.000,0.000,15.7
2026-08-04T09:57:59.237482,2512,0.167,0.009,0.000,26.6
2026-08-04T09:57:59.272335,2513,0.131,0.011,0.000,29.7
2026-08-04T09:57:59.368499,2514,0.277,0.006,0.000,10.5
2026-08-04T09:57:59.380876,2515,0.301,0.006,0.000,86.6
2026-08-04T09:57:59.434165,2516,0.329,0.001,0.000,19.2
2026-08-04T09:57:59.501794,2517,0.285,0.006,0.000,15.0
2026-08-04T09:57:59.513038,2518,0.288,0.003,0.000,99.4
2026-08-04T09:57:59.565939,2519,0.279,0.006,0.000,19.2
2026-08-04T09:57:59.633242,2520,0.277,0.008,0.000,15.1
2026-08-04T09:57:59.667816,2521,0.279,0.006,0.000,29.6
2026-08-04T09:57:59.702229,2522,0.272,0.008,0.000,29.9
2026-08-04T09:57:59.800416,2523,0.262,0.013,0.000,10.3
2026-08-04T09:57:59.810186,2524,0.258,0.010,0.000,110.7
2026-08-04T09:57:59.868067,2525,0.261,0.010,0.000,17.6
2026-08-04T09:57:59.933378,2526,0.261,0.008,0.000,15.5
2026-08-04T09:57:59.962842,2527,0.264,0.010,0.000,34.8
2026-08-04T09:58:00.003869,2528,0.263,0.007,0.000,24.8
2026-08-04T09:58:00.098100,2529,0.262,0.007,0.000,10.7
2026-08-04T09:58:00.109434,2530,0.257,0.008,0.000,95.5
2026-08-04T09:58:00.165841,2531,0.255,0.008,0.000,18.0
2026-08-04T09:58:00.228323,2532,0.257,0.008,0.000,16.3
2026-08-04T09:58:00.238082,2533,0.257,0.008,0.000,110.4
2026-08-04T09:58:00.297773,2534,0.259,0.008,0.000,17.0
2026-08-04T09:58:00.367704,2535,0.259,0.008,0.000,14.5
2026-08-04T09:58:00.395867,2536,0.261,0.009,0.000,36.6
2026-08-04T09:58:00.435113,2537,0.258,0.008,0.000,26.0
2026-08-04T09:58:00.534395,2538,0.255,0.010,0.000,10.2
2026-08-04T09:58:00.543770,2539,0.256,0.008,0.000,115.3
2026-08-04T09:58:00.598390,2540,0.254,0.007,0.000,18.6
2026-08-04T09:58:00.662932,2541,0.250,0.007,0.000,15.8
2026-08-04T09:58:00.673915,2542,0.251,0.007,0.000,97.1
2026-08-04T09:58:00.728996,2543,0.250,0.009,0.000,18.5
2026-08-04T09:58:00.799665,2544,0.249,0.008,0.000,14.3
2026-08-04T09:58:00.827668,2545,0.248,0.009,0.000,36.7
2026-08-04T09:58:00.866778,2546,0.251,0.008,0.000,26.2
2026-08-04T09:58:00.961279,2547,0.248,0.010,0.000,10.7
2026-08-04T09:58:00.973842,2548,0.249,0.013,0.000,84.6
2026-08-04T09:58:01.032236,2549,0.250,0.010,0.000,17.4
2026-08-04T09:58:01.094942,2550,0.251,0.008,0.000,16.2
2026-08-04T09:58:01.130979,2551,0.249,0.008,0.000,28.3
2026-08-04T09:58:01.166082,2552,0.248,0.009,0.000,29.4
2026-08-04T09:58:01.266713,2553,0.252,0.008,0.000,10.0
2026-08-04T09:58:01.279046,2554,0.254,0.009,0.000,85.9
2026-08-04T09:58:01.330592,2555,0.244,0.008,0.000,19.7
2026-08-04T09:58:01.395974,2556,0.219,0.008,0.000,15.6
2026-08-04T09:58:01.407477,2557,0.108,0.007,0.000,98.7
2026-08-04T09:58:01.461961,2558,0.058,0.007,0.000,19.2
2026-08-04T09:58:01.535871,2559,0.050,0.009,0.000,13.7
2026-08-04T09:58:01.560021,2560,0.056,0.007,0.000,42.8
2026-08-04T09:58:01.599736,2561,0.062,0.006,0.000,25.6
2026-08-04T09:58:01.691639,2562,0.068,0.003,0.000,11.0
2026-08-04T09:58:01.705102,2563,0.079,0.001,0.000,85.9
2026-08-04T09:58:01.764208,2564,0.076,0.006,0.000,17.1
2026-08-04T09:58:01.829970,2565,0.079,0.006,0.000,15.5
2026-08-04T09:58:01.841664,2566,0.084,0.007,0.000,92.0
2026-08-04T09:58:01.894991,2567,0.086,0.011,0.000,19.1
2026-08-04T09:58:01.962454,2568,0.096,0.012,0.000,15.1
2026-08-04T09:58:01.991177,2569,0.000,0.000,0.000,35.7
2026-08-04T09:58:02.030755,2570,0.000,0.000,0.000,25.9
2026-08-04T09:58:02.123700,2571,0.000,0.000,0.000,10.9
2026-08-04T09:58:02.133827,2572,0.000,0.000,0.000,106.4
2026-08-04T09:58:02.185473,2573,0.000,0.000,0.000,19.7
2026-08-04T09:58:02.261965,2574,0.000,0.000,0.000,13.3
2026-08-04T09:58:02.285501,2575,0.000,0.000,0.000,43.9
2026-08-04T09:58:02.321840,2576,0.000,0.000,0.000,28.7
2026-08-04T09:58:02.423246,2577,0.000,0.000,0.000,9.9
2026-08-04T09:58:02.431510,2578,0.000,0.000,0.000,131.7
2026-08-04T09:58:02.493372,2579,0.000,0.000,0.000,16.5
2026-08-04T09:58:02.559643,2580,0.000,0.000,0.000,15.5
2026-08-04T09:58:02.567769,2581,0.000,0.000,0.000,134.4
2026-08-04T09:58:02.628699,2582,0.101,0.009,0.000,16.7
2026-08-04T09:58:02.691858,2583,0.109,0.008,0.000,16.1
2026-08-04T09:58:02.726912,2584,0.110,0.013,0.000,29.1
2026-08-04T09:58:02.762999,2585,0.106,0.013,0.000,28.6
2026-08-04T09:58:02.857252,2586,0.113,0.008,0.000,10.7
2026-08-04T09:58:02.868500,2587,0.108,0.008,0.000,96.1
2026-08-04T09:58:02.926207,2588,0.120,0.006,0.000,17.6
2026-08-04T09:58:02.996560,2589,0.120,0.003,0.000,14.4
2026-08-04T09:58:03.009671,2590,0.131,0.004,0.000,86.9
2026-08-04T09:58:03.059772,2591,0.223,0.004,0.000,20.2
2026-08-04T09:58:03.125289,2592,0.239,0.004,0.000,15.4
2026-08-04T09:58:03.158675,2593,0.235,0.006,0.000,30.7
2026-08-04T09:58:03.194712,2594,0.237,0.008,0.000,28.4
2026-08-04T09:58:03.293053,2595,0.234,0.008,0.000,10.3
2026-08-04T09:58:03.302543,2596,0.243,0.008,0.000,115.1
2026-08-04T09:58:03.357421,2597,0.257,0.008,0.000,18.5
2026-08-04T09:58:03.423621,2598,0.266,0.009,0.000,15.4
2026-08-04T09:58:03.460403,2599,0.305,0.011,0.000,27.8
2026-08-04T09:58:03.494815,2600,0.318,0.010,0.000,29.8
2026-08-04T09:58:03.591823,2601,0.330,0.010,0.000,10.5
2026-08-04T09:58:03.602736,2602,0.324,0.011,0.000,98.2
2026-08-04T09:58:03.658884,2603,0.318,0.011,0.000,18.3
2026-08-04T09:58:03.722141,2604,0.318,0.011,0.000,16.1
2026-08-04T09:58:03.732104,2605,0.318,0.011,0.000,108.0
2026-08-04T09:58:03.789901,2606,0.314,0.014,0.000,17.9
2026-08-04T09:58:03.857643,2607,0.316,0.018,0.000,15.0
2026-08-04T09:58:03.891455,2608,0.305,0.018,0.000,31.3
2026-08-04T09:58:03.925544,2609,0.180,0.013,0.000,30.7
2026-08-04T09:58:04.026869,2610,0.049,0.010,0.000,10.0
2026-08-04T09:58:04.036527,2611,0.061,0.008,0.000,111.9
2026-08-04T09:58:04.089894,2612,0.109,0.009,0.000,19.0
2026-08-04T09:58:04.151283,2613,0.123,0.008,0.000,16.5
2026-08-04T09:58:04.160361,2614,0.133,0.009,0.000,119.1
2026-08-04T09:58:04.223357,2615,0.141,0.008,0.000,16.5
2026-08-04T09:58:04.293034,2616,0.149,0.011,0.000,14.5
2026-08-04T09:58:04.318877,2617,0.155,0.009,0.000,40.1
2026-08-04T09:58:04.358056,2618,0.155,0.011,0.000,26.4
2026-08-04T09:58:04.456706,2619,0.158,0.011,0.000,10.2
2026-08-04T09:58:04.466147,2620,0.158,0.012,0.000,114.1
2026-08-04T09:58:04.524035,2621,0.163,0.013,0.000,17.6
2026-08-04T09:58:04.590526,2622,0.185,0.012,0.000,15.2
2026-08-04T09:58:04.622571,2623,0.218,0.011,0.000,32.2
2026-08-04T09:58:04.660758,2624,0.233,0.011,0.000,27.1
2026-08-04T09:58:04.761640,2625,0.250,0.011,0.000,10.0
2026-08-04T09:58:04.775142,2626,0.258,0.009,0.000,81.9
2026-08-04T09:58:04.821281,2627,0.288,0.008,0.000,22.2
2026-08-04T09:58:04.887511,2628,0.307,0.007,0.000,15.4
2026-08-04T09:58:04.898872,2629,0.317,0.006,0.000,94.2
2026-08-04T09:58:04.950613,2630,0.333,0.005,0.000,19.7
2026-08-04T09:58:05.024935,2631,0.333,0.006,0.000,13.6
2026-08-04T09:58:05.055136,2632,0.333,0.005,0.000,33.9
2026-08-04T09:58:05.090180,2633,0.336,0.006,0.000,29.6
2026-08-04T09:58:05.185902,2634,0.336,0.006,0.000,10.6
2026-08-04T09:58:05.196894,2635,0.336,0.006,0.000,97.8
2026-08-04T09:58:05.255853,2636,0.334,0.004,0.000,17.2
2026-08-04T09:58:05.318673,2637,0.333,0.005,0.000,16.2
2026-08-04T09:58:05.328705,2638,0.334,0.005,0.000,106.9
2026-08-04T09:58:05.386479,2639,0.333,0.005,0.000,17.7
2026-08-04T09:58:05.451894,2640,0.334,0.005,0.000,15.5
2026-08-04T09:58:05.487666,2641,0.334,0.005,0.000,28.6
2026-08-04T09:58:05.521190,2642,0.334,0.006,0.000,30.7
2026-08-04T09:58:05.617708,2643,0.334,0.006,0.000,10.5
2026-08-04T09:58:05.627048,2644,0.333,0.005,0.000,117.2
2026-08-04T09:58:05.686286,2645,0.333,0.005,0.000,17.1
2026-08-04T09:58:05.760208,2646,0.333,0.005,0.000,13.7
2026-08-04T09:58:05.785106,2647,0.330,0.005,0.000,41.8
2026-08-04T09:58:05.823910,2648,0.331,0.005,0.000,26.3
2026-08-04T09:58:05.919244,2649,0.328,0.005,0.000,10.7
2026-08-04T09:58:05.929983,2650,0.327,0.005,0.000,100.8
2026-08-04T09:58:05.985423,2651,0.327,0.005,0.000,18.3
2026-08-04T09:58:06.053414,2652,0.326,0.005,0.000,14.9
2026-08-04T09:58:06.065922,2653,0.325,0.004,0.000,85.7
2026-08-04T09:58:06.117702,2654,0.290,0.005,0.000,19.6
2026-08-04T09:58:06.185249,2655,0.075,0.005,0.000,15.0
2026-08-04T09:58:06.217231,2656,0.042,0.007,0.000,32.0
2026-08-04T09:58:06.255136,2657,0.039,0.008,0.000,27.0
2026-08-04T09:58:06.351124,2658,0.037,0.009,0.000,10.6
2026-08-04T09:58:06.363837,2659,0.037,0.009,0.000,83.3
2026-08-04T09:58:06.419410,2660,0.038,0.009,0.000,18.2
2026-08-04T09:58:06.479596,2661,0.036,0.008,0.000,16.8
2026-08-04T09:58:06.491378,2662,0.031,0.008,0.000,90.5
2026-08-04T09:58:06.549679,2663,0.031,0.009,0.000,17.4
2026-08-04T09:58:06.620310,2664,0.029,0.009,0.000,14.4
2026-08-04T09:58:06.649684,2665,0.030,0.009,0.000,35.0
2026-08-04T09:58:06.685823,2666,0.030,0.010,0.000,28.9
2026-08-04T09:58:06.791230,2667,0.029,0.015,0.000,9.6
2026-08-04T09:58:06.802946,2668,0.029,0.012,0.000,92.5
2026-08-04T09:58:06.851283,2669,0.028,0.011,0.000,21.3
2026-08-04T09:58:06.921112,2670,0.030,0.011,0.000,14.6
2026-08-04T09:58:06.949966,2671,0.029,0.010,0.000,35.5
2026-08-04T09:58:06.984817,2672,0.029,0.009,0.000,29.3
2026-08-04T09:58:07.082034,2673,0.040,0.009,0.000,10.4
2026-08-04T09:58:07.092155,2674,0.038,0.008,0.000,106.5
2026-08-04T09:58:07.150687,2675,0.035,0.009,0.000,17.3
2026-08-04T09:58:07.213787,2676,0.034,0.009,0.000,16.0
2026-08-04T09:58:07.223881,2677,0.034,0.010,0.000,107.1
2026-08-04T09:58:07.282805,2678,0.031,0.009,0.000,17.2
2026-08-04T09:58:07.348323,2679,0.033,0.008,0.000,15.5
2026-08-04T09:58:07.383920,2680,0.032,0.008,0.000,28.7
2026-08-04T09:58:07.419163,2681,0.031,0.008,0.000,29.0
2026-08-04T09:58:07.518285,2682,0.032,0.008,0.000,10.2
2026-08-04T09:58:07.531450,2683,0.033,0.009,0.000,84.4
2026-08-04T09:58:07.582174,2684,0.032,0.009,0.000,20.0
2026-08-04T09:58:07.649714,2685,0.030,0.009,0.000,15.0
2026-08-04T09:58:07.661059,2686,0.032,0.010,0.000,95.4
2026-08-04T09:58:07.716102,2687,0.030,0.010,0.000,18.4
2026-08-04T09:58:07.788188,2688,0.032,0.009,0.000,14.0
2026-08-04T09:58:07.797504,2689,0.031,0.009,0.000,116.4
2026-08-04T09:58:07.849452,2690,0.034,0.009,0.000,19.5
2026-08-04T09:58:07.946957,2691,0.034,0.009,0.000,10.4
2026-08-04T09:58:07.960027,2692,0.034,0.010,0.000,81.2
2026-08-04T09:58:08.016692,2693,0.033,0.010,0.000,18.0
2026-08-04T09:58:08.084948,2694,0.033,0.010,0.000,14.8
2026-08-04T09:58:08.111429,2695,0.033,0.010,0.000,38.8
2026-08-04T09:58:08.150867,2696,0.031,0.009,0.000,26.2
2026-08-04T09:58:08.244800,2697,0.031,0.009,0.000,10.8
2026-08-04T09:58:08.258499,2698,0.032,0.010,0.000,77.1
2026-08-04T09:58:08.314334,2699,0.032,0.010,0.000,18.2
2026-08-04T09:58:08.380535,2700,0.031,0.010,0.000,15.3
2026-08-04T09:58:08.391943,2701,0.031,0.010,0.000,94.1
2026-08-04T09:58:08.446346,2702,0.027,0.009,0.000,18.7
2026-08-04T09:58:08.520473,2703,0.026,0.010,0.000,13.6
2026-08-04T09:58:08.545040,2704,0.056,0.009,0.000,42.6
2026-08-04T09:58:08.582839,2705,0.095,0.009,0.000,27.0
2026-08-04T09:58:08.676877,2706,0.182,0.009,0.000,10.7
2026-08-04T09:58:08.688564,2707,0.197,0.009,0.000,90.9
2026-08-04T09:58:08.746076,2708,0.211,0.009,0.000,17.6
2026-08-04T09:58:08.814295,2709,0.215,0.009,0.000,14.9
2026-08-04T09:58:08.823449,2710,0.222,0.009,0.000,118.7
2026-08-04T09:58:08.878892,2711,0.229,0.009,0.000,18.3
2026-08-04T09:58:08.943975,2712,0.233,0.009,0.000,15.5
2026-08-04T09:58:08.955463,2713,0.234,0.009,0.000,93.1
2026-08-04T09:58:09.017207,2714,0.238,0.009,0.000,16.4
2026-08-04T09:58:09.110976,2715,0.241,0.010,0.000,10.8
2026-08-04T09:58:09.124273,2716,0.239,0.012,0.000,79.9
2026-08-04T09:58:09.177652,2717,0.241,0.012,0.000,19.1
2026-08-04T09:58:09.244813,2718,0.244,0.011,0.000,15.1
2026-08-04T09:58:09.281144,2719,0.244,0.010,0.000,28.1
2026-08-04T09:58:09.315550,2720,0.239,0.010,0.000,29.8
2026-08-04T09:58:09.407631,2721,0.270,0.009,0.000,11.0
2026-08-04T09:58:09.419386,2722,0.280,0.008,0.000,92.0
2026-08-04T09:58:09.477344,2723,0.297,0.007,0.000,17.4
2026-08-04T09:58:09.543798,2724,0.301,0.007,0.000,15.3
2026-08-04T09:58:09.555710,2725,0.302,0.007,0.000,90.2
2026-08-04T09:58:09.610461,2726,0.309,0.007,0.000,18.5
2026-08-04T09:58:09.679569,2727,0.311,0.006,0.000,14.6
2026-08-04T09:58:09.707442,2728,0.312,0.006,0.000,36.9
2026-08-04T09:58:09.747547,2729,0.313,0.006,0.000,25.6
2026-08-04T09:58:09.840406,2730,0.318,0.006,0.000,10.9
2026-08-04T09:58:09.851816,2731,0.318,0.006,0.000,94.0
2026-08-04T09:58:09.909696,2732,0.316,0.008,0.000,17.5
2026-08-04T09:58:09.973488,2733,0.314,0.007,0.000,15.9
2026-08-04T09:58:09.983447,2734,0.312,0.007,0.000,108.8
2026-08-04T09:58:10.043369,2735,0.312,0.007,0.000,17.0
2026-08-04T09:58:10.110437,2736,0.312,0.007,0.000,15.1
2026-08-04T09:58:10.120703,2737,0.312,0.007,0.000,104.7
2026-08-04T09:58:10.178607,2738,0.316,0.007,0.000,17.6
2026-08-04T09:58:10.285968,2739,0.322,0.006,0.000,9.4
2026-08-04T09:58:10.295763,2740,0.333,0.006,0.000,110.0
2026-08-04T09:58:10.342964,2741,0.344,0.006,0.000,21.5
2026-08-04T09:58:10.411263,2742,0.350,0.006,0.000,14.8
2026-08-04T09:58:10.439920,2743,0.352,0.004,0.000,35.8
2026-08-04T09:58:10.479044,2744,0.354,0.005,0.000,26.3
2026-08-04T09:58:10.574337,2745,0.354,0.005,0.000,10.6
2026-08-04T09:58:10.583983,2746,0.347,0.004,0.000,112.9
2026-08-04T09:58:10.642931,2747,0.244,0.004,0.000,17.6
2026-08-04T09:58:10.703954,2748,0.085,0.005,0.000,16.7
2026-08-04T09:58:10.715568,2749,0.038,0.006,0.000,91.5
2026-08-04T09:58:10.776899,2750,0.027,0.008,0.000,16.5
2026-08-04T09:58:10.841980,2751,0.027,0.008,0.000,15.6
2026-08-04T09:58:10.873622,2752,0.025,0.008,0.000,32.3
2026-08-04T09:58:10.910100,2753,0.025,0.009,0.000,27.9
2026-08-04T09:58:11.017177,2754,0.019,0.012,0.000,9.4
2026-08-04T09:58:11.029111,2755,0.020,0.012,0.000,95.3
2026-08-04T09:58:11.075781,2756,0.019,0.011,0.000,21.9
2026-08-04T09:58:11.137786,2757,0.019,0.011,0.000,16.3
2026-08-04T09:58:11.148912,2758,0.016,0.011,0.000,96.3
2026-08-04T09:58:11.206555,2759,0.016,0.011,0.000,17.6
2026-08-04T09:58:11.282665,2760,0.017,0.011,0.000,13.4
2026-08-04T09:58:11.294979,2761,0.015,0.011,0.000,86.5
2026-08-04T09:58:11.342701,2762,0.015,0.015,0.000,21.3
2026-08-04T09:58:11.436643,2763,0.014,0.013,0.000,10.7
2026-08-04T09:58:11.447074,2764,0.014,0.013,0.000,105.3
2026-08-04T09:58:11.508185,2765,0.014,0.013,0.000,16.5
2026-08-04T09:58:11.577240,2766,0.014,0.012,0.000,14.7
2026-08-04T09:58:11.603131,2767,0.016,0.013,0.000,39.8
2026-08-04T09:58:11.641292,2768,0.015,0.012,0.000,26.8
2026-08-04T09:58:11.737478,2769,0.016,0.012,0.000,10.5
2026-08-04T09:58:11.746669,2770,0.016,0.012,0.000,117.9
2026-08-04T09:58:11.807141,2771,0.015,0.012,0.000,16.9
2026-08-04T09:58:11.869617,2772,0.015,0.011,0.000,16.2
2026-08-04T09:58:11.878839,2773,0.015,0.016,0.000,119.1
2026-08-04T09:58:11.939823,2774,0.015,0.015,0.000,16.7
2026-08-04T09:58:12.006571,2775,0.015,0.015,0.000,15.2
2026-08-04T09:58:12.038997,2776,0.015,0.015,0.000,32.6
2026-08-04T09:58:12.076388,2777,0.015,0.014,0.000,27.8
2026-08-04T09:58:12.168449,2778,0.014,0.014,0.000,11.0
2026-08-04T09:58:12.179320,2779,0.015,0.013,0.000,98.7
2026-08-04T09:58:12.238378,2780,0.017,0.013,0.000,17.1
2026-08-04T09:58:12.307741,2781,0.017,0.013,0.000,14.6
2026-08-04T09:58:12.317172,2782,0.018,0.012,0.000,117.9
2026-08-04T09:58:12.370696,2783,0.017,0.013,0.000,18.9
2026-08-04T09:58:12.439221,2784,0.017,0.013,0.000,14.8
2026-08-04T09:58:12.450584,2785,0.017,0.013,0.000,94.9
2026-08-04T09:58:12.506958,2786,0.016,0.015,0.000,18.1
2026-08-04T09:58:12.604716,2787,0.016,0.013,0.000,10.4
2026-08-04T09:58:12.613962,2788,0.017,0.013,0.000,118.2
2026-08-04T09:58:12.669768,2789,0.018,0.013,0.000,18.3
2026-08-04T09:58:12.736036,2790,0.018,0.013,0.000,15.3
2026-08-04T09:58:12.770466,2791,0.019,0.013,0.000,29.8
2026-08-04T09:58:12.806618,2792,0.019,0.013,0.000,28.3
2026-08-04T09:58:12.903168,2793,0.019,0.013,0.000,10.4
2026-08-04T09:58:12.914143,2794,0.019,0.013,0.000,97.9
2026-08-04T09:58:12.969870,2795,0.019,0.012,0.000,18.2
2026-08-04T09:58:13.039018,2796,0.020,0.012,0.000,14.6
2026-08-04T09:58:13.049447,2797,0.020,0.012,0.000,103.3
2026-08-04T09:58:13.102350,2798,0.021,0.011,0.000,19.2
2026-08-04T09:58:13.168770,2799,0.021,0.011,0.000,15.3
2026-08-04T09:58:13.203474,2800,0.020,0.011,0.000,29.5
2026-08-04T09:58:13.237386,2801,0.020,0.010,0.000,30.6
2026-08-04T09:58:13.333562,2802,0.020,0.010,0.000,10.5
2026-08-04T09:58:13.343847,2803,0.020,0.011,0.000,105.5
2026-08-04T09:58:13.402052,2804,0.020,0.013,0.000,17.4
2026-08-04T09:58:13.467379,2805,0.020,0.012,0.000,15.6
2026-08-04T09:58:13.479551,2806,0.020,0.012,0.000,87.3
2026-08-04T09:58:13.534773,2807,0.021,0.012,0.000,18.6
2026-08-04T09:58:13.600862,2808,0.021,0.012,0.000,15.4
2026-08-04T09:58:13.611856,2809,0.022,0.011,0.000,97.4
2026-08-04T09:58:13.669835,2810,0.022,0.011,0.000,17.6
2026-08-04T09:58:13.773854,2811,0.021,0.010,0.000,9.7
2026-08-04T09:58:13.786193,2812,0.021,0.010,0.000,95.5
2026-08-04T09:58:13.834790,2813,0.021,0.010,0.000,20.8
2026-08-04T09:58:13.903476,2814,0.021,0.010,0.000,14.8
2026-08-04T09:58:13.934760,2815,0.021,0.010,0.000,32.8
2026-08-04T09:58:13.971790,2816,0.021,0.010,0.000,28.1
2026-08-04T09:58:14.070927,2817,0.020,0.011,0.000,10.2
2026-08-04T09:58:14.084235,2818,0.020,0.011,0.000,79.4
2026-08-04T09:58:14.133026,2819,0.021,0.011,0.000,21.0
2026-08-04T09:58:14.199035,2820,0.021,0.011,0.000,15.4
2026-08-04T09:58:14.210658,2821,0.022,0.011,0.000,91.9
2026-08-04T09:58:14.266989,2822,0.022,0.010,0.000,18.1
2026-08-04T09:58:14.334869,2823,0.022,0.011,0.000,15.0
2026-08-04T09:58:14.365451,2824,0.023,0.010,0.000,33.6
2026-08-04T09:58:14.403559,2825,0.022,0.011,0.000,26.8
2026-08-04T09:58:14.497517,2826,0.020,0.010,0.000,10.7
2026-08-04T09:58:14.510180,2827,0.021,0.010,0.000,83.5
2026-08-04T09:58:14.565284,2828,0.020,0.010,0.000,18.4
2026-08-04T09:58:14.632094,2829,0.020,0.010,0.000,15.2
2026-08-04T09:58:14.643818,2830,0.020,0.010,0.000,91.4
2026-08-04T09:58:14.698246,2831,0.020,0.009,0.000,18.7
2026-08-04T09:58:14.769214,2832,0.019,0.009,0.000,14.3
2026-08-04T09:58:14.782100,2833,0.019,0.010,0.000,84.4
2026-08-04T09:58:14.835383,2834,0.017,0.011,0.000,19.0
2026-08-04T09:58:14.928558,2835,0.017,0.011,0.000,10.8
2026-08-04T09:58:14.939692,2836,0.018,0.011,0.000,96.0
2026-08-04T09:58:14.999316,2837,0.031,0.011,0.000,17.1
2026-08-04T09:58:15.070368,2838,0.037,0.011,0.000,14.3
2026-08-04T09:58:15.098729,2839,0.098,0.010,0.000,36.2
2026-08-04T09:58:15.135894,2840,0.125,0.010,0.000,27.8
2026-08-04T09:58:15.232582,2841,0.183,0.010,0.000,10.5
2026-08-04T09:58:15.243225,2842,0.197,0.009,0.000,102.3
2026-08-04T09:58:15.298249,2843,0.209,0.009,0.000,18.5
2026-08-04T09:58:15.363221,2844,0.218,0.013,0.000,15.7
2026-08-04T09:58:15.374023,2845,0.227,0.013,0.000,100.6
2026-08-04T09:58:15.430927,2846,0.233,0.013,0.000,17.8
2026-08-04T09:58:15.499412,2847,0.237,0.012,0.000,14.9
2026-08-04T09:58:15.529826,2848,0.240,0.012,0.000,33.7
2026-08-04T09:58:15.567783,2849,0.241,0.011,0.000,26.9
2026-08-04T09:58:15.660291,2850,0.241,0.010,0.000,10.9
2026-08-04T09:58:15.671547,2851,0.240,0.010,0.000,94.9
2026-08-04T09:58:15.728970,2852,0.231,0.010,0.000,17.7
2026-08-04T09:58:15.801282,2853,0.094,0.011,0.000,14.0
2026-08-04T09:58:15.828438,2854,0.019,0.012,0.000,37.8
2026-08-04T09:58:15.864048,2855,0.018,0.014,0.000,28.6
2026-08-04T09:58:15.928973,2856,0.016,0.014,0.000,15.6
2026-08-04T09:58:15.940328,2857,0.014,0.014,0.000,93.9
2026-08-04T09:58:15.998940,2858,0.015,0.014,0.000,17.3
2026-08-04T09:58:16.096014,2859,0.015,0.013,0.000,10.4
2026-08-04T09:58:16.107247,2860,0.013,0.017,0.000,95.2
2026-08-04T09:58:16.164135,2861,0.011,0.016,0.000,18.3
2026-08-04T09:58:16.233814,2862,0.011,0.015,0.000,14.6
2026-08-04T09:58:16.263297,2863,0.010,0.016,0.000,34.9
2026-08-04T09:58:16.300454,2864,0.011,0.016,0.000,27.6
2026-08-04T09:58:16.393211,2865,0.012,0.015,0.000,10.9
2026-08-04T09:58:16.406141,2866,0.012,0.015,0.000,81.8
2026-08-04T09:58:16.461947,2867,0.012,0.014,0.000,18.2
2026-08-04T09:58:16.537019,2868,0.012,0.013,0.000,13.4
2026-08-04T09:58:16.547522,2869,0.012,0.014,0.000,108.9
2026-08-04T09:58:16.594730,2870,0.012,0.013,0.000,21.5
2026-08-04T09:58:16.663081,2871,0.013,0.015,0.000,14.8
2026-08-04T09:58:16.690849,2872,0.015,0.014,0.000,37.1
2026-08-04T09:58:16.730432,2873,0.014,0.017,0.000,26.0
2026-08-04T09:58:16.823743,2874,0.014,0.015,0.000,10.8
2026-08-04T09:58:16.832676,2875,0.014,0.014,0.000,123.3
2026-08-04T09:58:16.894080,2876,0.014,0.014,0.000,16.5
2026-08-04T09:58:16.961569,2877,0.015,0.014,0.000,15.0
2026-08-04T09:58:16.995177,2878,0.015,0.014,0.000,30.4
2026-08-04T09:58:17.026801,2879,0.015,0.013,0.000,32.5
2026-08-04T09:58:17.096170,2880,0.016,0.013,0.000,14.7
2026-08-04T09:58:17.105272,2881,0.015,0.014,0.000,119.8
2026-08-04T09:58:17.162492,2882,0.017,0.012,0.000,17.7
2026-08-04T09:58:17.262913,2883,0.017,0.012,0.000,10.1
2026-08-04T09:58:17.275466,2884,0.017,0.011,0.000,86.1
2026-08-04T09:58:17.327539,2885,0.018,0.011,0.000,19.5
2026-08-04T09:58:17.395092,2886,0.017,0.011,0.000,15.0
2026-08-04T09:58:17.424630,2887,0.016,0.011,0.000,34.7
2026-08-04T09:58:17.462334,2888,0.017,0.011,0.000,27.3
2026-08-04T09:58:17.562820,2889,0.015,0.012,0.000,10.0
2026-08-04T09:58:17.573439,2890,0.016,0.012,0.000,100.4
2026-08-04T09:58:17.625947,2891,0.016,0.012,0.000,19.3
2026-08-04T09:58:17.689289,2892,0.016,0.012,0.000,16.0
2026-08-04T09:58:17.699454,2893,0.017,0.012,0.000,105.8
2026-08-04T09:58:17.761124,2894,0.017,0.011,0.000,16.4
2026-08-04T09:58:17.830283,2895,0.017,0.011,0.000,14.7
2026-08-04T09:58:17.855635,2896,0.017,0.010,0.000,40.6
2026-08-04T09:58:17.895350,2897,0.017,0.010,0.000,25.7
2026-08-04T09:58:17.989179,2898,0.017,0.010,0.000,10.7
2026-08-04T09:58:18.000268,2899,0.016,0.010,0.000,97.0
2026-08-04T09:58:18.058290,2900,0.016,0.010,0.000,17.5
2026-08-04T09:58:18.123387,2901,0.016,0.010,0.000,15.6
2026-08-04T09:58:18.134867,2902,0.016,0.011,0.000,93.2
2026-08-04T09:58:18.191568,2903,0.016,0.011,0.000,17.9
2026-08-04T09:58:18.258905,2904,0.016,0.011,0.000,15.0
2026-08-04T09:58:18.272949,2905,0.016,0.013,0.000,87.0
2026-08-04T09:58:18.328018,2906,0.015,0.014,0.000,18.4
2026-08-04T09:58:18.423202,2907,0.015,0.013,0.000,10.6
2026-08-04T09:58:18.434284,2908,0.015,0.013,0.000,96.3
2026-08-04T09:58:18.491604,2909,0.016,0.011,0.000,17.8
2026-08-04T09:58:18.563125,2910,0.016,0.012,0.000,14.2
2026-08-04T09:58:18.590063,2911,0.016,0.012,0.000,38.2
2026-08-04T09:58:18.627468,2912,0.016,0.013,0.000,27.6
2026-08-04T09:58:18.724855,2913,0.015,0.018,0.000,10.4
2026-08-04T09:58:18.736285,2914,0.015,0.018,0.000,95.6
2026-08-04T09:58:18.791842,2915,0.014,0.019,0.000,18.3
2026-08-04T09:58:18.857529,2916,0.013,0.015,0.000,15.4
2026-08-04T09:58:18.868925,2917,0.013,0.014,0.000,95.1
2026-08-04T09:58:18.922776,2918,0.015,0.011,0.000,19.0
2026-08-04T09:58:18.988385,2919,0.013,0.012,0.000,15.5
2026-08-04T09:58:19.019099,2920,0.014,0.010,0.000,33.4
2026-08-04T09:58:19.060741,2921,0.014,0.009,0.000,24.4
2026-08-04T09:58:19.154836,2922,0.012,0.006,0.000,10.8
2026-08-04T09:58:19.167675,2923,0.011,0.007,0.000,83.0
2026-08-04T09:58:19.223497,2924,0.008,0.007,0.000,18.3
2026-08-04T09:58:19.294423,2925,0.010,0.010,0.000,14.3
2026-08-04T09:58:19.304800,2926,0.012,0.008,0.000,102.9
2026-08-04T09:58:19.354862,2927,0.015,0.012,0.000,20.4
2026-08-04T09:58:19.420287,2928,0.014,0.010,0.000,15.5
2026-08-04T09:58:19.430911,2929,0.014,0.008,0.000,102.0
2026-08-04T09:58:19.490631,2930,0.011,0.011,0.000,17.0
2026-08-04T09:58:19.583816,2931,0.013,0.009,0.000,10.9
2026-08-04T09:58:19.594749,2932,0.013,0.009,0.000,103.4
2026-08-04T09:58:19.654567,2933,0.019,0.008,0.000,17.0
2026-08-04T09:58:19.720337,2934,0.017,0.008,0.000,15.4
2026-08-04T09:58:19.754146,2935,0.016,0.010,0.000,30.2
2026-08-04T09:58:19.789837,2936,0.021,0.008,0.000,29.2
2026-08-04T09:58:19.884164,2937,0.047,0.008,0.000,10.7
2026-08-04T09:58:19.895528,2938,0.059,0.007,0.000,93.5
2026-08-04T09:58:19.953328,2939,0.099,0.005,0.000,17.6
2026-08-04T09:58:20.022888,2940,0.112,0.005,0.000,14.6
2026-08-04T09:58:20.034642,2941,0.126,0.005,0.000,92.2
2026-08-04T09:58:20.088288,2942,0.172,0.006,0.000,18.9
2026-08-04T09:58:20.151232,2943,0.183,0.006,0.000,16.1
2026-08-04T09:58:20.186762,2944,0.192,0.006,0.000,28.8
2026-08-04T09:58:20.223293,2945,0.197,0.006,0.000,28.0
2026-08-04T09:58:20.314539,2946,0.195,0.007,0.000,11.1
2026-08-04T09:58:20.323586,2947,0.195,0.006,0.000,120.5
2026-08-04T09:58:20.385126,2948,0.202,0.007,0.000,16.5
2026-08-04T09:58:20.451316,2949,0.204,0.007,0.000,15.3
2026-08-04T09:58:20.487982,2950,0.206,0.008,0.000,27.8
2026-08-04T09:58:20.520279,2951,0.209,0.009,0.000,32.0
2026-08-04T09:58:20.587345,2952,0.207,0.008,0.000,15.1
2026-08-04T09:58:20.598615,2953,0.210,0.007,0.000,94.4
2026-08-04T09:58:20.654471,2954,0.216,0.008,0.000,18.3
2026-08-04T09:58:20.747663,2955,0.208,0.008,0.000,10.8
2026-08-04T09:58:20.758938,2956,0.205,0.010,0.000,95.2
2026-08-04T09:58:20.817714,2957,0.207,0.013,0.000,17.2
2026-08-04T09:58:20.883969,2958,0.203,0.010,0.000,15.3
2026-08-04T09:58:20.919527,2959,0.207,0.010,0.000,28.7
2026-08-04T09:58:20.954189,2960,0.203,0.009,0.000,29.5
2026-08-04T09:58:21.054033,2961,0.202,0.008,0.000,10.1
2026-08-04T09:58:21.065049,2962,0.201,0.007,0.000,96.5
2026-08-04T09:58:21.119545,2963,0.203,0.007,0.000,18.6
2026-08-04T09:58:21.183394,2964,0.203,0.009,0.000,15.9
2026-08-04T09:58:21.193705,2965,0.204,0.009,0.000,103.9
2026-08-04T09:58:21.251809,2966,0.201,0.009,0.000,17.5
2026-08-04T09:58:21.314516,2967,0.204,0.009,0.000,16.2
2026-08-04T09:58:21.349787,2968,0.203,0.009,0.000,29.0
2026-08-04T09:58:21.388140,2969,0.203,0.009,0.000,26.8
2026-08-04T09:58:21.479455,2970,0.203,0.009,0.000,11.1
2026-08-04T09:58:21.488960,2971,0.203,0.009,0.000,113.6
2026-08-04T09:58:21.551116,2972,0.206,0.009,0.000,16.3
2026-08-04T09:58:21.618306,2973,0.206,0.009,0.000,15.1
2026-08-04T09:58:21.650362,2974,0.204,0.008,0.000,31.9
2026-08-04T09:58:21.682578,2975,0.204,0.009,0.000,31.8
2026-08-04T09:58:21.749631,2976,0.203,0.009,0.000,15.2
2026-08-04T09:58:21.760812,2977,0.202,0.009,0.000,95.4
2026-08-04T09:58:21.818270,2978,0.202,0.007,0.000,17.7
2026-08-04T09:58:21.910837,2979,0.207,0.007,0.000,10.9
2026-08-04T09:58:21.921538,2980,0.208,0.008,0.000,100.3
2026-08-04T09:58:21.983565,2981,0.208,0.008,0.000,16.4
2026-08-04T09:58:22.050777,2982,0.210,0.009,0.000,15.1
2026-08-04T09:58:22.082148,2983,0.206,0.009,0.000,32.6
2026-08-04T09:58:22.119737,2984,0.204,0.009,0.000,27.2
2026-08-04T09:58:22.218455,2985,0.150,0.011,0.000,10.2
2026-08-04T09:58:22.229564,2986,0.130,0.016,0.000,96.6
2026-08-04T09:58:22.282293,2987,0.123,0.012,0.000,19.2
2026-08-04T09:58:22.349824,2988,0.104,0.015,0.000,14.9
2026-08-04T09:58:22.360466,2989,0.082,0.011,0.000,100.6
2026-08-04T09:58:22.414191,2990,0.052,0.007,0.000,18.9
2026-08-04T09:58:22.479592,2991,0.038,0.010,0.000,15.5
2026-08-04T09:58:22.516210,2992,0.037,0.009,0.000,27.9
2026-08-04T09:58:22.552458,2993,0.046,0.006,0.000,28.1
2026-08-04T09:58:22.644534,2994,0.052,0.006,0.000,11.0
2026-08-04T09:58:22.653737,2995,0.076,0.004,0.000,116.6
2026-08-04T09:58:22.714751,2996,0.091,0.007,0.000,16.8
2026-08-04T09:58:22.794832,2997,0.098,0.007,0.000,12.7
2026-08-04T09:58:22.812555,2998,0.105,0.017,0.000,59.2
2026-08-04T09:58:22.848669,2999,0.111,0.019,0.000,28.5
2026-08-04T09:58:22.916442,3000,0.101,0.018,0.000,15.0
2026-08-04T09:58:22.928207,3001,0.111,0.016,0.000,91.0
2026-08-04T09:58:22.979744,3002,0.000,0.000,0.000,19.8
2026-08-04T09:58:23.077177,3003,0.000,0.000,0.000,10.4
2026-08-04T09:58:23.085460,3004,0.000,0.000,0.000,132.8
2026-08-04T09:58:23.145906,3005,0.000,0.000,0.000,16.7
2026-08-04T09:58:23.211442,3006,0.000,0.000,0.000,15.6
2026-08-04T09:58:23.245981,3007,0.000,0.000,0.000,29.5
2026-08-04T09:58:23.282988,3008,0.000,0.000,0.000,27.9
2026-08-04T09:58:23.380192,3009,0.000,0.000,0.000,10.5
2026-08-04T09:58:23.388169,3010,0.000,0.000,0.000,136.2
2026-08-04T09:58:23.444518,3011,0.000,0.000,0.000,18.1
2026-08-04T09:58:23.508830,3012,0.000,0.000,0.000,15.8
2026-08-04T09:58:23.520287,3013,0.000,0.000,0.000,94.7
2026-08-04T09:58:23.578042,3014,0.000,0.000,0.000,17.7
2026-08-04T09:58:23.646134,3015,0.000,0.000,0.000,15.1
2026-08-04T09:58:23.681669,3016,0.106,0.013,0.000,28.8
2026-08-04T09:58:23.714118,3017,0.106,0.018,0.000,31.5
2026-08-04T09:58:23.813039,3018,0.115,0.023,0.000,10.2
2026-08-04T09:58:23.823605,3019,0.110,0.026,0.000,102.1
2026-08-04T09:58:23.877422,3020,0.119,0.014,0.000,18.8
2026-08-04T09:58:23.949568,3021,0.116,0.013,0.000,14.0
2026-08-04T09:58:23.976040,3022,0.143,0.010,0.000,39.1
2026-08-04T09:58:24.011722,3023,0.153,0.008,0.000,28.7
2026-08-04T09:58:24.079525,3024,0.186,0.003,0.000,15.0
2026-08-04T09:58:24.090544,3025,0.259,0.002,0.000,97.7
2026-08-04T09:58:24.148304,3026,0.270,0.002,0.000,17.6
2026-08-04T09:58:24.240075,3027,0.265,0.005,0.000,11.0
2026-08-04T09:58:24.250712,3028,0.257,0.004,0.000,100.9
2026-08-04T09:58:24.310262,3029,0.257,0.009,0.000,17.0
2026-08-04T09:58:24.378663,3030,0.257,0.004,0.000,14.8
2026-08-04T09:58:24.409785,3031,0.250,0.004,0.000,34.0
2026-08-04T09:58:24.446877,3032,0.255,0.006,0.000,27.6
2026-08-04T09:58:24.550344,3033,0.261,0.004,0.000,9.7
2026-08-04T09:58:24.564505,3034,0.262,0.004,0.000,74.0
2026-08-04T09:58:24.608612,3035,0.261,0.003,0.000,23.2
2026-08-04T09:58:24.676180,3036,0.268,0.002,0.000,15.0
2026-08-04T09:58:24.687474,3037,0.263,0.004,0.000,94.3
2026-08-04T09:58:24.743762,3038,0.265,0.004,0.000,18.0
2026-08-04T09:58:24.814834,3039,0.264,0.007,0.000,14.3
2026-08-04T09:58:24.840290,3040,0.258,0.010,0.000,42.1
2026-08-04T09:58:24.878308,3041,0.263,0.008,0.000,27.6
2026-08-04T09:58:24.973629,3042,0.265,0.006,0.000,10.6
2026-08-04T09:58:24.984153,3043,0.264,0.004,0.000,103.1
2026-08-04T09:58:25.042617,3044,0.265,0.006,0.000,17.7
2026-08-04T09:58:25.110003,3045,0.267,0.005,0.000,15.1
2026-08-04T09:58:25.143854,3046,0.270,0.006,0.000,30.2
2026-08-04T09:58:25.173863,3047,0.268,0.005,0.000,34.6
2026-08-04T09:58:25.242937,3048,0.265,0.005,0.000,14.7
2026-08-04T09:58:25.254422,3049,0.267,0.005,0.000,93.3
2026-08-04T09:58:25.307046,3050,0.265,0.006,0.000,19.5
2026-08-04T09:58:25.407451,3051,0.254,0.008,0.000,10.0
2026-08-04T09:58:25.421377,3052,0.254,0.010,0.000,76.0
2026-08-04T09:58:25.474185,3053,0.258,0.007,0.000,19.4
2026-08-04T09:58:25.545810,3054,0.253,0.007,0.000,14.2
2026-08-04T09:58:25.574459,3055,0.250,0.009,0.000,35.8
2026-08-04T09:58:25.611321,3056,0.260,0.025,0.000,29.2
2026-08-04T09:58:25.707570,3057,0.269,0.049,0.000,10.5
2026-08-04T09:58:25.716827,3058,0.292,0.064,0.000,119.1
2026-08-04T09:58:25.776251,3059,0.304,0.166,0.000,17.5
2026-08-04T09:58:25.838240,3060,0.311,0.187,0.000,16.4
2026-08-04T09:58:25.847928,3061,0.306,0.190,0.000,110.8
2026-08-04T09:58:25.908015,3062,0.308,0.143,0.000,16.9
2026-08-04T09:58:25.975177,3063,0.305,0.089,0.000,15.1
2026-08-04T09:58:26.005698,3064,0.301,0.044,0.000,33.5
2026-08-04T09:58:26.044262,3065,0.296,0.031,0.000,26.5
2026-08-04T09:58:26.142664,3066,0.291,0.023,0.000,10.3
2026-08-04T09:58:26.155481,3067,0.287,0.020,0.000,82.7
2026-08-04T09:58:26.206293,3068,0.282,0.017,0.000,20.0
2026-08-04T09:58:26.279768,3069,0.275,0.014,0.000,13.8
2026-08-04T09:58:26.303985,3070,0.269,0.014,0.000,42.6
2026-08-04T09:58:26.337578,3071,0.265,0.016,0.000,30.4
2026-08-04T09:58:26.404223,3072,0.252,0.017,0.000,15.2
2026-08-04T09:58:26.414837,3073,0.245,0.018,0.000,101.9
2026-08-04T09:58:26.474067,3074,0.229,0.008,0.000,17.3
2026-08-04T09:58:26.572853,3075,0.235,0.004,0.000,10.3
2026-08-04T09:58:26.581529,3076,0.231,0.008,0.000,126.6
2026-08-04T09:58:26.639732,3077,0.232,0.007,0.000,17.4
2026-08-04T09:58:26.706061,3078,0.232,0.007,0.000,15.3
2026-08-04T09:58:26.738908,3079,0.240,0.008,0.000,31.1
2026-08-04T09:58:26.773790,3080,0.239,0.008,0.000,29.4
2026-08-04T09:58:26.869845,3081,0.243,0.008,0.000,10.5
2026-08-04T09:58:26.879775,3082,0.242,0.007,0.000,108.5
2026-08-04T09:58:26.938800,3083,0.253,0.009,0.000,17.7
2026-08-04T09:58:27.000842,3084,0.258,0.006,0.000,16.5
2026-08-04T09:58:27.009717,3085,0.244,0.008,0.000,123.5
2026-08-04T09:58:27.070816,3086,0.072,0.012,0.000,16.5
2026-08-04T09:58:27.136488,3087,0.052,0.016,0.000,15.5
2026-08-04T09:58:27.170755,3088,0.053,0.007,0.000,29.9
2026-08-04T09:58:27.205743,3089,0.049,0.010,0.000,29.8
2026-08-04T09:58:27.307005,3090,0.096,0.042,0.000,10.0
2026-08-04T09:58:27.317744,3091,0.206,0.025,0.000,100.5
2026-08-04T09:58:27.370394,3092,0.247,0.003,0.000,19.8
2026-08-04T09:58:27.437576,3093,0.102,0.001,0.000,15.2
2026-08-04T09:58:27.472246,3094,0.102,0.022,0.000,29.5
2026-08-04T09:58:27.503446,3095,0.137,0.008,0.000,33.0
2026-08-04T09:58:27.572839,3096,0.146,0.022,0.000,14.6
2026-08-04T09:58:27.582243,3097,0.173,0.032,0.000,115.2
2026-08-04T09:58:27.639556,3098,0.209,0.010,0.000,17.7
2026-08-04T09:58:27.734261,3099,0.253,0.003,0.000,10.7
2026-08-04T09:58:27.746117,3100,0.260,0.005,0.000,90.1
2026-08-04T09:58:27.804814,3101,0.260,0.007,0.000,17.5
2026-08-04T09:58:27.871900,3102,0.318,0.007,0.000,15.1
2026-08-04T09:58:27.902065,3103,0.335,0.005,0.000,34.1
2026-08-04T09:58:27.938974,3104,0.345,0.002,0.000,28.2
2026-08-04T09:58:28.043563,3105,0.329,0.003,0.000,9.6
2026-08-04T09:58:28.054846,3106,0.320,0.003,0.000,95.2
2026-08-04T09:58:28.103745,3107,0.321,0.007,0.000,20.8
2026-08-04T09:58:28.168286,3108,0.314,0.006,0.000,15.7
2026-08-04T09:58:28.180243,3109,0.306,0.005,0.000,89.0
2026-08-04T09:58:28.234083,3110,0.294,0.007,0.000,19.0
2026-08-04T09:58:28.304750,3111,0.287,0.010,0.000,14.4
2026-08-04T09:58:28.334442,3112,0.274,0.010,0.000,34.6
2026-08-04T09:58:28.367793,3113,0.276,0.008,0.000,30.7
2026-08-04T09:58:28.464088,3114,0.272,0.012,0.000,10.5
2026-08-04T09:58:28.475291,3115,0.277,0.007,0.000,96.7
2026-08-04T09:58:28.536833,3116,0.279,0.008,0.000,16.5
2026-08-04T09:58:28.601879,3117,0.281,0.008,0.000,15.6
2026-08-04T09:58:28.634040,3118,0.284,0.005,0.000,31.9
2026-08-04T09:58:28.666969,3119,0.275,0.005,0.000,31.3
2026-08-04T09:58:28.737599,3120,0.273,0.005,0.000,14.3
2026-08-04T09:58:28.746950,3121,0.275,0.004,0.000,115.8
2026-08-04T09:58:28.803154,3122,0.291,0.006,0.000,18.3
2026-08-04T09:58:28.899980,3123,0.215,0.003,0.000,10.4
2026-08-04T09:58:28.909934,3124,0.234,0.006,0.000,109.7
2026-08-04T09:58:28.964854,3125,0.232,0.018,0.000,18.5
2026-08-04T09:58:29.043449,3126,0.229,0.022,0.000,12.8
2026-08-04T09:58:29.062932,3127,0.196,0.025,0.000,53.3
2026-08-04T09:58:29.103381,3128,0.194,0.023,0.000,25.3
2026-08-04T09:58:29.198550,3129,0.202,0.019,0.000,10.7
2026-08-04T09:58:29.210002,3130,0.209,0.017,0.000,92.9
2026-08-04T09:58:29.266827,3131,0.177,0.014,0.000,17.8
2026-08-04T09:58:29.332205,3132,0.165,0.008,0.000,15.6
