timestamp,frame_num,ear,mar,phone_confidence,fps
2026-08-04T10:02:33.344133,1,0.328,0.013,0.000,66.2
2026-08-04T10:02:33.459637,2,0.329,0.012,0.000,124.1
2026-08-04T10:02:33.584942,3,0.326,0.015,0.000,8.1
2026-08-04T10:02:33.595312,4,0.326,0.015,0.000,127.9
2026-08-04T10:02:33.654445,5,0.322,0.014,0.000,17.3
2026-08-04T10:02:33.752887,6,0.241,0.014,0.000,10.2
2026-08-04T10:02:33.763670,7,0.220,0.014,0.000,101.8
2026-08-04T10:02:33.818503,8,0.230,0.012,0.000,18.6
2026-08-04T10:02:33.891311,9,0.240,0.012,0.000,13.9
2026-08-04T10:02:33.918516,10,0.245,0.012,0.000,37.7
2026-08-04T10:02:33.954635,11,0.251,0.013,0.000,28.3
2026-08-04T10:02:34.053069,12,0.255,0.011,0.000,10.3
2026-08-04T10:02:34.060693,13,0.256,0.011,0.000,144.4
2026-08-04T10:02:34.120163,14,0.260,0.011,0.000,17.1
2026-08-04T10:02:34.184475,15,0.260,0.011,0.000,15.9
2026-08-04T10:02:34.192632,16,0.260,0.012,0.000,134.1
2026-08-04T10:02:34.250814,17,0.258,0.015,0.000,17.4
2026-08-04T10:02:34.321483,18,0.259,0.014,0.000,14.3
2026-08-04T10:02:34.348954,19,0.261,0.015,0.000,37.4
2026-08-04T10:02:34.387750,20,0.264,0.015,0.000,26.5
2026-08-04T10:02:34.484782,21,0.269,0.015,0.000,10.4
2026-08-04T10:02:34.495212,22,0.265,0.014,0.000,103.3
2026-08-04T10:02:34.551520,23,0.271,0.015,0.000,18.0
2026-08-04T10:02:34.622071,24,0.271,0.015,0.000,14.5
2026-08-04T10:02:34.631824,25,0.272,0.017,0.000,110.9
2026-08-04T10:02:34.683803,26,0.272,0.017,0.000,19.6
2026-08-04T10:02:34.751986,27,0.273,0.017,0.000,14.9
2026-08-04T10:02:34.784438,28,0.273,0.016,0.000,31.5
2026-08-04T10:02:34.820104,29,0.273,0.016,0.000,29.1
2026-08-04T10:02:34.914166,30,0.273,0.015,0.000,10.7
2026-08-04T10:02:34.924843,31,0.276,0.015,0.000,100.2
2026-08-04T10:02:34.984220,32,0.275,0.015,0.000,17.1
2026-08-04T10:02:35.053611,33,0.275,0.014,0.000,14.6
2026-08-04T10:02:35.082057,34,0.277,0.014,0.000,36.0
2026-08-04T10:02:35.121524,35,0.276,0.013,0.000,25.8
2026-08-04T10:02:35.215223,36,0.276,0.013,0.000,10.8
2026-08-04T10:02:35.223474,37,0.270,0.013,0.000,133.3
2026-08-04T10:02:35.283480,38,0.049,0.012,0.000,16.8
2026-08-04T10:02:35.350072,39,0.035,0.013,0.000,15.2
2026-08-04T10:02:35.361779,40,0.025,0.013,0.000,93.1
2026-08-04T10:02:35.414816,41,0.027,0.015,0.000,19.1
2026-08-04T10:02:35.482119,42,0.028,0.014,0.000,15.0
2026-08-04T10:02:35.517425,43,0.078,0.014,0.000,28.9
2026-08-04T10:02:35.551546,44,0.115,0.013,0.000,29.9
2026-08-04T10:02:35.649951,45,0.168,0.013,0.000,10.3
2026-08-04T10:02:35.660640,46,0.174,0.014,0.000,100.4
2026-08-04T10:02:35.715690,47,0.191,0.013,0.000,18.7
2026-08-04T10:02:35.781222,48,0.195,0.014,0.000,15.5
2026-08-04T10:02:35.791245,49,0.193,0.014,0.000,107.4
2026-08-04T10:02:35.849239,50,0.197,0.014,0.000,17.5
2026-08-04T10:02:35.912615,51,0.200,0.013,0.000,16.1
2026-08-04T10:02:35.950121,52,0.212,0.014,0.000,27.2
2026-08-04T10:02:35.983500,53,0.211,0.013,0.000,30.9
2026-08-04T10:02:36.082885,54,0.213,0.013,0.000,10.2
2026-08-04T10:02:36.096578,55,0.213,0.014,0.000,87.4
2026-08-04T10:02:36.147492,56,0.216,0.013,0.000,19.9
2026-08-04T10:02:36.216552,57,0.220,0.013,0.000,14.7
2026-08-04T10:02:36.247464,58,0.220,0.013,0.000,33.2
2026-08-04T10:02:36.284859,59,0.223,0.013,0.000,27.3
2026-08-04T10:02:36.388284,60,0.225,0.012,0.000,9.7
2026-08-04T10:02:36.397171,61,0.226,0.012,0.000,122.8
2026-08-04T10:02:36.449495,62,0.231,0.012,0.000,19.4
2026-08-04T10:02:36.511840,63,0.231,0.012,0.000,16.2
2026-08-04T10:02:36.519953,64,0.232,0.012,0.000,136.4
2026-08-04T10:02:36.581185,65,0.233,0.012,0.000,16.5
2026-08-04T10:02:36.654549,66,0.232,0.012,0.000,13.9
2026-08-04T10:02:36.680421,67,0.227,0.012,0.000,39.8
2026-08-04T10:02:36.716205,68,0.221,0.012,0.000,28.9
2026-08-04T10:02:36.816364,69,0.219,0.010,0.000,10.1
2026-08-04T10:02:36.829456,70,0.218,0.010,0.000,80.8
2026-08-04T10:02:36.879299,71,0.216,0.011,0.000,20.3
2026-08-04T10:02:36.947546,72,0.213,0.011,0.000,15.0
2026-08-04T10:02:36.960870,73,0.212,0.011,0.000,79.6
2026-08-04T10:02:37.011671,74,0.211,0.012,0.000,20.1
2026-08-04T10:02:37.084408,75,0.213,0.011,0.000,14.0
2026-08-04T10:02:37.111032,76,0.213,0.012,0.000,38.6
2026-08-04T10:02:37.150531,77,0.216,0.012,0.000,25.9
2026-08-04T10:02:37.244957,78,0.215,0.011,0.000,10.7
2026-08-04T10:02:37.257108,79,0.210,0.012,0.000,88.6
2026-08-04T10:02:37.311854,80,0.210,0.012,0.000,18.9
2026-08-04T10:02:37.387673,81,0.213,0.012,0.000,13.4
2026-08-04T10:02:37.410794,82,0.212,0.012,0.000,44.7
2026-08-04T10:02:37.448304,83,0.213,0.011,0.000,27.2
2026-08-04T10:02:37.544821,84,0.214,0.011,0.000,10.5
2026-08-04T10:02:37.554491,85,0.214,0.011,0.000,112.9
2026-08-04T10:02:37.613647,86,0.217,0.011,0.000,17.5
2026-08-04T10:02:37.680623,87,0.222,0.011,0.000,15.2
2026-08-04T10:02:37.691924,88,0.257,0.011,0.000,94.2
2026-08-04T10:02:37.745135,89,0.303,0.011,0.000,19.3
2026-08-04T10:02:37.813789,90,0.303,0.013,0.000,14.7
2026-08-04T10:02:37.841873,91,0.306,0.012,0.000,36.5
2026-08-04T10:02:37.881704,92,0.308,0.012,0.000,25.6
2026-08-04T10:02:37.978297,93,0.309,0.012,0.000,10.4
2026-08-04T10:02:37.989035,94,0.308,0.012,0.000,99.2
2026-08-04T10:02:38.043852,95,0.310,0.012,0.000,18.6
2026-08-04T10:02:38.120663,96,0.311,0.011,0.000,13.2
2026-08-04T10:02:38.129560,97,0.310,0.011,0.000,123.1
2026-08-04T10:02:38.176793,98,0.311,0.011,0.000,21.5
2026-08-04T10:02:38.244371,99,0.310,0.011,0.000,15.0
2026-08-04T10:02:38.273496,100,0.313,0.011,0.000,35.1
2026-08-04T10:02:38.311150,101,0.312,0.011,0.000,27.0
2026-08-04T10:02:38.406205,102,0.315,0.009,0.000,10.6
2026-08-04T10:02:38.417104,103,0.316,0.010,0.000,99.0
2026-08-04T10:02:38.476048,104,0.318,0.011,0.000,17.3
2026-08-04T10:02:38.551307,105,0.314,0.011,0.000,13.5
2026-08-04T10:02:38.573748,106,0.319,0.011,0.000,46.0
2026-08-04T10:02:38.614238,107,0.316,0.010,0.000,25.3
2026-08-04T10:02:38.711272,108,0.256,0.010,0.000,10.4
2026-08-04T10:02:38.721600,109,0.125,0.011,0.000,107.4
2026-08-04T10:02:38.774783,110,0.047,0.011,0.000,19.0
2026-08-04T10:02:38.846506,111,0.036,0.012,0.000,14.2
2026-08-04T10:02:38.858915,112,0.040,0.013,0.000,91.1
2026-08-04T10:02:38.907462,113,0.029,0.015,0.000,20.9
2026-08-04T10:02:38.973522,114,0.029,0.017,0.000,15.4
2026-08-04T10:02:39.009868,115,0.027,0.017,0.000,28.1
2026-08-04T10:02:39.043748,116,0.024,0.017,0.000,30.1
2026-08-04T10:02:39.144118,117,0.027,0.017,0.000,10.1
2026-08-04T10:02:39.155176,118,0.023,0.016,0.000,96.8
2026-08-04T10:02:39.208154,119,0.023,0.016,0.000,19.3
2026-08-04T10:02:39.281168,120,0.026,0.016,0.000,14.0
2026-08-04T10:02:39.290495,121,0.026,0.016,0.000,119.5
2026-08-04T10:02:39.341114,122,0.024,0.015,0.000,20.1
2026-08-04T10:02:39.410150,123,0.023,0.014,0.000,14.8
2026-08-04T10:02:39.439085,124,0.021,0.014,0.000,35.4
2026-08-04T10:02:39.476723,125,0.021,0.014,0.000,27.2
2026-08-04T10:02:39.571976,126,0.019,0.016,0.000,10.6
2026-08-04T10:02:39.583116,127,0.020,0.016,0.000,95.8
2026-08-04T10:02:39.639378,128,0.020,0.015,0.000,18.1
2026-08-04T10:02:39.709891,129,0.020,0.015,0.000,14.4
2026-08-04T10:02:39.737100,130,0.021,0.016,0.000,38.0
2026-08-04T10:02:39.776199,131,0.021,0.016,0.000,26.0
2026-08-04T10:02:39.876113,132,0.020,0.016,0.000,10.1
2026-08-04T10:02:39.886523,133,0.024,0.016,0.000,103.5
2026-08-04T10:02:39.939078,134,0.025,0.015,0.000,19.4
2026-08-04T10:02:40.003012,135,0.032,0.015,0.000,15.8
2026-08-04T10:02:40.014047,136,0.038,0.015,0.000,96.2
2026-08-04T10:02:40.073168,137,0.041,0.014,0.000,17.2
2026-08-04T10:02:40.139585,138,0.043,0.015,0.000,15.2
2026-08-04T10:02:40.173065,139,0.048,0.014,0.000,30.5
2026-08-04T10:02:40.208999,140,0.052,0.013,0.000,28.3
2026-08-04T10:02:40.300754,141,0.083,0.013,0.000,11.0
2026-08-04T10:02:40.309841,142,0.096,0.013,0.000,120.4
2026-08-04T10:02:40.374437,143,0.134,0.010,0.000,15.7
2026-08-04T10:02:40.437476,144,0.146,0.010,0.000,16.2
2026-08-04T10:02:40.448541,145,0.165,0.010,0.000,96.8
2026-08-04T10:02:40.504571,146,0.170,0.010,0.000,18.4
2026-08-04T10:02:40.575003,147,0.175,0.009,0.000,14.4
2026-08-04T10:02:40.603206,148,0.186,0.010,0.000,36.5
2026-08-04T10:02:40.641232,149,0.190,0.010,0.000,26.9
2026-08-04T10:02:40.740556,150,0.198,0.010,0.000,10.1
2026-08-04T10:02:40.751622,151,0.200,0.010,0.000,100.6
2026-08-04T10:02:40.803869,152,0.201,0.010,0.000,19.5
2026-08-04T10:02:40.883069,153,0.205,0.010,0.000,12.8
2026-08-04T10:02:40.901900,154,0.209,0.011,0.000,55.4
2026-08-04T10:02:40.939021,155,0.212,0.010,0.000,27.5
2026-08-04T10:02:41.038393,156,0.213,0.010,0.000,10.1
2026-08-04T10:02:41.049044,157,0.216,0.010,0.000,100.5
2026-08-04T10:02:41.105392,158,0.222,0.010,0.000,17.9
2026-08-04T10:02:41.174705,159,0.224,0.010,0.000,14.6
2026-08-04T10:02:41.185786,160,0.222,0.010,0.000,96.6
2026-08-04T10:02:41.237325,161,0.224,0.010,0.000,19.7
2026-08-04T10:02:41.303943,162,0.224,0.010,0.000,15.2
2026-08-04T10:02:41.336878,163,0.224,0.010,0.000,31.3
2026-08-04T10:02:41.374617,164,0.223,0.010,0.000,27.2
2026-08-04T10:02:41.468672,165,0.224,0.011,0.000,10.8
2026-08-04T10:02:41.479722,166,0.225,0.011,0.000,97.2
2026-08-04T10:02:41.537185,167,0.224,0.010,0.000,17.7
2026-08-04T10:02:41.606871,168,0.224,0.010,0.000,14.5
2026-08-04T10:02:41.615976,169,0.224,0.010,0.000,120.1
2026-08-04T10:02:41.667245,170,0.224,0.010,0.000,19.8
2026-08-04T10:02:41.734017,171,0.222,0.010,0.000,15.2
2026-08-04T10:02:41.767913,172,0.224,0.010,0.000,30.2
2026-08-04T10:02:41.804393,173,0.220,0.010,0.000,28.1
2026-08-04T10:02:41.900496,174,0.221,0.010,0.000,10.5
2026-08-04T10:02:41.910928,175,0.217,0.011,0.000,102.5
2026-08-04T10:02:41.967845,176,0.215,0.010,0.000,17.8
2026-08-04T10:02:42.038563,177,0.218,0.010,0.000,14.5
2026-08-04T10:02:42.065482,178,0.218,0.010,0.000,38.4
2026-08-04T10:02:42.104044,179,0.220,0.010,0.000,26.6
2026-08-04T10:02:42.199279,180,0.220,0.010,0.000,10.6
2026-08-04T10:02:42.207782,181,0.220,0.010,0.000,128.4
2026-08-04T10:02:42.268322,182,0.222,0.010,0.000,16.8
2026-08-04T10:02:42.331318,183,0.224,0.010,0.000,16.1
2026-08-04T10:02:42.343442,184,0.224,0.010,0.000,87.7
2026-08-04T10:02:42.400443,185,0.224,0.009,0.000,17.9
2026-08-04T10:02:42.468141,186,0.222,0.010,0.000,15.0
2026-08-04T10:02:42.500655,187,0.198,0.010,0.000,31.6
2026-08-04T10:02:42.533227,188,0.085,0.012,0.000,31.8
2026-08-04T10:02:42.637163,189,0.074,0.012,0.000,9.7
2026-08-04T10:02:42.647940,190,0.072,0.012,0.000,100.1
2026-08-04T10:02:42.700384,191,0.245,0.011,0.000,19.9
2026-08-04T10:02:42.771352,192,0.296,0.011,0.000,14.3
2026-08-04T10:02:42.780203,193,0.311,0.012,0.000,123.9
2026-08-04T10:02:42.832211,194,0.318,0.011,0.000,19.5
2026-08-04T10:02:42.898735,195,0.316,0.012,0.000,15.3
2026-08-04T10:02:42.932697,196,0.315,0.011,0.000,30.9
2026-08-04T10:02:42.967462,197,0.315,0.012,0.000,29.4
2026-08-04T10:02:43.062943,198,0.316,0.011,0.000,10.5
2026-08-04T10:02:43.072616,199,0.315,0.010,0.000,111.1
2026-08-04T10:02:43.132943,200,0.315,0.010,0.000,16.8
2026-08-04T10:02:43.198764,201,0.316,0.010,0.000,15.4
2026-08-04T10:02:43.232835,202,0.316,0.011,0.000,30.0
2026-08-04T10:02:43.268796,203,0.316,0.011,0.000,28.6
2026-08-04T10:02:43.373143,204,0.318,0.010,0.000,9.6
2026-08-04T10:02:43.382327,205,0.318,0.011,0.000,118.1
2026-08-04T10:02:43.432567,206,0.320,0.011,0.000,20.2
2026-08-04T10:02:43.495521,207,0.320,0.011,0.000,16.1
2026-08-04T10:02:43.504066,208,0.320,0.011,0.000,126.9
2026-08-04T10:02:43.564158,209,0.321,0.010,0.000,16.9
2026-08-04T10:02:43.633680,210,0.321,0.010,0.000,14.6
2026-08-04T10:02:43.665287,211,0.320,0.011,0.000,32.4
2026-08-04T10:02:43.702170,212,0.318,0.011,0.000,27.7
2026-08-04T10:02:43.793920,213,0.318,0.011,0.000,11.1
2026-08-04T10:02:43.804720,214,0.318,0.011,0.000,98.9
2026-08-04T10:02:43.865962,215,0.318,0.010,0.000,16.6
2026-08-04T10:02:43.933029,216,0.319,0.010,0.000,15.2
2026-08-04T10:02:43.944859,217,0.320,0.011,0.000,90.1
2026-08-04T10:02:43.997464,218,0.320,0.011,0.000,19.3
2026-08-04T10:02:44.067560,219,0.320,0.011,0.000,14.5
2026-08-04T10:02:44.094423,220,0.320,0.011,0.000,38.2
2026-08-04T10:02:44.133904,221,0.321,0.011,0.000,25.8
2026-08-04T10:02:44.226401,222,0.327,0.011,0.000,10.9
2026-08-04T10:02:44.236173,223,0.324,0.010,0.000,109.9
2026-08-04T10:02:44.295790,224,0.323,0.010,0.000,17.0
2026-08-04T10:02:44.373897,225,0.323,0.010,0.000,12.9
2026-08-04T10:02:44.394810,226,0.299,0.010,0.000,49.7
2026-08-04T10:02:44.431459,227,0.228,0.011,0.000,27.9
2026-08-04T10:02:44.527249,228,0.169,0.011,0.000,10.5
2026-08-04T10:02:44.535287,229,0.201,0.011,0.000,135.9
2026-08-04T10:02:44.597058,230,0.247,0.011,0.000,16.4
2026-08-04T10:02:44.663815,231,0.266,0.011,0.000,15.3
2026-08-04T10:02:44.674377,232,0.288,0.011,0.000,101.3
2026-08-04T10:02:44.728447,233,0.303,0.014,0.000,18.8
2026-08-04T10:02:44.794380,234,0.311,0.013,0.000,15.4
2026-08-04T10:02:44.827755,235,0.318,0.012,0.000,30.6
2026-08-04T10:02:44.861151,236,0.317,0.012,0.000,30.7
2026-08-04T10:02:44.957763,237,0.317,0.012,0.000,10.4
2026-08-04T10:02:44.966893,238,0.316,0.012,0.000,119.0
2026-08-04T10:02:45.028116,239,0.316,0.011,0.000,16.6
2026-08-04T10:02:45.095915,240,0.316,0.011,0.000,14.9
2026-08-04T10:02:45.106798,241,0.317,0.012,0.000,100.3
2026-08-04T10:02:45.161082,242,0.319,0.013,0.000,18.7
2026-08-04T10:02:45.226104,243,0.319,0.011,0.000,15.6
2026-08-04T10:02:45.261577,244,0.319,0.011,0.000,28.8
2026-08-04T10:02:45.293246,245,0.318,0.011,0.000,32.8
2026-08-04T10:02:45.398128,246,0.319,0.011,0.000,9.6
2026-08-04T10:02:45.406399,247,0.319,0.012,0.000,132.7
2026-08-04T10:02:45.460133,248,0.320,0.012,0.000,18.9
2026-08-04T10:02:45.530793,249,0.320,0.012,0.000,14.3
2026-08-04T10:02:45.556224,250,0.320,0.011,0.000,40.4
2026-08-04T10:02:45.597238,251,0.316,0.011,0.000,24.9
2026-08-04T10:02:45.693664,252,0.315,0.011,0.000,10.5
2026-08-04T10:02:45.703201,253,0.313,0.010,0.000,113.1
2026-08-04T10:02:45.758385,254,0.280,0.009,0.000,18.5
2026-08-04T10:02:45.824633,255,0.151,0.010,0.000,15.3
2026-08-04T10:02:45.833682,256,0.109,0.009,0.000,120.3
2026-08-04T10:02:45.892571,257,0.166,0.010,0.000,17.2
2026-08-04T10:02:45.960370,258,0.183,0.010,0.000,15.0
2026-08-04T10:02:45.991881,259,0.247,0.010,0.000,32.7
2026-08-04T10:02:46.028627,260,0.262,0.010,0.000,27.8
2026-08-04T10:02:46.128612,261,0.289,0.010,0.000,10.1
2026-08-04T10:02:46.137762,262,0.293,0.011,0.000,118.1
2026-08-04T10:02:46.192633,263,0.295,0.011,0.000,18.5
2026-08-04T10:02:46.258223,264,0.296,0.009,0.000,15.5
2026-08-04T10:02:46.267018,265,0.297,0.010,0.000,123.5
2026-08-04T10:02:46.325620,266,0.297,0.010,0.000,17.4
2026-08-04T10:02:46.393806,267,0.298,0.010,0.000,14.9
2026-08-04T10:02:46.424450,268,0.301,0.009,0.000,33.4
2026-08-04T10:02:46.458853,269,0.300,0.009,0.000,29.9
2026-08-04T10:02:46.555931,270,0.303,0.009,0.000,10.4
2026-08-04T10:02:46.566902,271,0.305,0.009,0.000,97.6
2026-08-04T10:02:46.625552,272,0.305,0.010,0.000,17.2
2026-08-04T10:02:46.691031,273,0.303,0.010,0.000,15.6
2026-08-04T10:02:46.726678,274,0.305,0.011,0.000,28.7
2026-08-04T10:02:46.760095,275,0.302,0.010,0.000,30.9
2026-08-04T10:02:46.864518,276,0.300,0.010,0.000,9.7
2026-08-04T10:02:46.875949,277,0.300,0.010,0.000,98.3
2026-08-04T10:02:46.924476,278,0.299,0.009,0.000,21.0
2026-08-04T10:02:46.986911,279,0.301,0.010,0.000,16.3
2026-08-04T10:02:46.998818,280,0.302,0.010,0.000,96.7
2026-08-04T10:02:47.057131,281,0.301,0.011,0.000,17.4
2026-08-04T10:02:47.127876,282,0.301,0.011,0.000,14.3
2026-08-04T10:02:47.154376,283,0.302,0.011,0.000,38.8
2026-08-04T10:02:47.192548,284,0.303,0.011,0.000,26.8
2026-08-04T10:02:47.289533,285,0.305,0.011,0.000,10.4
2026-08-04T10:02:47.300251,286,0.307,0.011,0.000,99.2
2026-08-04T10:02:47.358390,287,0.306,0.011,0.000,17.4
2026-08-04T10:02:47.421170,288,0.306,0.011,0.000,16.2
2026-08-04T10:02:47.432521,289,0.307,0.011,0.000,94.6
2026-08-04T10:02:47.487173,290,0.307,0.012,0.000,18.6
2026-08-04T10:02:47.554514,291,0.306,0.011,0.000,15.1
2026-08-04T10:02:47.586503,292,0.308,0.009,0.000,32.0
2026-08-04T10:02:47.625891,293,0.307,0.010,0.000,26.0
2026-08-04T10:02:47.720949,294,0.307,0.009,0.000,10.6
2026-08-04T10:02:47.731820,295,0.310,0.009,0.000,102.0
2026-08-04T10:02:47.787599,296,0.314,0.013,0.000,18.1
2026-08-04T10:02:47.862957,297,0.315,0.011,0.000,13.4
2026-08-04T10:02:47.885760,298,0.315,0.010,0.000,45.3
2026-08-04T10:02:47.924102,299,0.315,0.011,0.000,26.6
2026-08-04T10:02:48.021752,300,0.309,0.011,0.000,10.4
2026-08-04T10:02:48.031484,301,0.303,0.011,0.000,113.9
2026-08-04T10:02:48.088021,302,0.247,0.011,0.000,17.9
2026-08-04T10:02:48.156237,303,0.217,0.011,0.000,14.9
2026-08-04T10:02:48.167476,304,0.145,0.011,0.000,94.9
2026-08-04T10:02:48.219372,305,0.042,0.015,0.000,19.7
2026-08-04T10:02:48.286359,306,0.033,0.017,0.000,15.1
2026-08-04T10:02:48.322681,307,0.029,0.014,0.000,28.1
2026-08-04T10:02:48.353963,308,0.029,0.015,0.000,32.7
2026-08-04T10:02:48.450114,309,0.026,0.012,0.000,10.5
2026-08-04T10:02:48.460934,310,0.023,0.013,0.000,99.0
2026-08-04T10:02:48.520470,311,0.023,0.014,0.000,17.1
2026-08-04T10:02:48.583161,312,0.024,0.014,0.000,16.2
2026-08-04T10:02:48.592441,313,0.026,0.014,0.000,116.3
2026-08-04T10:02:48.652467,314,0.028,0.016,0.000,17.1
2026-08-04T10:02:48.720925,315,0.027,0.015,0.000,14.9
2026-08-04T10:02:48.752832,316,0.028,0.016,0.000,32.0
2026-08-04T10:02:48.788943,317,0.023,0.016,0.000,28.3
2026-08-04T10:02:48.887482,318,0.022,0.018,0.000,10.2
2026-08-04T10:02:48.895869,319,0.023,0.017,0.000,129.7
2026-08-04T10:02:48.950303,320,0.021,0.017,0.000,19.2
2026-08-04T10:02:49.018204,321,0.022,0.017,0.000,14.9
2026-08-04T10:02:49.053153,322,0.022,0.016,0.000,29.2
2026-08-04T10:02:49.088330,323,0.022,0.016,0.000,29.2
2026-08-04T10:02:49.185064,324,0.022,0.016,0.000,10.5
2026-08-04T10:02:49.196413,325,0.020,0.016,0.000,94.2
2026-08-04T10:02:49.252399,326,0.020,0.016,0.000,18.2
2026-08-04T10:02:49.317760,327,0.020,0.016,0.000,15.6
2026-08-04T10:02:49.329069,328,0.020,0.018,0.000,95.0
2026-08-04T10:02:49.384435,329,0.021,0.018,0.000,18.4
2026-08-04T10:02:49.454759,330,0.024,0.016,0.000,14.4
2026-08-04T10:02:49.481799,331,0.030,0.016,0.000,38.0
2026-08-04T10:02:49.521019,332,0.028,0.016,0.000,26.0
2026-08-04T10:02:49.627024,333,0.038,0.015,0.000,9.5
2026-08-04T10:02:49.635958,334,0.042,0.014,0.000,121.9
2026-08-04T10:02:49.683215,335,0.046,0.013,0.000,21.5
2026-08-04T10:02:49.749897,336,0.054,0.014,0.000,15.4
2026-08-04T10:02:49.763382,337,0.076,0.013,0.000,78.2
2026-08-04T10:02:49.816015,338,0.125,0.012,0.000,19.3
2026-08-04T10:02:49.881316,339,0.138,0.012,0.000,15.6
2026-08-04T10:02:49.917222,340,0.168,0.011,0.000,28.4
2026-08-04T10:02:49.953199,341,0.169,0.011,0.000,28.8
2026-08-04T10:02:50.046018,342,0.187,0.011,0.000,10.9
2026-08-04T10:02:50.057306,343,0.193,0.013,0.000,94.6
2026-08-04T10:02:50.118372,344,0.196,0.012,0.000,17.0
2026-08-04T10:02:50.185799,345,0.206,0.011,0.000,15.1
2026-08-04T10:02:50.216629,346,0.224,0.012,0.000,33.2
2026-08-04T10:02:50.253878,347,0.226,0.011,0.000,27.5
2026-08-04T10:02:50.350724,348,0.235,0.010,0.000,10.4
2026-08-04T10:02:50.362607,349,0.238,0.011,0.000,94.2
2026-08-04T10:02:50.415215,350,0.243,0.011,0.000,19.2
2026-08-04T10:02:50.479332,351,0.243,0.011,0.000,15.9
2026-08-04T10:02:50.489489,352,0.248,0.011,0.000,105.6
2026-08-04T10:02:50.548128,353,0.250,0.010,0.000,17.3
2026-08-04T10:02:50.628712,354,0.251,0.011,0.000,12.6
2026-08-04T10:02:50.647764,355,0.253,0.011,0.000,55.0
2026-08-04T10:02:50.683391,356,0.252,0.011,0.000,28.7
2026-08-04T10:02:50.781975,357,0.252,0.011,0.000,10.3
2026-08-04T10:02:50.790814,358,0.252,0.011,0.000,125.0
2026-08-04T10:02:50.848053,359,0.252,0.011,0.000,17.8
2026-08-04T10:02:50.911099,360,0.255,0.011,0.000,16.3
2026-08-04T10:02:50.920362,361,0.255,0.011,0.000,117.0
2026-08-04T10:02:50.980774,362,0.253,0.012,0.000,16.8
2026-08-04T10:02:51.051054,363,0.252,0.011,0.000,14.5
2026-08-04T10:02:51.081336,364,0.252,0.011,0.000,34.0
2026-08-04T10:02:51.119545,365,0.250,0.011,0.000,27.2
2026-08-04T10:02:51.210112,366,0.248,0.010,0.000,11.2
2026-08-04T10:02:51.220483,367,0.248,0.011,0.000,103.7
2026-08-04T10:02:51.280495,368,0.245,0.011,0.000,16.9
2026-08-04T10:02:51.349623,369,0.242,0.012,0.000,14.7
2026-08-04T10:02:51.380483,370,0.239,0.012,0.000,34.0
2026-08-04T10:02:51.417557,371,0.238,0.012,0.000,27.9
2026-08-04T10:02:51.509092,372,0.234,0.011,0.000,11.1
2026-08-04T10:02:51.517453,373,0.233,0.011,0.000,130.7
2026-08-04T10:02:51.580635,374,0.191,0.012,0.000,16.0
2026-08-04T10:02:51.644953,375,0.096,0.010,0.000,15.8
2026-08-04T10:02:51.653658,376,0.027,0.011,0.000,125.8
2026-08-04T10:02:51.713081,377,0.030,0.013,0.000,17.0
2026-08-04T10:02:51.778209,378,0.034,0.013,0.000,15.6
2026-08-04T10:02:51.811809,379,0.028,0.014,0.000,30.5
2026-08-04T10:02:51.848469,380,0.025,0.014,0.000,27.8
2026-08-04T10:02:51.943292,381,0.034,0.015,0.000,10.7
2026-08-04T10:02:51.953418,382,0.035,0.015,0.000,105.1
2026-08-04T10:02:52.012832,383,0.039,0.015,0.000,17.0
2026-08-04T10:02:52.073233,384,0.038,0.015,0.000,17.0
2026-08-04T10:02:52.083667,385,0.039,0.015,0.000,102.9
2026-08-04T10:02:52.143815,386,0.040,0.015,0.000,16.9
2026-08-04T10:02:52.218049,387,0.041,0.015,0.000,13.7
2026-08-04T10:02:52.242116,388,0.039,0.015,0.000,42.9
2026-08-04T10:02:52.279550,389,0.039,0.015,0.000,27.4
2026-08-04T10:02:52.387497,390,0.043,0.015,0.000,9.3
2026-08-04T10:02:52.396736,391,0.033,0.015,0.000,116.7
2026-08-04T10:02:52.444753,392,0.029,0.015,0.000,21.2
2026-08-04T10:02:52.506225,393,0.028,0.016,0.000,16.6
2026-08-04T10:02:52.544106,394,0.029,0.016,0.000,26.9
2026-08-04T10:02:52.580743,395,0.029,0.015,0.000,28.0
2026-08-04T10:02:52.674494,396,0.040,0.014,0.000,10.8
2026-08-04T10:02:52.684427,397,0.039,0.014,0.000,108.5
2026-08-04T10:02:52.744464,398,0.037,0.014,0.000,16.8
2026-08-04T10:02:52.807681,399,0.039,0.014,0.000,16.0
2026-08-04T10:02:52.815666,400,0.042,0.014,0.000,138.4
2026-08-04T10:02:52.877546,401,0.042,0.014,0.000,16.3
2026-08-04T10:02:52.943814,402,0.039,0.014,0.000,15.3
2026-08-04T10:02:52.977975,403,0.038,0.014,0.000,29.9
2026-08-04T10:02:53.013819,404,0.040,0.015,0.000,28.7
2026-08-04T10:02:53.112923,405,0.040,0.015,0.000,10.2
2026-08-04T10:02:53.124746,406,0.033,0.017,0.000,94.6
2026-08-04T10:02:53.172063,407,0.033,0.016,0.000,21.4
2026-08-04T10:02:53.237764,408,0.033,0.016,0.000,15.4
2026-08-04T10:02:53.246236,409,0.034,0.016,0.000,129.8
2026-08-04T10:02:53.306424,410,0.037,0.015,0.000,16.8
2026-08-04T10:02:53.385140,411,0.037,0.015,0.000,12.8
2026-08-04T10:02:53.408817,412,0.038,0.015,0.000,43.7
2026-08-04T10:02:53.444120,413,0.038,0.016,0.000,29.7
2026-08-04T10:02:53.538641,414,0.038,0.016,0.000,10.7
2026-08-04T10:02:53.547157,415,0.051,0.017,0.000,127.6
2026-08-04T10:02:53.610368,416,0.043,0.017,0.000,16.0
2026-08-04T10:02:53.680397,417,0.039,0.017,0.000,14.5
2026-08-04T10:02:53.706170,418,0.037,0.017,0.000,39.8
2026-08-04T10:02:53.742880,419,0.036,0.017,0.000,28.1
2026-08-04T10:02:53.839311,420,0.035,0.016,0.000,10.5
2026-08-04T10:02:53.850686,421,0.036,0.017,0.000,93.9
2026-08-04T10:02:53.909026,422,0.031,0.015,0.000,17.6
2026-08-04T10:02:53.970627,423,0.025,0.015,0.000,16.5
2026-08-04T10:02:53.979282,424,0.026,0.016,0.000,126.6
2026-08-04T10:02:54.041322,425,0.026,0.018,0.000,16.7
2026-08-04T10:02:54.114184,426,0.027,0.017,0.000,13.9
2026-08-04T10:02:54.138718,427,0.028,0.016,0.000,42.9
2026-08-04T10:02:54.177390,428,0.030,0.016,0.000,26.4
2026-08-04T10:02:54.271673,429,0.028,0.014,0.000,10.7
2026-08-04T10:02:54.283528,430,0.026,0.014,0.000,98.1
2026-08-04T10:02:54.339956,431,0.023,0.014,0.000,18.0
2026-08-04T10:02:54.403731,432,0.024,0.016,0.000,16.0
2026-08-04T10:02:54.414221,433,0.025,0.016,0.000,102.4
2026-08-04T10:02:54.472646,434,0.026,0.015,0.000,17.3
2026-08-04T10:02:54.538313,435,0.026,0.016,0.000,15.5
2026-08-04T10:02:54.550701,436,0.028,0.015,0.000,85.4
2026-08-04T10:02:54.609782,437,0.027,0.015,0.000,17.3
2026-08-04T10:02:54.701813,438,0.030,0.015,0.000,11.0
2026-08-04T10:02:54.712358,439,0.030,0.015,0.000,101.6
2026-08-04T10:02:54.772845,440,0.032,0.015,0.000,16.8
2026-08-04T10:02:54.843017,441,0.027,0.016,0.000,14.5
2026-08-04T10:02:54.869312,442,0.028,0.016,0.000,39.2
2026-08-04T10:02:54.910024,443,0.028,0.015,0.000,25.2
2026-08-04T10:02:55.004982,444,0.029,0.014,0.000,10.6
2026-08-04T10:02:55.015702,445,0.028,0.015,0.000,100.3
2026-08-04T10:02:55.072303,446,0.030,0.014,0.000,17.9
2026-08-04T10:02:55.140788,447,0.029,0.015,0.000,14.8
2026-08-04T10:02:55.151341,448,0.027,0.015,0.000,102.5
2026-08-04T10:02:55.204848,449,0.032,0.015,0.000,18.9
2026-08-04T10:02:55.272475,450,0.033,0.015,0.000,15.0
2026-08-04T10:02:55.302131,451,0.033,0.015,0.000,34.5
2026-08-04T10:02:55.340720,452,0.032,0.015,0.000,26.4
2026-08-04T10:02:55.434686,453,0.030,0.015,0.000,10.7
2026-08-04T10:02:55.442941,454,0.029,0.016,0.000,132.0
2026-08-04T10:02:55.504875,455,0.033,0.016,0.000,16.3
2026-08-04T10:02:55.570103,456,0.034,0.015,0.000,15.6
2026-08-04T10:02:55.581224,457,0.038,0.016,0.000,96.4
2026-08-04T10:02:55.637169,458,0.040,0.016,0.000,18.1
2026-08-04T10:02:55.703063,459,0.043,0.014,0.000,15.5
2026-08-04T10:02:55.714552,460,0.043,0.014,0.000,93.2
2026-08-04T10:02:55.772433,461,0.043,0.015,0.000,17.5
2026-08-04T10:02:55.872311,462,0.054,0.016,0.000,10.1
2026-08-04T10:02:55.884269,463,0.057,0.016,0.000,93.9
2026-08-04T10:02:55.935807,464,0.066,0.015,0.000,19.7
2026-08-04T10:02:56.004149,465,0.075,0.014,0.000,14.9
2026-08-04T10:02:56.036220,466,0.105,0.014,0.000,32.1
2026-08-04T10:02:56.073411,467,0.126,0.014,0.000,27.5
2026-08-04T10:02:56.166577,468,0.134,0.013,0.000,10.9
2026-08-04T10:02:56.175613,469,0.134,0.013,0.000,121.8
2026-08-04T10:02:56.235273,470,0.134,0.012,0.000,17.4
2026-08-04T10:02:56.301206,471,0.135,0.012,0.000,15.4
2026-08-04T10:02:56.311957,472,0.135,0.011,0.000,101.3
2026-08-04T10:02:56.370221,473,0.138,0.012,0.000,17.4
2026-08-04T10:02:56.435099,474,0.141,0.012,0.000,15.6
2026-08-04T10:02:56.469159,475,0.137,0.012,0.000,30.0
2026-08-04T10:02:56.503521,476,0.138,0.011,0.000,29.9
2026-08-04T10:02:56.601533,477,0.140,0.012,0.000,10.3
2026-08-04T10:02:56.614771,478,0.140,0.012,0.000,85.8
2026-08-04T10:02:56.666850,479,0.128,0.012,0.000,19.5
2026-08-04T10:02:56.731883,480,0.131,0.012,0.000,15.6
2026-08-04T10:02:56.742240,481,0.135,0.012,0.000,103.6
2026-08-04T10:02:56.801803,482,0.134,0.011,0.000,17.0
2026-08-04T10:02:56.881761,483,0.137,0.012,0.000,12.7
2026-08-04T10:02:56.891303,484,0.133,0.013,0.000,113.8
2026-08-04T10:02:56.938670,485,0.135,0.013,0.000,21.5
2026-08-04T10:02:57.031016,486,0.141,0.012,0.000,11.0
2026-08-04T10:02:57.041948,487,0.146,0.012,0.000,97.6
2026-08-04T10:02:57.099621,488,0.141,0.011,0.000,17.5
2026-08-04T10:02:57.168514,489,0.142,0.011,0.000,14.7
2026-08-04T10:02:57.201388,490,0.145,0.011,0.000,31.1
2026-08-04T10:02:57.238410,491,0.144,0.011,0.000,27.6
2026-08-04T10:02:57.333776,492,0.159,0.011,0.000,10.6
2026-08-04T10:02:57.344435,493,0.160,0.011,0.000,101.4
2026-08-04T10:02:57.399687,494,0.165,0.011,0.000,18.4
2026-08-04T10:02:57.468508,495,0.164,0.011,0.000,14.7
2026-08-04T10:02:57.478614,496,0.160,0.010,0.000,106.4
2026-08-04T10:02:57.533017,497,0.151,0.011,0.000,18.7
2026-08-04T10:02:57.600313,498,0.136,0.011,0.000,15.1
2026-08-04T10:02:57.634868,499,0.051,0.015,0.000,29.7
2026-08-04T10:02:57.668144,500,0.041,0.015,0.000,31.1
2026-08-04T10:02:57.766624,501,0.036,0.016,0.000,10.3
2026-08-04T10:02:57.778191,502,0.025,0.016,0.000,92.6
2026-08-04T10:02:57.832347,503,0.023,0.015,0.000,18.9
2026-08-04T10:02:57.895403,504,0.026,0.016,0.000,16.2
2026-08-04T10:02:57.906842,505,0.028,0.016,0.000,93.5
2026-08-04T10:02:57.964638,506,0.028,0.017,0.000,17.6
2026-08-04T10:02:58.035821,507,0.026,0.017,0.000,14.3
2026-08-04T10:02:58.044311,508,0.027,0.017,0.000,128.7
2026-08-04T10:02:58.099925,509,0.027,0.017,0.000,18.2
2026-08-04T10:02:58.194970,510,0.028,0.019,0.000,10.6
2026-08-04T10:02:58.206332,511,0.039,0.018,0.000,94.8
2026-08-04T10:02:58.265841,512,0.023,0.018,0.000,17.2
2026-08-04T10:02:58.329638,513,0.024,0.017,0.000,15.9
2026-08-04T10:02:58.365507,514,0.025,0.017,0.000,28.5
2026-08-04T10:02:58.398998,515,0.024,0.017,0.000,30.7
2026-08-04T10:02:58.495309,516,0.024,0.017,0.000,10.5
2026-08-04T10:02:58.504104,517,0.025,0.016,0.000,123.8
2026-08-04T10:02:58.563997,518,0.024,0.018,0.000,16.9
2026-08-04T10:02:58.633336,519,0.025,0.017,0.000,14.6
2026-08-04T10:02:58.644408,520,0.025,0.018,0.000,102.6
2026-08-04T10:02:58.696166,521,0.031,0.018,0.000,19.6
2026-08-04T10:02:58.761812,522,0.033,0.017,0.000,15.5
2026-08-04T10:02:58.795560,523,0.027,0.017,0.000,30.2
2026-08-04T10:02:58.832295,524,0.028,0.017,0.000,27.9
2026-08-04T10:02:58.925596,525,0.028,0.017,0.000,10.9
2026-08-04T10:02:58.935317,526,0.028,0.017,0.000,110.7
2026-08-04T10:02:58.996403,527,0.030,0.016,0.000,16.5
2026-08-04T10:02:59.063607,528,0.031,0.016,0.000,15.1
2026-08-04T10:02:59.072693,529,0.029,0.017,0.000,120.0
2026-08-04T10:02:59.129753,530,0.030,0.017,0.000,17.8
2026-08-04T10:02:59.196827,531,0.029,0.017,0.000,15.2
2026-08-04T10:02:59.205855,532,0.027,0.016,0.000,120.6
2026-08-04T10:02:59.264628,533,0.027,0.016,0.000,17.3
2026-08-04T10:02:59.366521,534,0.027,0.016,0.000,9.9
2026-08-04T10:02:59.377234,535,0.028,0.017,0.000,102.0
2026-08-04T10:02:59.428551,536,0.025,0.017,0.000,19.8
2026-08-04T10:02:59.497508,537,0.023,0.017,0.000,14.8
2026-08-04T10:02:59.526020,538,0.022,0.016,0.000,36.2
2026-08-04T10:02:59.564778,539,0.022,0.017,0.000,26.4
2026-08-04T10:02:59.663413,540,0.024,0.017,0.000,10.3
2026-08-04T10:02:59.673529,541,0.025,0.017,0.000,106.4
2026-08-04T10:02:59.728488,542,0.025,0.015,0.000,18.5
2026-08-04T10:02:59.795842,543,0.027,0.015,0.000,15.1
2026-08-04T10:02:59.804419,544,0.027,0.014,0.000,126.4
2026-08-04T10:02:59.859633,545,0.024,0.015,0.000,18.4
2026-08-04T10:02:59.929007,546,0.027,0.016,0.000,14.6
2026-08-04T10:02:59.961556,547,0.027,0.027,0.000,31.4
2026-08-04T10:02:59.998379,548,0.033,0.018,0.000,27.6
2026-08-04T10:03:00.091721,549,0.031,0.017,0.000,10.8
2026-08-04T10:03:00.104892,550,0.032,0.018,0.000,80.3
2026-08-04T10:03:00.159046,551,0.035,0.018,0.000,18.7
2026-08-04T10:03:00.225323,552,0.040,0.015,0.000,15.3
2026-08-04T10:03:00.238566,553,0.040,0.014,0.000,79.8
2026-08-04T10:03:00.294114,554,0.050,0.014,0.000,18.3
2026-08-04T10:03:00.367186,555,0.054,0.015,0.000,13.9
2026-08-04T10:03:00.379145,556,0.054,0.015,0.000,88.8
2026-08-04T10:03:00.427885,557,0.058,0.013,0.000,20.8
2026-08-04T10:03:00.521197,558,0.059,0.014,0.000,10.8
2026-08-04T10:03:00.532152,559,0.058,0.014,0.000,97.3
2026-08-04T10:03:00.592463,560,0.057,0.013,0.000,16.9
2026-08-04T10:03:00.657466,561,0.060,0.013,0.000,15.6
2026-08-04T10:03:00.692080,562,0.061,0.014,0.000,29.5
2026-08-04T10:03:00.728210,563,0.062,0.015,0.000,28.4
2026-08-04T10:03:00.823771,564,0.064,0.013,0.000,10.6
2026-08-04T10:03:00.834721,565,0.066,0.013,0.000,98.9
2026-08-04T10:03:00.892400,566,0.062,0.013,0.000,17.7
2026-08-04T10:03:00.956335,567,0.061,0.013,0.000,15.9
2026-08-04T10:03:00.966969,568,0.060,0.013,0.000,101.1
2026-08-04T10:03:01.023798,569,0.057,0.013,0.000,17.9
2026-08-04T10:03:01.094876,570,0.055,0.013,0.000,14.3
2026-08-04T10:03:01.122726,571,0.055,0.014,0.000,36.8
2026-08-04T10:03:01.158836,572,0.055,0.015,0.000,28.3
2026-08-04T10:03:01.253200,573,0.054,0.015,0.000,10.7
2026-08-04T10:03:01.263864,574,0.054,0.014,0.000,100.4
2026-08-04T10:03:01.323279,575,0.057,0.015,0.000,17.1
2026-08-04T10:03:01.393338,576,0.058,0.013,0.000,14.5
2026-08-04T10:03:01.401684,577,0.052,0.013,0.000,130.7
2026-08-04T10:03:01.455984,578,0.059,0.013,0.000,18.7
2026-08-04T10:03:01.526214,579,0.062,0.013,0.000,14.5
2026-08-04T10:03:01.534651,580,0.084,0.013,0.000,129.2
2026-08-04T10:03:01.590942,581,0.125,0.015,0.000,18.0
2026-08-04T10:03:01.685837,582,0.178,0.016,0.000,10.6
2026-08-04T10:03:01.698786,583,0.227,0.016,0.000,81.7
2026-08-04T10:03:01.755761,584,0.255,0.014,0.000,17.9
2026-08-04T10:03:01.822491,585,0.256,0.015,0.000,15.2
2026-08-04T10:03:01.857617,586,0.257,0.014,0.000,29.0
2026-08-04T10:03:01.894439,587,0.261,0.014,0.000,27.8
2026-08-04T10:03:01.985455,588,0.259,0.014,0.000,11.1
2026-08-04T10:03:01.993575,589,0.259,0.014,0.000,134.4
2026-08-04T10:03:02.054929,590,0.259,0.013,0.000,16.5
2026-08-04T10:03:02.123262,591,0.261,0.014,0.000,14.9
2026-08-04T10:03:02.133557,592,0.262,0.013,0.000,109.9
2026-08-04T10:03:02.187272,593,0.261,0.014,0.000,18.9
2026-08-04T10:03:02.258968,594,0.260,0.014,0.000,14.2
2026-08-04T10:03:02.285936,595,0.257,0.014,0.000,39.5
2026-08-04T10:03:02.324326,596,0.258,0.014,0.000,26.6
2026-08-04T10:03:02.427956,597,0.250,0.015,0.000,9.8
2026-08-04T10:03:02.440807,598,0.209,0.015,0.000,85.1
2026-08-04T10:03:02.488172,599,0.072,0.017,0.000,22.3
2026-08-04T10:03:02.557487,600,0.056,0.016,0.000,14.7
2026-08-04T10:03:02.586351,601,0.056,0.016,0.000,35.7
2026-08-04T10:03:02.620646,602,0.053,0.016,0.000,30.0
2026-08-04T10:03:02.688360,603,0.057,0.016,0.000,15.1
2026-08-04T10:03:02.697887,604,0.050,0.016,0.000,113.7
2026-08-04T10:03:02.755500,605,0.051,0.016,0.000,17.6
2026-08-04T10:03:02.852681,606,0.054,0.015,0.000,10.4
2026-08-04T10:03:02.865963,607,0.051,0.014,0.000,92.3
2026-08-04T10:03:02.920515,608,0.052,0.017,0.000,18.6
2026-08-04T10:03:02.990974,609,0.054,0.014,0.000,14.4
2026-08-04T10:03:03.017531,610,0.054,0.012,0.000,38.9
2026-08-04T10:03:03.055195,611,0.056,0.011,0.000,27.0
2026-08-04T10:03:03.152706,612,0.060,0.010,0.000,10.4
2026-08-04T10:03:03.163056,613,0.060,0.010,0.000,103.8
2026-08-04T10:03:03.220779,614,0.066,0.010,0.000,17.7
2026-08-04T10:03:03.283971,615,0.069,0.010,0.000,16.1
2026-08-04T10:03:03.295042,616,0.071,0.010,0.000,97.0
2026-08-04T10:03:03.352627,617,0.070,0.010,0.000,17.7
2026-08-04T10:03:03.421403,618,0.078,0.010,0.000,14.7
2026-08-04T10:03:03.454161,619,0.075,0.010,0.000,31.3
2026-08-04T10:03:03.488950,620,0.075,0.011,0.000,29.7
2026-08-04T10:03:03.583839,621,0.072,0.011,0.000,10.6
2026-08-04T10:03:03.594328,622,0.070,0.011,0.000,102.1
2026-08-04T10:03:03.652799,623,0.067,0.011,0.000,17.4
2026-08-04T10:03:03.717897,624,0.068,0.010,0.000,15.6
2026-08-04T10:03:03.754763,625,0.071,0.010,0.000,27.7
2026-08-04T10:03:03.784650,626,0.075,0.011,0.000,34.9
2026-08-04T10:03:03.850560,627,0.069,0.010,0.000,15.5
2026-08-04T10:03:03.863405,628,0.065,0.010,0.000,82.5
2026-08-04T10:03:03.919876,629,0.158,0.011,0.000,18.0
2026-08-04T10:03:04.014464,630,0.230,0.011,0.000,10.7
2026-08-04T10:03:04.028517,631,0.260,0.011,0.000,75.2
2026-08-04T10:03:04.083616,632,0.287,0.011,0.000,18.4
2026-08-04T10:03:04.157325,633,0.292,0.010,0.000,13.7
2026-08-04T10:03:04.186179,634,0.304,0.010,0.000,35.7
2026-08-04T10:03:04.221829,635,0.307,0.011,0.000,28.7
2026-08-04T10:03:04.316901,636,0.304,0.010,0.000,10.6
2026-08-04T10:03:04.328530,637,0.304,0.010,0.000,93.1
2026-08-04T10:03:04.386960,638,0.305,0.011,0.000,17.4
2026-08-04T10:03:04.447016,639,0.303,0.011,0.000,16.9
2026-08-04T10:03:04.455771,640,0.305,0.011,0.000,124.7
2026-08-04T10:03:04.515695,641,0.302,0.011,0.000,16.9
2026-08-04T10:03:04.582194,642,0.297,0.012,0.000,15.3
2026-08-04T10:03:04.616809,643,0.296,0.012,0.000,29.5
2026-08-04T10:03:04.652690,644,0.296,0.010,0.000,28.5
2026-08-04T10:03:04.751850,645,0.297,0.011,0.000,10.2
2026-08-04T10:03:04.761249,646,0.297,0.010,0.000,116.0
2026-08-04T10:03:04.815307,647,0.292,0.010,0.000,18.8
2026-08-04T10:03:04.881445,648,0.157,0.011,0.000,15.3
2026-08-04T10:03:04.893125,649,0.082,0.011,0.000,97.2
2026-08-04T10:03:04.949398,650,0.118,0.011,0.000,18.0
2026-08-04T10:03:05.019477,651,0.182,0.012,0.000,14.5
2026-08-04T10:03:05.028629,652,0.261,0.012,0.000,118.8
2026-08-04T10:03:05.084772,653,0.321,0.011,0.000,18.6
2026-08-04T10:03:05.181330,654,0.337,0.011,0.000,10.5
2026-08-04T10:03:05.190398,655,0.347,0.010,0.000,119.7
2026-08-04T10:03:05.248201,656,0.351,0.013,0.000,17.6
2026-08-04T10:03:05.315573,657,0.353,0.014,0.000,15.0
2026-08-04T10:03:05.349032,658,0.358,0.015,0.000,30.5
2026-08-04T10:03:05.387140,659,0.360,0.015,0.000,27.1
2026-08-04T10:03:05.481514,660,0.364,0.015,0.000,10.8
2026-08-04T10:03:05.492995,661,0.370,0.017,0.000,92.9
2026-08-04T10:03:05.547839,662,0.368,0.017,0.000,18.7
2026-08-04T10:03:05.616023,663,0.357,0.017,0.000,14.9
2026-08-04T10:03:05.628144,664,0.257,0.017,0.000,93.5
2026-08-04T10:03:05.679750,665,0.064,0.017,0.000,19.7
2026-08-04T10:03:05.748015,666,0.082,0.017,0.000,14.8
2026-08-04T10:03:05.780540,667,0.159,0.016,0.000,31.4
2026-08-04T10:03:05.816971,668,0.178,0.017,0.000,28.0
2026-08-04T10:03:05.911211,669,0.195,0.017,0.000,10.7
2026-08-04T10:03:05.921449,670,0.205,0.016,0.000,105.6
2026-08-04T10:03:05.982510,671,0.215,0.016,0.000,16.6
2026-08-04T10:03:06.049953,672,0.223,0.016,0.000,15.0
2026-08-04T10:03:06.078473,673,0.226,0.015,0.000,36.2
2026-08-04T10:03:06.114382,674,0.231,0.014,0.000,28.7
2026-08-04T10:03:06.180330,675,0.236,0.015,0.000,15.4
2026-08-04T10:03:06.189318,676,0.242,0.014,0.000,121.1
2026-08-04T10:03:06.247768,677,0.248,0.014,0.000,17.5
2026-08-04T10:03:06.342142,678,0.251,0.014,0.000,10.7
2026-08-04T10:03:06.352476,679,0.251,0.014,0.000,104.0
2026-08-04T10:03:06.413365,680,0.255,0.013,0.000,16.7
2026-08-04T10:03:06.481327,681,0.258,0.013,0.000,14.9
2026-08-04T10:03:06.510726,682,0.256,0.014,0.000,34.9
2026-08-04T10:03:06.548850,683,0.257,0.014,0.000,26.8
2026-08-04T10:03:06.652797,684,0.245,0.014,0.000,9.7
2026-08-04T10:03:06.663981,685,0.236,0.014,0.000,106.6
2026-08-04T10:03:06.711819,686,0.235,0.014,0.000,21.2
2026-08-04T10:03:06.779916,687,0.194,0.014,0.000,14.9
2026-08-04T10:03:06.790735,688,0.105,0.013,0.000,99.1
2026-08-04T10:03:06.844415,689,0.047,0.013,0.000,19.0
2026-08-04T10:03:06.913759,690,0.061,0.013,0.000,14.7
2026-08-04T10:03:06.943789,691,0.057,0.015,0.000,34.1
2026-08-04T10:03:06.981127,692,0.048,0.015,0.000,27.4
2026-08-04T10:03:07.078650,693,0.050,0.016,0.000,10.4
2026-08-04T10:03:07.092117,694,0.050,0.016,0.000,78.6
2026-08-04T10:03:07.145615,695,0.048,0.016,0.000,19.3
2026-08-04T10:03:07.211493,696,0.050,0.016,0.000,15.4
2026-08-04T10:03:07.244375,697,0.049,0.016,0.000,31.1
2026-08-04T10:03:07.276604,698,0.049,0.016,0.000,31.8
2026-08-04T10:03:07.346393,699,0.048,0.015,0.000,14.5
2026-08-04T10:03:07.355117,700,0.050,0.016,0.000,123.8
2026-08-04T10:03:07.412997,701,0.053,0.016,0.000,17.5
2026-08-04T10:03:07.509765,702,0.050,0.015,0.000,10.4
2026-08-04T10:03:07.518268,703,0.048,0.015,0.000,128.5
2026-08-04T10:03:07.577607,704,0.047,0.015,0.000,17.0
2026-08-04T10:03:07.648821,705,0.046,0.015,0.000,14.2
2026-08-04T10:03:07.673653,706,0.047,0.015,0.000,41.4
2026-08-04T10:03:07.711585,707,0.048,0.016,0.000,26.9
2026-08-04T10:03:07.806250,708,0.047,0.015,0.000,10.7
2026-08-04T10:03:07.814583,709,0.048,0.022,0.000,131.0
2026-08-04T10:03:07.877481,710,0.050,0.021,0.000,16.1
2026-08-04T10:03:07.939139,711,0.051,0.021,0.000,16.4
2026-08-04T10:03:07.948436,712,0.052,0.019,0.000,116.2
2026-08-04T10:03:08.009173,713,0.056,0.019,0.000,16.7
2026-08-04T10:03:08.078447,714,0.053,0.019,0.000,14.6
2026-08-04T10:03:08.107456,715,0.053,0.017,0.000,35.3
2026-08-04T10:03:08.145893,716,0.053,0.017,0.000,26.5
2026-08-04T10:03:08.238597,717,0.047,0.017,0.000,10.9
2026-08-04T10:03:08.249107,718,0.048,0.017,0.000,101.5
2026-08-04T10:03:08.308611,719,0.050,0.016,0.000,17.0
2026-08-04T10:03:08.382582,720,0.050,0.016,0.000,13.7
2026-08-04T10:03:08.406173,721,0.048,0.018,0.000,44.2
2026-08-04T10:03:08.437399,722,0.049,0.018,0.000,32.7
2026-08-04T10:03:08.510102,723,0.047,0.018,0.000,13.9
2026-08-04T10:03:08.518039,724,0.046,0.018,0.000,137.6
2026-08-04T10:03:08.574936,725,0.045,0.016,0.000,17.8
2026-08-04T10:03:08.674008,726,0.048,0.016,0.000,10.2
2026-08-04T10:03:08.681990,727,0.047,0.016,0.000,140.4
2026-08-04T10:03:08.740503,728,0.050,0.016,0.000,17.3
2026-08-04T10:03:08.808894,729,0.050,0.016,0.000,14.9
2026-08-04T10:03:08.839196,730,0.051,0.016,0.000,33.8
2026-08-04T10:03:08.877182,731,0.050,0.016,0.000,27.2
2026-08-04T10:03:08.972103,732,0.053,0.016,0.000,10.6
2026-08-04T10:03:08.983313,733,0.052,0.015,0.000,95.7
2026-08-04T10:03:09.040108,734,0.054,0.018,0.000,18.0
2026-08-04T10:03:09.106332,735,0.055,0.018,0.000,15.4
2026-08-04T10:03:09.119182,736,0.058,0.016,0.000,82.4
2026-08-04T10:03:09.173109,737,0.067,0.016,0.000,18.9
2026-08-04T10:03:09.241909,738,0.066,0.016,0.000,14.7
2026-08-04T10:03:09.272040,739,0.109,0.015,0.000,34.0
2026-08-04T10:03:09.307400,740,0.166,0.015,0.000,29.4
2026-08-04T10:03:09.409616,741,0.218,0.015,0.000,10.0
2026-08-04T10:03:09.418881,742,0.239,0.014,0.000,116.8
2026-08-04T10:03:09.471365,743,0.256,0.014,0.000,19.8
2026-08-04T10:03:09.538164,744,0.258,0.014,0.000,15.2
2026-08-04T10:03:09.572218,745,0.255,0.014,0.000,30.0
2026-08-04T10:03:09.605855,746,0.257,0.014,0.000,30.6
2026-08-04T10:03:09.673843,747,0.260,0.014,0.000,15.1
2026-08-04T10:03:09.683657,748,0.255,0.014,0.000,124.6
2026-08-04T10:03:09.739460,749,0.256,0.015,0.000,18.6
2026-08-04T10:03:09.840315,750,0.257,0.015,0.000,10.0
2026-08-04T10:03:09.850544,751,0.255,0.014,0.000,106.0
2026-08-04T10:03:09.905499,752,0.254,0.014,0.000,18.4
2026-08-04T10:03:09.975312,753,0.256,0.013,0.000,14.6
2026-08-04T10:03:10.003500,754,0.258,0.013,0.000,36.4
2026-08-04T10:03:10.040564,755,0.256,0.013,0.000,27.6
2026-08-04T10:03:10.153980,756,0.257,0.013,0.000,8.9
2026-08-04T10:03:10.163196,757,0.258,0.013,0.000,119.5
2026-08-04T10:03:10.205967,758,0.258,0.012,0.000,24.8
2026-08-04T10:03:10.269071,759,0.259,0.013,0.000,16.3
2026-08-04T10:03:10.279993,760,0.257,0.013,0.000,97.4
2026-08-04T10:03:10.336620,761,0.256,0.012,0.000,18.2
2026-08-04T10:03:10.405533,762,0.256,0.013,0.000,14.8
2026-08-04T10:03:10.436023,763,0.192,0.015,0.000,33.6
2026-08-04T10:03:10.474238,764,0.097,0.015,0.000,26.9
2026-08-04T10:03:10.567047,765,0.083,0.017,0.000,10.9
2026-08-04T10:03:10.578754,766,0.084,0.017,0.000,91.3
2026-08-04T10:03:10.638594,767,0.077,0.017,0.000,17.0
2026-08-04T10:03:10.704481,768,0.070,0.017,0.000,15.5
2026-08-04T10:03:10.733657,769,0.073,0.016,0.000,35.2
2026-08-04T10:03:10.769505,770,0.076,0.016,0.000,28.4
2026-08-04T10:03:10.837077,771,0.078,0.016,0.000,14.9
2026-08-04T10:03:10.846200,772,0.077,0.016,0.000,118.4
2026-08-04T10:03:10.904397,773,0.078,0.016,0.000,17.9
2026-08-04T10:03:11.000597,774,0.079,0.016,0.000,10.5
2026-08-04T10:03:11.011210,775,0.080,0.015,0.000,101.9
2026-08-04T10:03:11.066839,776,0.076,0.016,0.000,18.2
2026-08-04T10:03:11.138275,777,0.077,0.016,0.000,14.2
2026-08-04T10:03:11.165423,778,0.082,0.016,0.000,38.2
2026-08-04T10:03:11.201676,779,0.082,0.016,0.000,28.1
2026-08-04T10:03:11.303692,780,0.079,0.015,0.000,9.9
2026-08-04T10:03:11.313748,781,0.079,0.014,0.000,108.3
2026-08-04T10:03:11.370026,782,0.085,0.014,0.000,18.1
2026-08-04T10:03:11.433218,783,0.083,0.015,0.000,16.0
2026-08-04T10:03:11.443721,784,0.083,0.015,0.000,101.6
2026-08-04T10:03:11.501625,785,0.094,0.015,0.000,17.5
2026-08-04T10:03:11.567926,786,0.094,0.015,0.000,15.3
2026-08-04T10:03:11.602238,787,0.098,0.015,0.000,29.8
2026-08-04T10:03:11.637427,788,0.090,0.016,0.000,29.4
2026-08-04T10:03:11.731047,789,0.085,0.014,0.000,10.8
2026-08-04T10:03:11.739770,790,0.084,0.014,0.000,125.4
2026-08-04T10:03:11.800630,791,0.084,0.014,0.000,16.7
2026-08-04T10:03:11.873453,792,0.091,0.014,0.000,13.9
2026-08-04T10:03:11.898349,793,0.083,0.014,0.000,43.3
2026-08-04T10:03:11.932583,794,0.079,0.014,0.000,29.9
2026-08-04T10:03:12.001146,795,0.078,0.015,0.000,14.8
2026-08-04T10:03:12.011664,796,0.088,0.014,0.000,102.4
2026-08-04T10:03:12.067868,797,0.088,0.014,0.000,18.0
2026-08-04T10:03:12.167774,798,0.085,0.014,0.000,10.1
2026-08-04T10:03:12.179600,799,0.085,0.014,0.000,99.4
2026-08-04T10:03:12.232545,800,0.084,0.019,0.000,19.1
2026-08-04T10:03:12.300042,801,0.068,0.018,0.000,15.1
2026-08-04T10:03:12.333161,802,0.061,0.018,0.000,31.0
2026-08-04T10:03:12.369532,803,0.063,0.017,0.000,28.2
2026-08-04T10:03:12.470031,804,0.064,0.015,0.000,10.1
2026-08-04T10:03:12.480556,805,0.080,0.015,0.000,102.2
2026-08-04T10:03:12.532876,806,0.079,0.013,0.000,19.4
2026-08-04T10:03:12.599433,807,0.080,0.013,0.000,15.2
2026-08-04T10:03:12.608793,808,0.087,0.014,0.000,115.6
2026-08-04T10:03:12.665132,809,0.086,0.014,0.000,18.1
2026-08-04T10:03:12.735700,810,0.083,0.014,0.000,14.3
2026-08-04T10:03:12.761107,811,0.087,0.013,0.000,40.6
2026-08-04T10:03:12.800224,812,0.090,0.014,0.000,26.0
2026-08-04T10:03:12.903584,813,0.075,0.014,0.000,9.7
2026-08-04T10:03:12.916291,814,0.068,0.014,0.000,83.9
2026-08-04T10:03:12.965816,815,0.065,0.014,0.000,20.5
2026-08-04T10:03:13.029479,816,0.073,0.014,0.000,15.9
2026-08-04T10:03:13.063639,817,0.129,0.014,0.000,30.0
2026-08-04T10:03:13.097187,818,0.163,0.014,0.000,31.0
2026-08-04T10:03:13.167322,819,0.203,0.015,0.000,14.5
2026-08-04T10:03:13.177150,820,0.225,0.015,0.000,109.1
2026-08-04T10:03:13.231824,821,0.246,0.013,0.000,18.5
2026-08-04T10:03:13.324442,822,0.251,0.015,0.000,10.9
2026-08-04T10:03:13.332992,823,0.256,0.014,0.000,128.4
2026-08-04T10:03:13.396835,824,0.259,0.013,0.000,15.8
2026-08-04T10:03:13.464659,825,0.260,0.013,0.000,15.0
2026-08-04T10:03:13.495315,826,0.267,0.014,0.000,33.5
2026-08-04T10:03:13.533536,827,0.264,0.014,0.000,26.7
2026-08-04T10:03:13.638485,828,0.265,0.014,0.000,9.6
2026-08-04T10:03:13.650011,829,0.264,0.013,0.000,92.8
2026-08-04T10:03:13.696116,830,0.261,0.013,0.000,22.2
2026-08-04T10:03:13.765068,831,0.260,0.013,0.000,14.7
2026-08-04T10:03:13.775069,832,0.261,0.013,0.000,108.3
2026-08-04T10:03:13.827783,833,0.261,0.013,0.000,19.2
2026-08-04T10:03:13.902336,834,0.261,0.013,0.000,13.6
2026-08-04T10:03:13.925812,835,0.260,0.013,0.000,44.1
2026-08-04T10:03:13.964791,836,0.259,0.013,0.000,26.2
2026-08-04T10:03:14.059197,837,0.258,0.012,0.000,10.7
2026-08-04T10:03:14.067299,838,0.255,0.012,0.000,135.7
2026-08-04T10:03:14.129491,839,0.253,0.012,0.000,16.3
2026-08-04T10:03:14.198123,840,0.251,0.013,0.000,14.8
2026-08-04T10:03:14.229884,841,0.263,0.014,0.000,32.3
2026-08-04T10:03:14.259681,842,0.265,0.013,0.000,35.0
2026-08-04T10:03:14.328675,843,0.270,0.014,0.000,14.7
2026-08-04T10:03:14.339461,844,0.268,0.013,0.000,99.7
2026-08-04T10:03:14.398510,845,0.268,0.013,0.000,17.2
2026-08-04T10:03:14.492903,846,0.269,0.014,0.000,10.7
2026-08-04T10:03:14.503800,847,0.270,0.014,0.000,98.5
2026-08-04T10:03:14.560418,848,0.272,0.015,0.000,17.9
2026-08-04T10:03:14.632693,849,0.260,0.015,0.000,14.1
2026-08-04T10:03:14.657951,850,0.242,0.016,0.000,41.2
2026-08-04T10:03:14.697691,851,0.231,0.015,0.000,25.8
2026-08-04T10:03:14.789711,852,0.230,0.015,0.000,11.0
2026-08-04T10:03:14.801268,853,0.228,0.015,0.000,92.8
2026-08-04T10:03:14.856674,854,0.228,0.015,0.000,18.3
2026-08-04T10:03:14.926412,855,0.214,0.015,0.000,14.5
2026-08-04T10:03:14.934843,856,0.204,0.015,0.000,129.1
2026-08-04T10:03:14.992185,857,0.205,0.014,0.000,17.7
2026-08-04T10:03:15.063242,858,0.201,0.014,0.000,14.2
2026-08-04T10:03:15.091761,859,0.200,0.014,0.000,36.1
2026-08-04T10:03:15.129911,860,0.198,0.014,0.000,26.8
2026-08-04T10:03:15.221887,861,0.200,0.014,0.000,11.0
2026-08-04T10:03:15.230891,862,0.200,0.014,0.000,122.2
2026-08-04T10:03:15.292379,863,0.199,0.014,0.000,16.4
2026-08-04T10:03:15.360748,864,0.196,0.014,0.000,14.8
2026-08-04T10:03:15.395029,865,0.198,0.015,0.000,30.8
2026-08-04T10:03:15.424781,866,0.196,0.015,0.000,34.6
2026-08-04T10:03:15.492856,867,0.199,0.014,0.000,14.9
2026-08-04T10:03:15.503843,868,0.193,0.015,0.000,98.2
2026-08-04T10:03:15.560700,869,0.184,0.015,0.000,17.9
2026-08-04T10:03:15.658926,870,0.184,0.015,0.000,10.3
2026-08-04T10:03:15.669351,871,0.185,0.015,0.000,103.4
2026-08-04T10:03:15.723625,872,0.192,0.015,0.000,18.8
2026-08-04T10:03:15.799213,873,0.194,0.015,0.000,13.4
2026-08-04T10:03:15.820714,874,0.198,0.018,0.000,48.2
2026-08-04T10:03:15.859777,875,0.209,0.018,0.000,26.2
2026-08-04T10:03:15.957141,876,0.222,0.017,0.000,10.3
2026-08-04T10:03:15.965623,877,0.223,0.017,0.000,131.5
2026-08-04T10:03:16.023831,878,0.229,0.017,0.000,17.4
2026-08-04T10:03:16.088576,879,0.236,0.016,0.000,15.7
2026-08-04T10:03:16.097988,880,0.235,0.016,0.000,115.4
2026-08-04T10:03:16.156018,881,0.239,0.016,0.000,17.5
2026-08-04T10:03:16.223311,882,0.243,0.016,0.000,15.1
2026-08-04T10:03:16.257224,883,0.241,0.015,0.000,30.3
2026-08-04T10:03:16.293506,884,0.241,0.015,0.000,29.0
2026-08-04T10:03:16.395394,885,0.244,0.015,0.000,9.9
2026-08-04T10:03:16.405685,886,0.246,0.015,0.000,112.1
2026-08-04T10:03:16.458178,887,0.248,0.014,0.000,19.4
2026-08-04T10:03:16.518658,888,0.251,0.015,0.000,16.7
2026-08-04T10:03:16.555547,889,0.253,0.016,0.000,27.7
2026-08-04T10:03:16.588445,890,0.253,0.015,0.000,31.2
2026-08-04T10:03:16.658617,891,0.254,0.015,0.000,14.5
2026-08-04T10:03:16.670239,892,0.254,0.015,0.000,101.2
2026-08-04T10:03:16.724691,893,0.252,0.015,0.000,18.8
2026-08-04T10:03:16.818538,894,0.251,0.015,0.000,10.8
2026-08-04T10:03:16.829770,895,0.250,0.015,0.000,95.6
2026-08-04T10:03:16.891615,896,0.249,0.015,0.000,16.5
2026-08-04T10:03:16.956457,897,0.248,0.014,0.000,15.7
2026-08-04T10:03:16.988733,898,0.249,0.014,0.000,31.7
2026-08-04T10:03:17.024635,899,0.247,0.015,0.000,28.9
2026-08-04T10:03:17.127154,900,0.251,0.013,0.000,9.8
2026-08-04T10:03:17.137808,901,0.250,0.013,0.000,107.9
2026-08-04T10:03:17.187918,902,0.252,0.014,0.000,20.3
2026-08-04T10:03:17.253717,903,0.253,0.014,0.000,15.5
2026-08-04T10:03:17.265530,904,0.246,0.014,0.000,99.1
2026-08-04T10:03:17.319906,905,0.271,0.013,0.000,18.7
2026-08-04T10:03:17.395436,906,0.276,0.012,0.000,13.4
2026-08-04T10:03:17.419865,907,0.276,0.012,0.000,42.2
2026-08-04T10:03:17.458281,908,0.279,0.012,0.000,26.9
2026-08-04T10:03:17.550810,909,0.289,0.010,0.000,10.9
2026-08-04T10:03:17.561179,910,0.297,0.008,0.000,103.9
2026-08-04T10:03:17.621299,911,0.298,0.006,0.000,16.8
2026-08-04T10:03:17.688730,912,0.299,0.005,0.000,15.0
2026-08-04T10:03:17.719923,913,0.303,0.005,0.000,34.0
2026-08-04T10:03:17.753609,914,0.307,0.004,0.000,30.5
2026-08-04T10:03:17.822677,915,0.311,0.003,0.000,14.6
2026-08-04T10:03:17.830759,916,0.304,0.003,0.000,135.8
2026-08-04T10:03:17.890151,917,0.298,0.003,0.000,17.1
2026-08-04T10:03:17.983714,918,0.295,0.001,0.000,10.9
2026-08-04T10:03:17.994655,919,0.292,0.000,0.000,100.4
2026-08-04T10:03:18.052544,920,0.296,0.001,0.000,17.5
2026-08-04T10:03:18.125159,921,0.295,0.001,0.000,14.0
2026-08-04T10:03:18.151236,922,0.146,0.004,0.000,40.3
2026-08-04T10:03:18.189856,923,0.094,0.004,0.000,26.5
2026-08-04T10:03:18.281937,924,0.097,0.004,0.000,11.0
2026-08-04T10:03:18.290632,925,0.123,0.005,0.000,125.6
2026-08-04T10:03:18.352218,926,0.160,0.004,0.000,16.4
2026-08-04T10:03:18.423067,927,0.193,0.003,0.000,14.4
2026-08-04T10:03:18.434218,928,0.243,0.003,0.000,95.7
2026-08-04T10:03:18.485031,929,0.258,0.003,0.000,20.0
2026-08-04T10:03:18.553138,930,0.258,0.003,0.000,14.9
2026-08-04T10:03:18.585400,931,0.276,0.002,0.000,31.7
2026-08-04T10:03:18.623630,932,0.282,0.002,0.000,26.6
2026-08-04T10:03:18.717488,933,0.293,0.001,0.000,10.7
2026-08-04T10:03:18.728898,934,0.298,0.001,0.000,97.0
2026-08-04T10:03:18.784469,935,0.291,0.001,0.000,18.4
2026-08-04T10:03:18.854913,936,0.165,0.001,0.000,14.4
2026-08-04T10:03:18.883224,937,0.085,0.001,0.000,36.5
2026-08-04T10:03:18.917263,938,0.082,0.002,0.000,30.0
2026-08-04T10:03:18.986598,939,0.076,0.002,0.000,14.6
2026-08-04T10:03:18.994910,940,0.090,0.002,0.000,130.9
2026-08-04T10:03:19.053022,941,0.226,0.002,0.000,17.5
2026-08-04T10:03:19.152320,942,0.286,0.003,0.000,10.2
2026-08-04T10:03:19.162210,943,0.299,0.003,0.000,109.4
2026-08-04T10:03:19.216469,944,0.314,0.003,0.000,19.1
2026-08-04T10:03:19.284077,945,0.320,0.003,0.000,15.0
2026-08-04T10:03:19.315289,946,0.323,0.002,0.000,32.8
2026-08-04T10:03:19.353958,947,0.317,0.001,0.000,26.4
2026-08-04T10:03:19.448933,948,0.320,0.001,0.000,10.6
2026-08-04T10:03:19.457637,949,0.329,0.002,0.000,128.2
2026-08-04T10:03:19.516111,950,0.337,0.002,0.000,17.8
2026-08-04T10:03:19.581220,951,0.331,0.002,0.000,15.6
2026-08-04T10:03:19.589721,952,0.307,0.002,0.000,129.1
2026-08-04T10:03:19.651451,953,0.170,0.002,0.000,16.9
2026-08-04T10:03:19.718942,954,0.179,0.002,0.000,15.0
2026-08-04T10:03:19.747207,955,0.300,0.002,0.000,36.5
2026-08-04T10:03:19.787342,956,0.319,0.001,0.000,25.7
2026-08-04T10:03:19.880102,957,0.333,0.001,0.000,11.0
2026-08-04T10:03:19.892330,958,0.325,0.002,0.000,87.1
2026-08-04T10:03:19.948281,959,0.107,0.002,0.000,18.2
2026-08-04T10:03:20.014902,960,0.084,0.004,0.000,15.3
2026-08-04T10:03:20.049597,961,0.236,0.003,0.000,29.6
2026-08-04T10:03:20.079673,962,0.293,0.003,0.000,34.5
2026-08-04T10:03:20.156498,963,0.314,0.003,0.000,13.2
2026-08-04T10:03:20.167270,964,0.320,0.001,0.000,100.1
2026-08-04T10:03:20.216997,965,0.328,0.001,0.000,20.4
2026-08-04T10:03:20.310646,966,0.328,0.003,0.000,10.8
2026-08-04T10:03:20.321333,967,0.323,0.003,0.000,100.7
2026-08-04T10:03:20.382116,968,0.332,0.002,0.000,16.7
2026-08-04T10:03:20.451636,969,0.328,0.002,0.000,14.7
2026-08-04T10:03:20.479314,970,0.316,0.001,0.000,37.2
2026-08-04T10:03:20.514062,971,0.309,0.001,0.000,29.7
2026-08-04T10:03:20.610186,972,0.073,0.004,0.000,10.5
2026-08-04T10:03:20.623178,973,0.058,0.003,0.000,82.0
2026-08-04T10:03:20.682867,974,0.052,0.005,0.000,16.9
2026-08-04T10:03:20.741370,975,0.046,0.005,0.000,17.3
2026-08-04T10:03:20.752947,976,0.047,0.006,0.000,91.9
2026-08-04T10:03:20.812760,977,0.047,0.004,0.000,17.1
2026-08-04T10:03:20.883540,978,0.054,0.004,0.000,14.3
2026-08-04T10:03:20.913308,979,0.211,0.005,0.000,34.5
2026-08-04T10:03:20.950340,980,0.272,0.003,0.000,27.6
2026-08-04T10:03:21.043222,981,0.307,0.002,0.000,10.9
2026-08-04T10:03:21.052237,982,0.309,0.003,0.000,121.0
2026-08-04T10:03:21.112006,983,0.119,0.003,0.000,17.4
2026-08-04T10:03:21.181323,984,0.091,0.003,0.000,14.6
2026-08-04T10:03:21.212418,985,0.099,0.001,0.000,33.1
2026-08-04T10:03:21.245740,986,0.108,0.002,0.000,31.1
2026-08-04T10:03:21.315161,987,0.117,0.001,0.000,14.6
2026-08-04T10:03:21.326194,988,0.101,0.001,0.000,97.5
2026-08-04T10:03:21.382131,989,0.070,0.002,0.000,18.1
2026-08-04T10:03:21.475776,990,0.046,0.003,0.000,10.8
2026-08-04T10:03:21.487366,991,0.074,0.004,0.000,92.7
2026-08-04T10:03:21.544142,992,0.165,0.002,0.000,18.0
2026-08-04T10:03:21.610809,993,0.216,0.003,0.000,15.3
2026-08-04T10:03:21.646187,994,0.290,0.002,0.000,28.9
2026-08-04T10:03:21.680570,995,0.322,0.004,0.000,30.4
2026-08-04T10:03:21.773715,996,0.340,0.006,0.000,10.8
2026-08-04T10:03:21.785025,997,0.352,0.004,0.000,96.6
2026-08-04T10:03:21.845226,998,0.352,0.006,0.000,16.9
2026-08-04T10:03:21.912424,999,0.358,0.007,0.000,15.1
2026-08-04T10:03:21.923274,1000,0.358,0.008,0.000,98.9
2026-08-04T10:03:21.977585,1001,0.359,0.007,0.000,18.7
2026-08-04T10:03:22.045799,1002,0.357,0.008,0.000,14.9
2026-08-04T10:03:22.074433,1003,0.353,0.007,0.000,36.1
2026-08-04T10:03:22.113984,1004,0.351,0.007,0.000,25.8
2026-08-04T10:03:22.207907,1005,0.345,0.005,0.000,10.7
2026-08-04T10:03:22.218990,1006,0.341,0.005,0.000,97.4
2026-08-04T10:03:22.276008,1007,0.349,0.004,0.000,18.1
2026-08-04T10:03:22.346372,1008,0.346,0.004,0.000,14.4
2026-08-04T10:03:22.375992,1009,0.340,0.005,0.000,34.7
2026-08-04T10:03:22.411244,1010,0.335,0.004,0.000,29.2
2026-08-04T10:03:22.478167,1011,0.337,0.003,0.000,15.1
2026-08-04T10:03:22.486820,1012,0.338,0.001,0.000,126.6
2026-08-04T10:03:22.544577,1013,0.331,0.002,0.000,17.5
2026-08-04T10:03:22.648935,1014,0.330,0.001,0.000,9.7
2026-08-04T10:03:22.659274,1015,0.327,0.013,0.000,110.8
2026-08-04T10:03:22.708833,1016,0.328,0.135,0.000,20.5
2026-08-04T10:03:22.777805,1017,0.328,0.186,0.000,14.7
2026-08-04T10:03:22.808352,1018,0.332,0.235,0.000,33.5
2026-08-04T10:03:22.846446,1019,0.326,0.239,0.000,28.0
2026-08-04T10:03:22.939465,1020,0.215,0.219,0.000,10.9
2026-08-04T10:03:22.948134,1021,0.104,0.202,0.000,125.9
2026-08-04T10:03:23.009903,1022,0.125,0.183,0.000,16.4
2026-08-04T10:03:23.074112,1023,0.160,0.174,0.000,15.8
2026-08-04T10:03:23.083225,1024,0.178,0.163,0.000,120.3
2026-08-04T10:03:23.142425,1025,0.209,0.148,0.000,17.1
2026-08-04T10:03:23.211814,1026,0.221,0.142,0.000,14.7
2026-08-04T10:03:23.240334,1027,0.230,0.109,0.000,36.1
2026-08-04T10:03:23.277597,1028,0.237,0.107,0.000,27.5
2026-08-04T10:03:23.377868,1029,0.250,0.039,0.000,10.1
2026-08-04T10:03:23.389317,1030,0.261,0.024,0.000,94.3
2026-08-04T10:03:23.440816,1031,0.279,0.003,0.000,19.7
2026-08-04T10:03:23.505539,1032,0.292,0.006,0.000,15.7
2026-08-04T10:03:23.541566,1033,0.310,0.009,0.000,28.3
2026-08-04T10:03:23.573020,1034,0.312,0.005,0.000,32.6
2026-08-04T10:03:23.642445,1035,0.316,0.005,0.000,14.6
2026-08-04T10:03:23.651696,1036,0.320,0.011,0.000,116.6
2026-08-04T10:03:23.710468,1037,0.321,0.003,0.000,17.3
2026-08-04T10:03:23.804756,1038,0.318,0.002,0.000,10.7
2026-08-04T10:03:23.813965,1039,0.317,0.011,0.000,119.0
2026-08-04T10:03:23.874477,1040,0.317,0.011,0.000,16.7
2026-08-04T10:03:23.948139,1041,0.318,0.011,0.000,13.9
2026-08-04T10:03:23.968292,1042,0.319,0.012,0.000,51.6
2026-08-04T10:03:24.008699,1043,0.318,0.016,0.000,25.3
2026-08-04T10:03:24.103376,1044,0.322,0.008,0.000,10.7
2026-08-04T10:03:24.114319,1045,0.326,0.010,0.000,97.7
2026-08-04T10:03:24.172800,1046,0.317,0.048,0.000,17.3
2026-08-04T10:03:24.238072,1047,0.308,0.041,0.000,15.6
2026-08-04T10:03:24.248710,1048,0.299,0.038,0.000,101.0
2026-08-04T10:03:24.303616,1049,0.293,0.054,0.000,18.5
2026-08-04T10:03:24.371114,1050,0.292,0.069,0.621,15.0
2026-08-04T10:03:24.405015,1051,0.283,0.073,0.621,30.5
2026-08-04T10:03:24.441755,1052,0.278,0.063,0.621,28.1
2026-08-04T10:03:24.541033,1053,0.285,0.042,0.000,10.2
2026-08-04T10:03:24.550972,1054,0.286,0.025,0.000,110.9
2026-08-04T10:03:24.604656,1055,0.301,0.018,0.000,18.8
2026-08-04T10:03:24.677462,1056,0.308,0.020,0.000,13.9
2026-08-04T10:03:24.703141,1057,0.319,0.008,0.000,40.1
2026-08-04T10:03:24.735569,1058,0.322,0.013,0.000,31.5
2026-08-04T10:03:24.802894,1059,0.321,0.019,0.000,15.1
2026-08-04T10:03:24.813465,1060,0.322,0.018,0.000,101.4
2026-08-04T10:03:24.873372,1061,0.319,0.019,0.000,16.9
2026-08-04T10:03:24.968201,1062,0.327,0.017,0.000,10.8
2026-08-04T10:03:24.976348,1063,0.331,0.022,0.000,135.8
2026-08-04T10:03:25.036839,1064,0.326,0.017,0.000,16.8
2026-08-04T10:03:25.104436,1065,0.329,0.027,0.000,15.0
2026-08-04T10:03:25.136044,1066,0.323,0.014,0.000,32.5
2026-08-04T10:03:25.173958,1067,0.326,0.016,0.000,27.0
2026-08-04T10:03:25.266301,1068,0.316,0.011,0.000,10.9
2026-08-04T10:03:25.276994,1069,0.314,0.010,0.000,101.5
2026-08-04T10:03:25.336590,1070,0.321,0.013,0.000,17.0
2026-08-04T10:03:25.405103,1071,0.320,0.011,0.000,14.8
2026-08-04T10:03:25.413839,1072,0.322,0.039,0.000,124.2
2026-08-04T10:03:25.467269,1073,0.322,0.040,0.000,19.3
2026-08-04T10:03:25.534276,1074,0.316,0.032,0.000,15.1
2026-08-04T10:03:25.568625,1075,0.320,0.043,0.000,29.9
2026-08-04T10:03:25.601191,1076,0.319,0.054,0.000,31.9
2026-08-04T10:03:25.698443,1077,0.319,0.024,0.000,10.4
2026-08-04T10:03:25.711604,1078,0.320,0.030,0.000,80.3
2026-08-04T10:03:25.768499,1079,0.317,0.015,0.000,18.0
2026-08-04T10:03:25.837766,1080,0.313,0.015,0.000,14.6
2026-08-04T10:03:25.867325,1081,0.315,0.009,0.000,34.8
2026-08-04T10:03:25.903047,1082,0.315,0.011,0.000,28.5
2026-08-04T10:03:25.968844,1083,0.317,0.040,0.000,15.5
2026-08-04T10:03:25.978521,1084,0.314,0.040,0.000,111.4
2026-08-04T10:03:26.034035,1085,0.314,0.035,0.000,18.8
2026-08-04T10:03:26.142578,1086,0.312,0.031,0.000,9.3
2026-08-04T10:03:26.153820,1087,0.313,0.027,0.000,99.4
2026-08-04T10:03:26.200044,1088,0.310,0.031,0.000,22.0
2026-08-04T10:03:26.267563,1089,0.309,0.026,0.000,15.0
2026-08-04T10:03:26.300930,1090,0.310,0.026,0.000,30.7
2026-08-04T10:03:26.338279,1091,0.309,0.031,0.000,27.5
2026-08-04T10:03:26.435916,1092,0.309,0.040,0.000,10.3
2026-08-04T10:03:26.448057,1093,0.308,0.046,0.000,87.9
2026-08-04T10:03:26.500191,1094,0.309,0.034,0.000,19.4
2026-08-04T10:03:26.565840,1095,0.301,0.032,0.000,15.4
2026-08-04T10:03:26.578459,1096,0.252,0.028,0.000,85.1
2026-08-04T10:03:26.634093,1097,0.134,0.027,0.000,18.4
2026-08-04T10:03:26.702689,1098,0.150,0.026,0.000,14.9
2026-08-04T10:03:26.731517,1099,0.071,0.028,0.000,35.7
2026-08-04T10:03:26.767941,1100,0.060,0.035,0.000,28.2
2026-08-04T10:03:26.866981,1101,0.043,0.080,0.000,10.2
2026-08-04T10:03:26.878723,1102,0.051,0.142,0.000,91.3
2026-08-04T10:03:26.933315,1103,0.099,0.213,0.000,18.6
2026-08-04T10:03:27.000701,1104,0.160,0.202,0.000,15.0
2026-08-04T10:03:27.033403,1105,0.233,0.201,0.000,32.4
2026-08-04T10:03:27.065360,1106,0.256,0.192,0.000,32.1
2026-08-04T10:03:27.137935,1107,0.272,0.188,0.000,14.0
2026-08-04T10:03:27.148733,1108,0.244,0.181,0.000,105.0
2026-08-04T10:03:27.199633,1109,0.140,0.172,0.000,20.0
2026-08-04T10:03:27.296253,1110,0.136,0.178,0.000,10.5
2026-08-04T10:03:27.305134,1111,0.133,0.172,0.000,123.6
2026-08-04T10:03:27.365024,1112,0.164,0.170,0.000,16.9
2026-08-04T10:03:27.433814,1113,0.194,0.161,0.000,14.8
2026-08-04T10:03:27.463924,1114,0.218,0.157,0.000,34.1
2026-08-04T10:03:27.501962,1115,0.224,0.146,0.000,27.1
2026-08-04T10:03:27.596612,1116,0.218,0.164,0.000,10.7
2026-08-04T10:03:27.606892,1117,0.214,0.172,0.000,104.9
2026-08-04T10:03:27.665611,1118,0.225,0.164,0.000,17.2
2026-08-04T10:03:27.731680,1119,0.222,0.166,0.000,15.4
2026-08-04T10:03:27.742098,1120,0.230,0.169,0.000,103.1
2026-08-04T10:03:27.796969,1121,0.237,0.150,0.000,18.5
2026-08-04T10:03:27.864939,1122,0.245,0.136,0.000,14.9
2026-08-04T10:03:27.897314,1123,0.235,0.131,0.000,31.7
2026-08-04T10:03:27.934648,1124,0.237,0.100,0.000,27.6
2026-08-04T10:03:28.028018,1125,0.236,0.054,0.000,10.8
2026-08-04T10:03:28.039373,1126,0.253,0.048,0.000,94.4
2026-08-04T10:03:28.097143,1127,0.247,0.030,0.000,17.5
2026-08-04T10:03:28.169273,1128,0.245,0.029,0.000,14.1
2026-08-04T10:03:28.193295,1129,0.243,0.028,0.000,43.2
2026-08-04T10:03:28.227367,1130,0.239,0.035,0.000,30.4
2026-08-04T10:03:28.299363,1131,0.240,0.029,0.000,14.1
2026-08-04T10:03:28.308702,1132,0.232,0.031,0.000,117.6
2026-08-04T10:03:28.364439,1133,0.235,0.042,0.000,18.6
2026-08-04T10:03:28.460060,1134,0.228,0.044,0.000,10.6
2026-08-04T10:03:28.468230,1135,0.234,0.038,0.000,134.4
2026-08-04T10:03:28.529068,1136,0.224,0.047,0.000,16.6
2026-08-04T10:03:28.594609,1137,0.230,0.040,0.000,15.5
2026-08-04T10:03:28.627984,1138,0.228,0.042,0.000,30.7
2026-08-04T10:03:28.666125,1139,0.231,0.041,0.000,26.7
2026-08-04T10:03:28.763366,1140,0.229,0.037,0.000,10.4
2026-08-04T10:03:28.777196,1141,0.236,0.042,0.000,76.5
2026-08-04T10:03:28.829266,1142,0.235,0.032,0.000,19.6
2026-08-04T10:03:28.898777,1143,0.238,0.027,0.000,14.6
2026-08-04T10:03:28.910352,1144,0.241,0.034,0.000,95.4
2026-08-04T10:03:28.961414,1145,0.237,0.028,0.000,19.9
2026-08-04T10:03:29.027716,1146,0.245,0.031,0.000,15.3
2026-08-04T10:03:29.060310,1147,0.245,0.114,0.000,31.5
2026-08-04T10:03:29.095162,1148,0.245,0.150,0.000,29.4
2026-08-04T10:03:29.194064,1149,0.257,0.182,0.000,10.2
2026-08-04T10:03:29.203438,1150,0.256,0.177,0.000,116.7
2026-08-04T10:03:29.260860,1151,0.245,0.167,0.000,17.7
2026-08-04T10:03:29.327685,1152,0.222,0.157,0.000,15.2
2026-08-04T10:03:29.360565,1153,0.244,0.147,0.000,31.1
2026-08-04T10:03:29.392908,1154,0.275,0.139,0.000,32.5
2026-08-04T10:03:29.460726,1155,0.294,0.129,0.000,14.9
2026-08-04T10:03:29.469362,1156,0.303,0.126,0.000,127.3
2026-08-04T10:03:29.529729,1157,0.313,0.115,0.000,16.8
2026-08-04T10:03:29.622038,1158,0.315,0.102,0.000,10.9
2026-08-04T10:03:29.635622,1159,0.310,0.108,0.000,78.7
2026-08-04T10:03:29.692621,1160,0.305,0.109,0.000,17.8
2026-08-04T10:03:29.758959,1161,0.302,0.103,0.000,15.3
2026-08-04T10:03:29.792831,1162,0.307,0.106,0.000,30.2
2026-08-04T10:03:29.827458,1163,0.302,0.108,0.000,30.1
2026-08-04T10:03:29.929967,1164,0.304,0.118,0.000,9.9
2026-08-04T10:03:29.938280,1165,0.305,0.120,0.000,134.6
2026-08-04T10:03:29.991289,1166,0.295,0.128,0.000,19.1
2026-08-04T10:03:30.062442,1167,0.292,0.129,0.000,14.2
2026-08-04T10:03:30.071941,1168,0.294,0.137,0.000,114.5
2026-08-04T10:03:30.124012,1169,0.289,0.148,0.000,19.8
2026-08-04T10:03:30.192791,1170,0.292,0.145,0.000,14.8
2026-08-04T10:03:30.225308,1171,0.294,0.144,0.000,31.5
2026-08-04T10:03:30.261280,1172,0.288,0.141,0.000,28.3
2026-08-04T10:03:30.358841,1173,0.280,0.141,0.000,10.4
2026-08-04T10:03:30.368942,1174,0.278,0.149,0.000,106.6
2026-08-04T10:03:30.424841,1175,0.272,0.149,0.000,18.7
2026-08-04T10:03:30.494603,1176,0.272,0.157,0.000,14.5
2026-08-04T10:03:30.524686,1177,0.278,0.152,0.000,35.3
2026-08-04T10:03:30.557249,1178,0.280,0.145,0.000,31.6
2026-08-04T10:03:30.631630,1179,0.290,0.153,0.000,13.6
2026-08-04T10:03:30.643742,1180,0.296,0.152,0.000,92.9
2026-08-04T10:03:30.693539,1181,0.285,0.141,0.000,20.5
2026-08-04T10:03:30.786200,1182,0.128,0.151,0.000,10.9
2026-08-04T10:03:30.795777,1183,0.103,0.146,0.000,114.1
2026-08-04T10:03:30.855798,1184,0.098,0.157,0.000,16.8
2026-08-04T10:03:30.923887,1185,0.143,0.152,0.519,14.9
2026-08-04T10:03:30.956365,1186,0.179,0.155,0.519,31.7
2026-08-04T10:03:30.993714,1187,0.165,0.156,0.519,28.1
2026-08-04T10:03:31.089148,1188,0.168,0.165,0.000,10.6
2026-08-04T10:03:31.100878,1189,0.174,0.160,0.000,91.2
2026-08-04T10:03:31.154721,1190,0.198,0.149,0.000,18.9
2026-08-04T10:03:31.225920,1191,0.200,0.155,0.000,14.3
2026-08-04T10:03:31.234722,1192,0.197,0.161,0.000,123.7
2026-08-04T10:03:31.288452,1193,0.195,0.160,0.000,18.9
2026-08-04T10:03:31.355096,1194,0.197,0.161,0.000,15.2
2026-08-04T10:03:31.388126,1195,0.198,0.159,0.000,31.0
2026-08-04T10:03:31.423920,1196,0.200,0.161,0.000,28.6
2026-08-04T10:03:31.518186,1197,0.210,0.164,0.000,10.7
2026-08-04T10:03:31.528718,1198,0.212,0.168,0.000,101.4
2026-08-04T10:03:31.588232,1199,0.222,0.166,0.000,17.0
2026-08-04T10:03:31.663838,1200,0.225,0.170,0.000,13.4
2026-08-04T10:03:31.685830,1201,0.235,0.177,0.000,47.3
2026-08-04T10:03:31.719725,1202,0.233,0.177,0.000,30.3
2026-08-04T10:03:31.787542,1203,0.230,0.176,0.000,14.9
2026-08-04T10:03:31.796716,1204,0.228,0.169,0.000,117.8
2026-08-04T10:03:31.855337,1205,0.220,0.167,0.000,17.3
2026-08-04T10:03:31.952074,1206,0.231,0.159,0.000,10.4
2026-08-04T10:03:31.960511,1207,0.234,0.146,0.000,129.5
2026-08-04T10:03:32.019666,1208,0.230,0.127,0.000,17.6
2026-08-04T10:03:32.088986,1209,0.233,0.114,0.000,14.7
2026-08-04T10:03:32.120968,1210,0.230,0.106,0.000,32.1
2026-08-04T10:03:32.158757,1211,0.233,0.084,0.000,27.0
2026-08-04T10:03:32.251702,1212,0.229,0.059,0.000,10.9
2026-08-04T10:03:32.263117,1213,0.233,0.061,0.000,93.4
2026-08-04T10:03:32.319135,1214,0.239,0.038,0.000,18.1
2026-08-04T10:03:32.388844,1215,0.242,0.040,0.000,14.5
2026-08-04T10:03:32.401395,1216,0.237,0.028,0.000,91.1
2026-08-04T10:03:32.453112,1217,0.241,0.015,0.000,19.7
2026-08-04T10:03:32.517467,1218,0.233,0.009,0.000,15.8
2026-08-04T10:03:32.553701,1219,0.247,0.007,0.000,28.1
2026-08-04T10:03:32.585052,1220,0.222,0.009,0.000,32.6
2026-08-04T10:03:32.686792,1221,0.237,0.008,0.000,9.9
2026-08-04T10:03:32.697400,1222,0.241,0.009,0.000,101.7
2026-08-04T10:03:32.751232,1223,0.231,0.009,0.000,18.8
2026-08-04T10:03:32.817700,1224,0.225,0.011,0.000,15.2
2026-08-04T10:03:32.854677,1225,0.234,0.010,0.000,27.6
2026-08-04T10:03:32.885670,1226,0.231,0.011,0.000,33.1
2026-08-04T10:03:32.954789,1227,0.229,0.012,0.000,14.6
2026-08-04T10:03:32.966322,1228,0.237,0.011,0.000,92.3
2026-08-04T10:03:33.020028,1229,0.235,0.011,0.000,19.1
2026-08-04T10:03:33.114286,1230,0.235,0.012,0.000,10.7
2026-08-04T10:03:33.122252,1231,0.232,0.012,0.000,139.2
2026-08-04T10:03:33.184243,1232,0.234,0.012,0.000,16.8
2026-08-04T10:03:33.251304,1233,0.236,0.013,0.000,15.2
2026-08-04T10:03:33.286134,1234,0.239,0.015,0.000,29.4
2026-08-04T10:03:33.320253,1235,0.237,0.019,0.000,30.5
2026-08-04T10:03:33.418868,1236,0.237,0.027,0.000,10.2
2026-08-04T10:03:33.428830,1237,0.231,0.037,0.000,108.4
2026-08-04T10:03:33.484552,1238,0.218,0.111,0.000,18.7
2026-08-04T10:03:33.548862,1239,0.213,0.142,0.000,15.7
2026-08-04T10:03:33.559111,1240,0.216,0.168,0.000,106.7
2026-08-04T10:03:33.615238,1241,0.221,0.134,0.000,18.0
2026-08-04T10:03:33.689920,1242,0.221,0.126,0.000,13.6
2026-08-04T10:03:33.713510,1243,0.234,0.140,0.000,43.8
2026-08-04T10:03:33.750827,1244,0.253,0.131,0.000,27.3
2026-08-04T10:03:33.845791,1245,0.246,0.119,0.000,10.6
2026-08-04T10:03:33.856806,1246,0.246,0.101,0.000,96.8
2026-08-04T10:03:33.917531,1247,0.239,0.053,0.000,16.7
2026-08-04T10:03:33.986372,1248,0.211,0.044,0.000,14.7
2026-08-04T10:03:34.015240,1249,0.082,0.026,0.000,35.6
2026-08-04T10:03:34.048384,1250,0.065,0.018,0.000,31.5
2026-08-04T10:03:34.118157,1251,0.063,0.011,0.000,14.6
2026-08-04T10:03:34.130522,1252,0.042,0.010,0.000,86.5
2026-08-04T10:03:34.183146,1253,0.038,0.010,0.000,19.3
2026-08-04T10:03:34.278751,1254,0.052,0.008,0.000,10.6
2026-08-04T10:03:34.288489,1255,0.057,0.018,0.000,111.1
2026-08-04T10:03:34.348069,1256,0.071,0.012,0.000,17.3
2026-08-04T10:03:34.420505,1257,0.079,0.010,0.000,14.0
2026-08-04T10:03:34.447609,1258,0.089,0.011,0.000,38.0
2026-08-04T10:03:34.484804,1259,0.091,0.013,0.000,27.5
2026-08-04T10:03:34.579181,1260,0.091,0.016,0.000,10.7
2026-08-04T10:03:34.589304,1261,0.090,0.016,0.000,106.6
2026-08-04T10:03:34.651207,1262,0.088,0.016,0.000,16.4
2026-08-04T10:03:34.711693,1263,0.092,0.016,0.000,16.9
2026-08-04T10:03:34.721868,1264,0.097,0.016,0.000,106.8
2026-08-04T10:03:34.782282,1265,0.100,0.015,0.000,16.9
2026-08-04T10:03:34.850846,1266,0.098,0.018,0.000,14.8
2026-08-04T10:03:34.879534,1267,0.093,0.014,0.000,35.9
2026-08-04T10:03:34.916446,1268,0.091,0.013,0.000,27.6
2026-08-04T10:03:35.010660,1269,0.091,0.012,0.000,10.7
2026-08-04T10:03:35.019048,1270,0.088,0.012,0.000,130.9
2026-08-04T10:03:35.081391,1271,0.094,0.012,0.000,16.3
2026-08-04T10:03:35.153317,1272,0.093,0.011,0.000,14.1
2026-08-04T10:03:35.179335,1273,0.097,0.011,0.000,39.6
2026-08-04T10:03:35.214649,1274,0.095,0.012,0.000,29.4
2026-08-04T10:03:35.284325,1275,0.095,0.012,0.000,14.5
2026-08-04T10:03:35.296008,1276,0.097,0.013,0.000,91.8
2026-08-04T10:03:35.348733,1277,0.094,0.013,0.000,19.3
2026-08-04T10:03:35.444963,1278,0.095,0.013,0.000,10.5
2026-08-04T10:03:35.455699,1279,0.099,0.012,0.000,100.1
2026-08-04T10:03:35.511646,1280,0.099,0.013,0.000,18.2
2026-08-04T10:03:35.582888,1281,0.095,0.013,0.000,14.3
2026-08-04T10:03:35.610694,1282,0.094,0.013,0.000,37.0
2026-08-04T10:03:35.649285,1283,0.093,0.014,0.000,27.0
2026-08-04T10:03:35.742528,1284,0.095,0.013,0.000,10.9
2026-08-04T10:03:35.753006,1285,0.092,0.012,0.000,103.3
2026-08-04T10:03:35.814440,1286,0.092,0.012,0.000,16.5
2026-08-04T10:03:35.877197,1287,0.091,0.012,0.000,16.1
2026-08-04T10:03:35.889520,1288,0.093,0.012,0.000,88.2
2026-08-04T10:03:35.944227,1289,0.094,0.012,0.000,18.5
2026-08-04T10:03:36.013411,1290,0.094,0.013,0.000,14.7
2026-08-04T10:03:36.047117,1291,0.098,0.014,0.000,30.6
2026-08-04T10:03:36.081558,1292,0.099,0.013,0.000,29.9
2026-08-04T10:03:36.182208,1293,0.100,0.013,0.000,10.1
2026-08-04T10:03:36.193038,1294,0.099,0.013,0.000,99.5
2026-08-04T10:03:36.244747,1295,0.098,0.013,0.000,19.8
2026-08-04T10:03:36.316434,1296,0.098,0.013,0.000,14.2
2026-08-04T10:03:36.344004,1297,0.101,0.012,0.000,37.6
2026-08-04T10:03:36.377291,1298,0.118,0.012,0.000,31.0
2026-08-04T10:03:36.446210,1299,0.157,0.013,0.000,14.7
2026-08-04T10:03:36.457988,1300,0.197,0.013,0.000,91.0
2026-08-04T10:03:36.515700,1301,0.224,0.013,0.000,18.0
2026-08-04T10:03:36.613518,1302,0.240,0.012,0.000,10.3
2026-08-04T10:03:36.624420,1303,0.242,0.013,0.000,98.3
2026-08-04T10:03:36.677411,1304,0.249,0.014,0.000,19.2
2026-08-04T10:03:36.745623,1305,0.252,0.013,0.000,14.8
2026-08-04T10:03:36.775615,1306,0.249,0.013,0.000,34.2
2026-08-04T10:03:36.812746,1307,0.252,0.014,0.000,27.5
2026-08-04T10:03:36.915237,1308,0.250,0.014,0.000,9.8
2026-08-04T10:03:36.925140,1309,0.249,0.014,0.000,109.7
2026-08-04T10:03:36.976722,1310,0.252,0.013,0.000,19.7
2026-08-04T10:03:37.039877,1311,0.250,0.014,0.000,16.1
2026-08-04T10:03:37.053141,1312,0.248,0.013,0.000,80.1
2026-08-04T10:03:37.110048,1313,0.248,0.013,0.000,17.9
2026-08-04T10:03:37.179915,1314,0.248,0.013,0.000,14.5
2026-08-04T10:03:37.206524,1315,0.250,0.015,0.000,38.7
2026-08-04T10:03:37.245988,1316,0.249,0.015,0.000,26.2
2026-08-04T10:03:37.338103,1317,0.253,0.014,0.000,11.0
2026-08-04T10:03:37.347023,1318,0.251,0.014,0.000,123.8
2026-08-04T10:03:37.411151,1319,0.252,0.013,0.000,15.8
2026-08-04T10:03:37.475180,1320,0.251,0.013,0.000,15.9
2026-08-04T10:03:37.509062,1321,0.250,0.013,0.000,30.2
2026-08-04T10:03:37.538607,1322,0.248,0.013,0.000,34.9
2026-08-04T10:03:37.607407,1323,0.247,0.013,0.000,14.7
2026-08-04T10:03:37.618605,1324,0.249,0.013,0.000,97.0
2026-08-04T10:03:37.677591,1325,0.249,0.013,0.000,17.3
2026-08-04T10:03:37.769224,1326,0.250,0.012,0.000,11.0
2026-08-04T10:03:37.778162,1327,0.250,0.012,0.000,123.0
2026-08-04T10:03:37.841788,1328,0.166,0.012,0.000,16.0
2026-08-04T10:03:37.916848,1329,0.112,0.013,0.000,13.5
2026-08-04T10:03:37.937320,1330,0.115,0.013,0.000,50.9
2026-08-04T10:03:37.976762,1331,0.109,0.013,0.000,25.9
2026-08-04T10:03:38.070874,1332,0.121,0.014,0.000,10.7
2026-08-04T10:03:38.082135,1333,0.113,0.013,0.000,94.8
2026-08-04T10:03:38.142932,1334,0.113,0.014,0.000,16.7
2026-08-04T10:03:38.207495,1335,0.105,0.014,0.000,15.8
2026-08-04T10:03:38.216589,1336,0.124,0.014,0.000,121.6
2026-08-04T10:03:38.272867,1337,0.062,0.017,0.000,18.0
2026-08-04T10:03:38.340906,1338,0.060,0.016,0.000,14.9
2026-08-04T10:03:38.372921,1339,0.061,0.016,0.000,32.0
2026-08-04T10:03:38.411323,1340,0.065,0.016,0.000,26.6
2026-08-04T10:03:38.504130,1341,0.064,0.015,0.000,10.9
2026-08-04T10:03:38.512952,1342,0.066,0.015,0.000,123.5
2026-08-04T10:03:38.572356,1343,0.067,0.015,0.000,17.1
2026-08-04T10:03:38.643046,1344,0.067,0.014,0.000,14.4
2026-08-04T10:03:38.670438,1345,0.076,0.014,0.000,37.6
2026-08-04T10:03:38.705323,1346,0.088,0.015,0.000,29.6
2026-08-04T10:03:38.769715,1347,0.100,0.014,0.000,15.8
2026-08-04T10:03:38.779295,1348,0.105,0.014,0.000,114.0
2026-08-04T10:03:38.840410,1349,0.103,0.015,0.000,17.0
2026-08-04T10:03:38.938867,1350,0.103,0.015,0.000,10.3
2026-08-04T10:03:38.951871,1351,0.103,0.015,0.000,81.4
2026-08-04T10:03:39.004856,1352,0.104,0.013,0.000,19.3
2026-08-04T10:03:39.077832,1353,0.106,0.013,0.000,13.9
2026-08-04T10:03:39.103134,1354,0.102,0.013,0.000,40.8
2026-08-04T10:03:39.141817,1355,0.103,0.013,0.000,26.6
2026-08-04T10:03:39.237817,1356,0.105,0.013,0.000,10.6
2026-08-04T10:03:39.246614,1357,0.094,0.013,0.000,124.2
2026-08-04T10:03:39.305309,1358,0.100,0.014,0.000,17.8
2026-08-04T10:03:39.368906,1359,0.101,0.012,0.000,16.0
2026-08-04T10:03:39.377494,1360,0.099,0.012,0.000,127.6
2026-08-04T10:03:39.438000,1361,0.092,0.012,0.000,16.8
2026-08-04T10:03:39.506371,1362,0.077,0.013,0.000,14.8
2026-08-04T10:03:39.536710,1363,0.073,0.013,0.000,34.0
2026-08-04T10:03:39.574232,1364,0.066,0.012,0.000,27.4
2026-08-04T10:03:39.672859,1365,0.063,0.012,0.000,10.2
2026-08-04T10:03:39.683703,1366,0.063,0.012,0.000,99.2
2026-08-04T10:03:39.736926,1367,0.064,0.011,0.000,19.1
2026-08-04T10:03:39.804346,1368,0.064,0.011,0.000,15.1
2026-08-04T10:03:39.834603,1369,0.063,0.011,0.000,33.9
2026-08-04T10:03:39.866971,1370,0.062,0.011,0.000,31.8
2026-08-04T10:03:39.936089,1371,0.061,0.011,0.000,14.7
2026-08-04T10:03:39.946523,1372,0.061,0.011,0.000,103.1
2026-08-04T10:03:40.004543,1373,0.061,0.011,0.000,17.4
2026-08-04T10:03:40.100853,1374,0.063,0.011,0.000,10.5
2026-08-04T10:03:40.111183,1375,0.065,0.012,0.000,104.9
2026-08-04T10:03:40.169996,1376,0.065,0.010,0.000,17.3
2026-08-04T10:03:40.247908,1377,0.065,0.010,0.000,13.0
2026-08-04T10:03:40.266816,1378,0.069,0.010,0.000,55.2
2026-08-04T10:03:40.304092,1379,0.073,0.010,0.000,27.4
2026-08-04T10:03:40.407829,1380,0.069,0.010,0.000,9.8
2026-08-04T10:03:40.421186,1381,0.072,0.010,0.000,84.3
2026-08-04T10:03:40.470169,1382,0.074,0.010,0.000,20.8
2026-08-04T10:03:40.533796,1383,0.073,0.010,0.000,16.0
2026-08-04T10:03:40.542750,1384,0.070,0.013,0.000,123.6
2026-08-04T10:03:40.603375,1385,0.073,0.013,0.000,16.7
2026-08-04T10:03:40.666263,1386,0.074,0.013,0.000,16.2
2026-08-04T10:03:40.700921,1387,0.072,0.012,0.000,29.5
2026-08-04T10:03:40.738458,1388,0.075,0.012,0.000,27.3
2026-08-04T10:03:40.833135,1389,0.072,0.012,0.000,10.7
2026-08-04T10:03:40.844062,1390,0.073,0.011,0.000,98.5
2026-08-04T10:03:40.902529,1391,0.071,0.011,0.000,17.4
2026-08-04T10:03:40.968276,1392,0.070,0.011,0.000,15.5
2026-08-04T10:03:41.001737,1393,0.071,0.011,0.000,30.6
2026-08-04T10:03:41.031451,1394,0.070,0.011,0.000,35.1
2026-08-04T10:03:41.101778,1395,0.072,0.011,0.000,14.4
2026-08-04T10:03:41.112213,1396,0.071,0.012,0.000,104.4
2026-08-04T10:03:41.168348,1397,0.084,0.011,0.000,18.1
2026-08-04T10:03:41.264915,1398,0.098,0.012,0.000,10.5
2026-08-04T10:03:41.276680,1399,0.138,0.012,0.000,91.9
2026-08-04T10:03:41.332206,1400,0.193,0.012,0.000,18.4
2026-08-04T10:03:41.411768,1401,0.224,0.012,0.000,12.8
2026-08-04T10:03:41.431050,1402,0.240,0.012,0.000,54.5
2026-08-04T10:03:41.470193,1403,0.244,0.012,0.000,26.1
2026-08-04T10:03:41.566802,1404,0.244,0.012,0.000,10.5
2026-08-04T10:03:41.577466,1405,0.246,0.013,0.000,101.7
2026-08-04T10:03:41.633305,1406,0.250,0.013,0.000,18.2
2026-08-04T10:03:41.698890,1407,0.252,0.013,0.000,15.6
2026-08-04T10:03:41.709873,1408,0.251,0.013,0.000,98.3
2026-08-04T10:03:41.764608,1409,0.252,0.013,0.000,18.6
2026-08-04T10:03:41.833466,1410,0.251,0.013,0.000,14.7
2026-08-04T10:03:41.864596,1411,0.250,0.014,0.000,32.9
2026-08-04T10:03:41.899710,1412,0.252,0.013,0.000,29.7
2026-08-04T10:03:41.995659,1413,0.257,0.014,0.000,10.5
2026-08-04T10:03:42.006334,1414,0.257,0.013,0.000,100.8
2026-08-04T10:03:42.065862,1415,0.256,0.013,0.000,17.1
2026-08-04T10:03:42.134360,1416,0.254,0.013,0.000,14.8
2026-08-04T10:03:42.164721,1417,0.249,0.013,0.000,34.4
2026-08-04T10:03:42.196182,1418,0.259,0.012,0.000,32.5
2026-08-04T10:03:42.267817,1419,0.277,0.011,0.000,14.2
2026-08-04T10:03:42.277353,1420,0.287,0.011,0.000,114.3
2026-08-04T10:03:42.333701,1421,0.291,0.011,0.000,18.0
2026-08-04T10:03:42.428089,1422,0.297,0.010,0.000,10.7
2026-08-04T10:03:42.440207,1423,0.297,0.011,0.000,88.4
2026-08-04T10:03:42.497229,1424,0.295,0.011,0.000,18.2
2026-08-04T10:03:42.565924,1425,0.269,0.011,0.000,14.9
2026-08-04T10:03:42.597832,1426,0.257,0.011,0.000,32.2
2026-08-04T10:03:42.633202,1427,0.261,0.012,0.000,28.9
2026-08-04T10:03:42.729237,1428,0.254,0.012,0.000,10.5
2026-08-04T10:03:42.739900,1429,0.229,0.013,0.000,101.4
2026-08-04T10:03:42.796705,1430,0.196,0.012,0.000,17.9
2026-08-04T10:03:42.860426,1431,0.199,0.013,0.000,16.0
2026-08-04T10:03:42.870053,1432,0.211,0.013,0.000,114.8
2026-08-04T10:03:42.929595,1433,0.204,0.013,0.000,17.3
2026-08-04T10:03:42.996251,1434,0.205,0.013,0.000,15.2
2026-08-04T10:03:43.027000,1435,0.215,0.013,0.000,33.3
2026-08-04T10:03:43.064655,1436,0.219,0.013,0.000,27.3
2026-08-04T10:03:43.169728,1437,0.221,0.013,0.000,9.6
2026-08-04T10:03:43.180335,1438,0.224,0.013,0.000,102.3
2026-08-04T10:03:43.229442,1439,0.239,0.013,0.000,20.9
2026-08-04T10:03:43.297775,1440,0.245,0.013,0.000,14.8
2026-08-04T10:03:43.329009,1441,0.234,0.017,0.000,32.9
2026-08-04T10:03:43.362882,1442,0.240,0.018,0.000,30.3
2026-08-04T10:03:43.428291,1443,0.237,0.015,0.000,15.6
2026-08-04T10:03:43.438231,1444,0.240,0.014,0.000,108.9
2026-08-04T10:03:43.496071,1445,0.253,0.011,0.000,17.5
2026-08-04T10:03:43.590574,1446,0.264,0.012,0.000,10.7
2026-08-04T10:03:43.603919,1447,0.260,0.015,0.000,87.8
2026-08-04T10:03:43.664322,1448,0.277,0.017,0.000,16.9
2026-08-04T10:03:43.727539,1449,0.272,0.016,0.000,16.2
2026-08-04T10:03:43.760016,1450,0.275,0.023,0.000,31.6
2026-08-04T10:03:43.797392,1451,0.267,0.020,0.000,27.4
2026-08-04T10:03:43.896984,1452,0.271,0.016,0.000,10.2
2026-08-04T10:03:43.908398,1453,0.281,0.016,0.000,95.0
2026-08-04T10:03:43.960436,1454,0.263,0.007,0.000,19.5
2026-08-04T10:03:44.022500,1455,0.161,0.013,0.000,16.4
2026-08-04T10:03:44.033602,1456,0.085,0.012,0.000,96.5
2026-08-04T10:03:44.092840,1457,0.125,0.009,0.000,17.3
2026-08-04T10:03:44.169178,1458,0.141,0.010,0.000,13.3
2026-08-04T10:03:44.191277,1459,0.145,0.014,0.000,46.9
2026-08-04T10:03:44.229140,1460,0.128,0.026,0.000,27.0
2026-08-04T10:03:44.322356,1461,0.141,0.023,0.000,10.9
2026-08-04T10:03:44.333203,1462,0.145,0.017,0.000,98.6
2026-08-04T10:03:44.394367,1463,0.153,0.012,0.000,16.6
2026-08-04T10:03:44.462572,1464,0.132,0.011,0.000,14.9
2026-08-04T10:03:44.491424,1465,0.126,0.007,0.000,35.6
2026-08-04T10:03:44.526049,1466,0.115,0.011,0.000,30.2
2026-08-04T10:03:44.590189,1467,0.088,0.007,0.000,15.9
2026-08-04T10:03:44.601203,1468,0.091,0.005,0.000,98.1
2026-08-04T10:03:44.663614,1469,0.123,0.016,0.000,16.5
2026-08-04T10:03:44.754597,1470,0.137,0.018,0.000,11.1
2026-08-04T10:03:44.766693,1471,0.150,0.017,0.000,88.1
2026-08-04T10:03:44.824532,1472,0.156,0.031,0.000,17.5
2026-08-04T10:03:44.894918,1473,0.173,0.055,0.000,14.4
2026-08-04T10:03:44.924192,1474,0.152,0.059,0.000,35.1
2026-08-04T10:03:44.961205,1475,0.147,0.069,0.000,27.9
2026-08-04T10:03:45.058200,1476,0.159,0.067,0.000,10.4
2026-08-04T10:03:45.069252,1477,0.159,0.059,0.000,97.0
2026-08-04T10:03:45.124346,1478,0.162,0.046,0.000,18.4
2026-08-04T10:03:45.189108,1479,0.158,0.038,0.000,15.7
2026-08-04T10:03:45.200342,1480,0.171,0.030,0.000,95.1
2026-08-04T10:03:45.255725,1481,0.187,0.023,0.000,18.6
2026-08-04T10:03:45.328403,1482,0.182,0.022,0.000,13.9
2026-08-04T10:03:45.356363,1483,0.249,0.018,0.000,37.0
2026-08-04T10:03:45.393961,1484,0.264,0.017,0.000,27.2
2026-08-04T10:03:45.489713,1485,0.277,0.013,0.000,10.6
2026-08-04T10:03:45.502231,1486,0.275,0.012,0.000,85.3
2026-08-04T10:03:45.558023,1487,0.273,0.013,0.000,18.3
2026-08-04T10:03:45.625643,1488,0.275,0.010,0.000,15.0
2026-08-04T10:03:45.655059,1489,0.273,0.011,0.000,34.9
2026-08-04T10:03:45.688515,1490,0.275,0.012,0.000,30.9
2026-08-04T10:03:45.755402,1491,0.279,0.012,0.000,15.1
2026-08-04T10:03:45.767884,1492,0.280,0.011,0.000,85.3
2026-08-04T10:03:45.826044,1493,0.183,0.010,0.000,17.6
2026-08-04T10:03:45.924638,1494,0.150,0.012,0.000,10.2
2026-08-04T10:03:45.936876,1495,0.160,0.009,0.000,95.2
2026-08-04T10:03:45.988707,1496,0.173,0.011,0.000,19.6
2026-08-04T10:03:46.056880,1497,0.173,0.012,0.000,14.9
2026-08-04T10:03:46.087806,1498,0.184,0.013,0.000,33.1
2026-08-04T10:03:46.125273,1499,0.191,0.013,0.000,27.3
2026-08-04T10:03:46.223293,1500,0.195,0.012,0.000,10.3
2026-08-04T10:03:46.233702,1501,0.194,0.014,0.000,105.1
2026-08-04T10:03:46.289510,1502,0.196,0.018,0.000,18.2
2026-08-04T10:03:46.355867,1503,0.185,0.017,0.000,15.4
2026-08-04T10:03:46.366050,1504,0.174,0.016,0.000,106.1
2026-08-04T10:03:46.421973,1505,0.168,0.014,0.000,18.4
2026-08-04T10:03:46.486387,1506,0.171,0.015,0.000,15.7
2026-08-04T10:03:46.522101,1507,0.177,0.014,0.000,28.6
2026-08-04T10:03:46.558786,1508,0.188,0.014,0.000,27.9
2026-08-04T10:03:46.657592,1509,0.188,0.014,0.000,10.2
2026-08-04T10:03:46.669922,1510,0.186,0.018,0.000,92.0
2026-08-04T10:03:46.720982,1511,0.184,0.017,0.000,19.9
2026-08-04T10:03:46.788641,1512,0.186,0.016,0.000,15.0
2026-08-04T10:03:46.821885,1513,0.201,0.018,0.000,30.9
2026-08-04T10:03:46.853091,1514,0.197,0.021,0.000,33.0
2026-08-04T10:03:46.924520,1515,0.187,0.019,0.000,14.2
2026-08-04T10:03:46.933246,1516,0.195,0.019,0.000,125.2
2026-08-04T10:03:46.989281,1517,0.194,0.018,0.000,18.1
2026-08-04T10:03:47.082868,1518,0.207,0.017,0.000,10.8
2026-08-04T10:03:47.093040,1519,0.203,0.019,0.000,107.2
2026-08-04T10:03:47.154721,1520,0.204,0.020,0.000,16.4
2026-08-04T10:03:47.225513,1521,0.201,0.018,0.000,14.4
2026-08-04T10:03:47.251913,1522,0.210,0.018,0.000,39.1
2026-08-04T10:03:47.287974,1523,0.211,0.017,0.000,28.4
2026-08-04T10:03:47.383922,1524,0.208,0.017,0.000,10.5
2026-08-04T10:03:47.397551,1525,0.202,0.017,0.000,77.5
2026-08-04T10:03:47.454501,1526,0.202,0.015,0.000,17.8
2026-08-04T10:03:47.516037,1527,0.200,0.017,0.000,16.5
2026-08-04T10:03:47.525497,1528,0.202,0.016,0.000,115.2
2026-08-04T10:03:47.584436,1529,0.205,0.017,0.000,17.2
2026-08-04T10:03:47.655621,1530,0.204,0.017,0.000,14.3
2026-08-04T10:03:47.685111,1531,0.205,0.017,0.000,34.9
2026-08-04T10:03:47.723284,1532,0.208,0.017,0.000,26.8
2026-08-04T10:03:47.816451,1533,0.205,0.016,0.000,10.9
2026-08-04T10:03:47.826633,1534,0.198,0.017,0.000,106.2
2026-08-04T10:03:47.883729,1535,0.191,0.016,0.000,17.8
2026-08-04T10:03:47.953427,1536,0.191,0.016,0.000,14.6
2026-08-04T10:03:47.985502,1537,0.196,0.016,0.000,33.5
2026-08-04T10:03:48.016045,1538,0.199,0.016,0.000,33.8
2026-08-04T10:03:48.085043,1539,0.184,0.016,0.000,14.7
2026-08-04T10:03:48.096703,1540,0.180,0.015,0.000,92.1
2026-08-04T10:03:48.154595,1541,0.172,0.014,0.000,17.7
2026-08-04T10:03:48.249150,1542,0.184,0.013,0.000,10.7
2026-08-04T10:03:48.261445,1543,0.181,0.013,0.000,87.2
2026-08-04T10:03:48.316041,1544,0.196,0.014,0.000,18.6
2026-08-04T10:03:48.387054,1545,0.197,0.016,0.000,14.3
2026-08-04T10:03:48.415946,1546,0.191,0.016,0.000,37.1
2026-08-04T10:03:48.455662,1547,0.190,0.015,0.000,25.7
2026-08-04T10:03:48.549129,1548,0.197,0.016,0.000,10.8
2026-08-04T10:03:48.557997,1549,0.198,0.017,0.000,124.6
2026-08-04T10:03:48.616308,1550,0.194,0.016,0.000,17.4
2026-08-04T10:03:48.681333,1551,0.196,0.017,0.000,15.6
2026-08-04T10:03:48.692944,1552,0.193,0.016,0.000,92.6
2026-08-04T10:03:48.750020,1553,0.187,0.017,0.000,17.9
2026-08-04T10:03:48.819909,1554,0.185,0.015,0.000,14.5
2026-08-04T10:03:48.849134,1555,0.177,0.015,0.000,35.2
2026-08-04T10:03:48.885135,1556,0.179,0.013,0.000,28.7
2026-08-04T10:03:48.979100,1557,0.190,0.013,0.000,10.8
2026-08-04T10:03:48.987687,1558,0.218,0.014,0.000,128.4
2026-08-04T10:03:49.050002,1559,0.275,0.015,0.000,16.7
2026-08-04T10:03:49.119127,1560,0.281,0.015,0.000,14.7
2026-08-04T10:03:49.147572,1561,0.300,0.014,0.000,36.2
2026-08-04T10:03:49.183071,1562,0.305,0.014,0.000,29.2
2026-08-04T10:03:49.250216,1563,0.309,0.012,0.000,15.1
2026-08-04T10:03:49.262122,1564,0.311,0.013,0.000,90.9
2026-08-04T10:03:49.316610,1565,0.318,0.016,0.000,18.6
2026-08-04T10:03:49.426347,1566,0.307,0.015,0.000,9.2
2026-08-04T10:03:49.435988,1567,0.306,0.011,0.000,113.0
2026-08-04T10:03:49.480930,1568,0.285,0.011,0.000,23.6
2026-08-04T10:03:49.547760,1569,0.227,0.012,0.000,15.1
2026-08-04T10:03:49.580636,1570,0.120,0.005,0.000,31.1
2026-08-04T10:03:49.617743,1571,0.098,0.006,0.000,27.9
2026-08-04T10:03:49.716307,1572,0.078,0.015,0.000,10.3
2026-08-04T10:03:49.727929,1573,0.093,0.012,0.000,93.9
2026-08-04T10:03:49.780700,1574,0.108,0.008,0.000,19.3
2026-08-04T10:03:49.847237,1575,0.127,0.007,0.000,15.3
2026-08-04T10:03:49.856511,1576,0.134,0.006,0.000,118.5
2026-08-04T10:03:49.914756,1577,0.147,0.004,0.000,17.5
2026-08-04T10:03:49.980125,1578,0.139,0.001,0.000,15.6
2026-08-04T10:03:50.012294,1579,0.137,0.002,0.000,31.8
2026-08-04T10:03:50.049397,1580,0.116,0.002,0.000,27.6
2026-08-04T10:03:50.152171,1581,0.134,0.006,0.000,9.9
2026-08-04T10:03:50.162038,1582,0.130,0.005,0.000,110.0
2026-08-04T10:03:50.213224,1583,0.133,0.004,0.000,19.8
2026-08-04T10:03:50.278215,1584,0.122,0.002,0.000,15.6
2026-08-04T10:03:50.313578,1585,0.120,0.002,0.000,28.9
2026-08-04T10:03:50.344154,1586,0.133,0.002,0.000,33.8
2026-08-04T10:03:50.420751,1587,0.142,0.004,0.000,13.2
2026-08-04T10:03:50.432283,1588,0.136,0.006,0.000,99.2
2026-08-04T10:03:50.480158,1589,0.148,0.002,0.000,21.3
2026-08-04T10:03:50.573652,1590,0.173,0.003,0.000,10.8
2026-08-04T10:03:50.584748,1591,0.174,0.002,0.000,97.5
2026-08-04T10:03:50.646630,1592,0.167,0.004,0.000,16.4
2026-08-04T10:03:50.715678,1593,0.182,0.003,0.000,14.8
2026-08-04T10:03:50.741975,1594,0.163,0.004,0.000,39.5
2026-08-04T10:03:50.782384,1595,0.172,0.004,0.000,25.5
2026-08-04T10:03:50.877492,1596,0.166,0.005,0.000,10.7
2026-08-04T10:03:50.888283,1597,0.161,0.005,0.000,99.8
2026-08-04T10:03:50.945055,1598,0.175,0.005,0.000,18.2
2026-08-04T10:03:51.009371,1599,0.177,0.005,0.000,15.8
2026-08-04T10:03:51.018632,1600,0.186,0.006,0.000,118.5
2026-08-04T10:03:51.077506,1601,0.191,0.006,0.000,17.2
2026-08-04T10:03:51.144744,1602,0.188,0.006,0.000,15.1
2026-08-04T10:03:51.177109,1603,0.188,0.006,0.000,31.6
2026-08-04T10:03:51.212607,1604,0.180,0.005,0.000,28.9
2026-08-04T10:03:51.306669,1605,0.172,0.006,0.000,10.7
2026-08-04T10:03:51.318071,1606,0.178,0.006,0.000,103.0
2026-08-04T10:03:51.376184,1607,0.179,0.006,0.000,17.4
2026-08-04T10:03:51.452052,1608,0.171,0.006,0.000,13.4
2026-08-04T10:03:51.476642,1609,0.175,0.006,0.000,42.0
2026-08-04T10:03:51.509393,1610,0.176,0.005,0.000,31.7
2026-08-04T10:03:51.579801,1611,0.178,0.006,0.000,14.3
2026-08-04T10:03:51.588055,1612,0.180,0.005,0.000,134.0
2026-08-04T10:03:51.645019,1613,0.182,0.005,0.000,18.3
2026-08-04T10:03:51.739705,1614,0.177,0.006,0.000,10.7
2026-08-04T10:03:51.748485,1615,0.179,0.005,0.000,123.7
2026-08-04T10:03:51.808663,1616,0.178,0.005,0.000,16.8
2026-08-04T10:03:51.874353,1617,0.187,0.005,0.000,15.5
2026-08-04T10:03:51.910163,1618,0.186,0.005,0.000,28.5
2026-08-04T10:03:51.946720,1619,0.186,0.004,0.000,28.3
2026-08-04T10:03:52.038417,1620,0.171,0.005,0.000,11.1
2026-08-04T10:03:52.049134,1621,0.180,0.004,0.000,101.4
2026-08-04T10:03:52.108499,1622,0.181,0.003,0.000,17.1
2026-08-04T10:03:52.175480,1623,0.185,0.004,0.000,15.2
2026-08-04T10:03:52.186013,1624,0.188,0.005,0.000,102.3
2026-08-04T10:03:52.240488,1625,0.179,0.004,0.000,18.7
2026-08-04T10:03:52.309811,1626,0.175,0.004,0.000,14.6
2026-08-04T10:03:52.340683,1627,0.169,0.005,0.000,33.2
2026-08-04T10:03:52.375822,1628,0.170,0.004,0.000,29.2
2026-08-04T10:03:52.469349,1629,0.166,0.006,0.000,10.8
2026-08-04T10:03:52.479838,1630,0.166,0.006,0.000,102.8
2026-08-04T10:03:52.540390,1631,0.174,0.006,0.000,16.8
2026-08-04T10:03:52.605682,1632,0.171,0.006,0.000,15.6
2026-08-04T10:03:52.639881,1633,0.170,0.006,0.000,30.0
2026-08-04T10:03:52.673845,1634,0.183,0.006,0.000,30.2
2026-08-04T10:03:52.750296,1635,0.182,0.006,0.000,13.4
2026-08-04T10:03:52.758628,1636,0.189,0.007,0.000,131.0
2026-08-04T10:03:52.807437,1637,0.200,0.006,0.000,20.8
2026-08-04T10:03:52.907197,1638,0.191,0.006,0.000,10.1
2026-08-04T10:03:52.920266,1639,0.214,0.007,0.000,87.2
2026-08-04T10:03:52.972624,1640,0.221,0.006,0.000,19.7
2026-08-04T10:03:53.040782,1641,0.212,0.006,0.000,14.9
2026-08-04T10:03:53.071782,1642,0.213,0.005,0.000,33.2
2026-08-04T10:03:53.109171,1643,0.232,0.004,0.000,27.7
2026-08-04T10:03:53.204730,1644,0.270,0.002,0.000,10.6
2026-08-04T10:03:53.215603,1645,0.274,0.003,0.000,98.5
2026-08-04T10:03:53.273079,1646,0.286,0.002,0.000,17.7
2026-08-04T10:03:53.340612,1647,0.285,0.001,0.000,15.0
2026-08-04T10:03:53.352390,1648,0.290,0.001,0.000,91.5
2026-08-04T10:03:53.405654,1649,0.289,0.001,0.000,19.2
2026-08-04T10:03:53.474116,1650,0.293,0.002,0.000,14.8
2026-08-04T10:03:53.503422,1651,0.296,0.004,0.000,35.1
2026-08-04T10:03:53.540798,1652,0.301,0.004,0.000,27.3
2026-08-04T10:03:53.633759,1653,0.307,0.004,0.000,10.9
2026-08-04T10:03:53.644768,1654,0.311,0.004,0.000,97.5
2026-08-04T10:03:53.703722,1655,0.313,0.003,0.000,17.3
2026-08-04T10:03:53.772017,1656,0.316,0.003,0.000,14.8
2026-08-04T10:03:53.803251,1657,0.312,0.003,0.000,32.8
2026-08-04T10:03:53.836692,1658,0.221,0.003,0.000,30.7
2026-08-04T10:03:53.909864,1659,0.166,0.003,0.000,13.8
2026-08-04T10:03:53.921216,1660,0.135,0.008,0.000,94.1
2026-08-04T10:03:53.971692,1661,0.181,0.004,0.000,20.2
2026-08-04T10:03:54.067443,1662,0.288,0.001,0.000,10.6
2026-08-04T10:03:54.076657,1663,0.327,0.001,0.000,118.8
2026-08-04T10:03:54.137141,1664,0.352,0.000,0.000,16.8
2026-08-04T10:03:54.203511,1665,0.353,0.001,0.000,15.4
2026-08-04T10:03:54.236372,1666,0.363,0.003,0.000,31.1
2026-08-04T10:03:54.273720,1667,0.355,0.002,0.000,27.4
2026-08-04T10:03:54.366373,1668,0.352,0.006,0.000,10.9
2026-08-04T10:03:54.377159,1669,0.387,0.008,0.000,100.6
2026-08-04T10:03:54.436577,1670,0.407,0.017,0.000,17.0
2026-08-04T10:03:54.502559,1671,0.385,0.101,0.000,15.4
2026-08-04T10:03:54.513211,1672,0.485,0.206,0.000,100.6
2026-08-04T10:03:54.568984,1673,0.626,0.350,0.000,18.3
2026-08-04T10:03:54.636150,1674,0.652,0.250,0.000,15.1
2026-08-04T10:03:54.667033,1675,0.853,0.134,0.000,33.2
2026-08-04T10:03:54.702756,1676,0.000,0.000,0.000,28.7
2026-08-04T10:03:54.800214,1677,0.767,0.065,0.000,10.4
2026-08-04T10:03:54.808651,1678,0.000,0.000,0.000,130.0
2026-08-04T10:03:54.869824,1679,0.549,0.224,0.000,16.6
2026-08-04T10:03:54.936613,1680,0.597,0.050,0.000,15.1
2026-08-04T10:03:54.968457,1681,0.444,0.058,0.000,32.2
2026-08-04T10:03:55.000924,1682,0.377,0.024,0.000,31.9
2026-08-04T10:03:55.067223,1683,0.355,0.036,0.000,15.4
2026-08-04T10:03:55.077541,1684,0.315,0.033,0.000,104.1
2026-08-04T10:03:55.136402,1685,0.326,0.058,0.000,17.2
2026-08-04T10:03:55.233112,1686,0.344,0.024,0.000,10.5
2026-08-04T10:03:55.242097,1687,0.356,0.096,0.000,120.9
2026-08-04T10:03:55.300492,1688,0.383,0.033,0.000,17.4
2026-08-04T10:03:55.369517,1689,0.388,0.052,0.000,14.7
2026-08-04T10:03:55.401491,1690,0.161,0.060,0.000,32.2
2026-08-04T10:03:55.438010,1691,0.144,0.096,0.000,28.1
2026-08-04T10:03:55.532269,1692,0.232,0.237,0.000,10.7
2026-08-04T10:03:55.543679,1693,0.329,0.243,0.000,93.9
2026-08-04T10:03:55.601001,1694,0.449,3.356,0.000,17.8
2026-08-04T10:03:55.667596,1695,0.000,0.000,0.000,15.2
2026-08-04T10:03:55.679224,1696,1.120,2.639,0.000,91.5
2026-08-04T10:03:55.729515,1697,0.000,0.000,0.000,20.2
2026-08-04T10:03:55.800225,1698,0.000,0.000,0.000,14.4
2026-08-04T10:03:55.832330,1699,0.000,0.000,0.000,32.0
2026-08-04T10:03:55.867440,1700,0.000,0.000,0.000,29.7
2026-08-04T10:03:55.963866,1701,0.000,0.000,0.000,10.5
2026-08-04T10:03:55.973243,1702,0.000,0.000,0.000,116.4
2026-08-04T10:03:56.032735,1703,0.000,0.000,0.000,17.4
2026-08-04T10:03:56.099120,1704,0.000,0.000,0.000,15.4
2026-08-04T10:03:56.132374,1705,0.000,0.000,0.000,30.7
2026-08-04T10:03:56.165062,1706,0.000,0.000,0.000,31.8
2026-08-04T10:03:56.232543,1707,0.000,0.000,0.000,15.2
2026-08-04T10:03:56.240325,1708,0.000,0.000,0.000,141.9
2026-08-04T10:03:56.299086,1709,0.000,0.000,0.000,17.3
2026-08-04T10:03:56.364283,1710,0.000,0.000,0.000,15.6
2026-08-04T10:03:56.371878,1711,0.000,0.000,0.000,145.5
2026-08-04T10:03:56.432394,1712,0.000,0.000,0.000,16.8
2026-08-04T10:03:56.497482,1713,0.000,0.000,0.000,15.8
2026-08-04T10:03:56.505446,1714,0.000,0.000,0.000,145.2
2026-08-04T10:03:56.563526,1715,0.000,0.000,0.000,17.7
2026-08-04T10:03:56.632481,1716,0.000,0.000,0.000,14.9
2026-08-04T10:03:56.664115,1717,0.000,0.000,0.000,32.4
2026-08-04T10:03:56.700910,1718,0.000,0.000,0.000,28.0
2026-08-04T10:03:56.797153,1719,0.000,0.000,0.000,10.6
2026-08-04T10:03:56.807294,1720,0.000,0.000,0.000,108.8
2026-08-04T10:03:56.864164,1721,0.000,0.000,0.000,18.0
2026-08-04T10:03:56.931355,1722,0.000,0.000,0.000,15.2
2026-08-04T10:03:56.939599,1723,0.000,0.000,0.000,133.8
2026-08-04T10:03:56.994583,1724,0.000,0.000,0.000,18.4
2026-08-04T10:03:57.065995,1725,0.000,0.000,0.000,14.2
2026-08-04T10:03:57.095145,1726,0.000,0.000,0.000,35.2
2026-08-04T10:03:57.132409,1727,0.000,0.000,0.000,27.6
2026-08-04T10:03:57.228537,1728,0.000,0.000,0.000,10.6
2026-08-04T10:03:57.239571,1729,0.000,0.000,0.000,97.1
2026-08-04T10:03:57.294759,1730,0.000,0.000,0.000,18.7
2026-08-04T10:03:57.360343,1731,0.000,0.000,0.000,15.5
2026-08-04T10:03:57.368150,1732,0.000,0.000,0.000,140.9
2026-08-04T10:03:57.431985,1733,0.472,0.227,0.000,15.9
2026-08-04T10:03:57.497438,1734,0.449,0.037,0.000,15.5
2026-08-04T10:03:57.509767,1735,0.427,0.022,0.000,86.4
2026-08-04T10:03:57.565329,1736,0.410,0.008,0.000,18.3
2026-08-04T10:03:57.668052,1737,0.410,0.006,0.000,9.8
2026-08-04T10:03:57.680075,1738,0.406,0.006,0.000,102.8
2026-08-04T10:03:57.728217,1739,0.399,0.005,0.000,21.1
2026-08-04T10:03:57.796995,1740,0.388,0.004,0.000,14.9
2026-08-04T10:03:57.828797,1741,0.395,0.009,0.000,32.2
2026-08-04T10:03:57.864656,1742,0.396,0.007,0.000,28.8
2026-08-04T10:03:57.959697,1743,0.412,0.007,0.000,10.6
2026-08-04T10:03:57.970135,1744,0.399,0.007,0.000,103.3
2026-08-04T10:03:58.029227,1745,0.383,0.008,0.000,17.2
2026-08-04T10:03:58.094391,1746,0.389,0.007,0.000,15.7
2026-08-04T10:03:58.104378,1747,0.389,0.007,0.000,108.4
2026-08-04T10:03:58.162833,1748,0.389,0.007,0.000,17.4
2026-08-04T10:03:58.230269,1749,0.391,0.007,0.000,15.1
2026-08-04T10:03:58.261286,1750,0.381,0.008,0.000,33.0
2026-08-04T10:03:58.298853,1751,0.373,0.007,0.000,27.3
2026-08-04T10:03:58.392976,1752,0.374,0.008,0.000,10.7
2026-08-04T10:03:58.407051,1753,0.380,0.010,0.000,75.5
2026-08-04T10:03:58.462381,1754,0.376,0.010,0.000,18.4
2026-08-04T10:03:58.523437,1755,0.369,0.009,0.000,16.7
2026-08-04T10:03:58.535592,1756,0.366,0.006,0.000,87.7
2026-08-04T10:03:58.592042,1757,0.371,0.004,0.000,18.2
2026-08-04T10:03:58.664709,1758,0.374,0.004,0.000,14.0
2026-08-04T10:03:58.675709,1759,0.354,0.005,0.000,113.3
2026-08-04T10:03:58.728211,1760,0.124,0.004,0.000,19.5
2026-08-04T10:03:58.823515,1761,0.235,0.003,0.000,10.6
2026-08-04T10:03:58.831584,1762,0.271,0.004,0.000,139.0
2026-08-04T10:03:58.892522,1763,0.276,0.001,0.000,16.6
2026-08-04T10:03:58.960591,1764,0.284,0.002,0.000,15.0
2026-08-04T10:03:58.993352,1765,0.266,0.001,0.000,31.3
2026-08-04T10:03:59.028841,1766,0.112,0.002,0.000,29.1
2026-08-04T10:03:59.129587,1767,0.072,0.007,0.000,10.0
2026-08-04T10:03:59.138645,1768,0.109,0.003,0.000,120.8
2026-08-04T10:03:59.193385,1769,0.214,0.004,0.000,18.5
2026-08-04T10:03:59.259786,1770,0.249,0.005,0.579,15.3
2026-08-04T10:03:59.270579,1771,0.268,0.004,0.579,100.2
2026-08-04T10:03:59.324377,1772,0.281,0.006,0.579,18.9
2026-08-04T10:03:59.388937,1773,0.286,0.007,0.522,15.8
2026-08-04T10:03:59.426011,1774,0.284,0.160,0.522,27.5
2026-08-04T10:03:59.462434,1775,0.293,0.202,0.522,28.3
2026-08-04T10:03:59.558750,1776,0.301,0.180,0.488,10.5
2026-08-04T10:03:59.570052,1777,0.300,0.167,0.488,95.5
2026-08-04T10:03:59.625343,1778,0.286,0.167,0.488,18.3
2026-08-04T10:03:59.690653,1779,0.274,0.111,0.000,15.6
2026-08-04T10:03:59.701699,1780,0.272,0.100,0.000,106.8
2026-08-04T10:03:59.756723,1781,0.266,0.087,0.000,18.8
2026-08-04T10:03:59.824709,1782,0.266,0.070,0.000,15.0
2026-08-04T10:03:59.835275,1783,0.273,0.081,0.000,102.1
2026-08-04T10:03:59.892489,1784,0.286,0.029,0.000,17.7
2026-08-04T10:03:59.987799,1785,0.306,0.009,0.000,10.7
2026-08-04T10:03:59.996736,1786,0.308,0.010,0.000,122.0
2026-08-04T10:04:00.057437,1787,0.318,0.013,0.000,17.1
2026-08-04T10:04:00.126580,1788,0.317,0.020,0.000,14.8
2026-08-04T10:04:00.156755,1789,0.319,0.044,0.000,34.1
2026-08-04T10:04:00.194562,1790,0.311,0.035,0.000,27.0
2026-08-04T10:04:00.289087,1791,0.310,0.044,0.000,10.7
2026-08-04T10:04:00.301155,1792,0.299,0.020,0.000,87.9
2026-08-04T10:04:00.356584,1793,0.300,0.024,0.000,18.3
2026-08-04T10:04:00.427290,1794,0.296,0.032,0.000,14.4
2026-08-04T10:04:00.436038,1795,0.296,0.047,0.000,125.1
2026-08-04T10:04:00.488897,1796,0.308,0.045,0.000,19.2
2026-08-04T10:04:00.559178,1797,0.307,0.037,0.000,14.4
2026-08-04T10:04:00.585994,1798,0.310,0.057,0.000,38.4
2026-08-04T10:04:00.624597,1799,0.330,0.050,0.000,26.3
2026-08-04T10:04:00.721637,1800,0.331,0.158,0.000,10.4
2026-08-04T10:04:00.732727,1801,0.320,0.070,0.000,98.1
2026-08-04T10:04:00.789656,1802,0.310,0.056,0.000,18.0
2026-08-04T10:04:00.853586,1803,0.312,0.037,0.000,15.8
2026-08-04T10:04:00.866699,1804,0.292,0.030,0.000,80.7
2026-08-04T10:04:00.922912,1805,0.278,0.034,0.000,18.1
2026-08-04T10:04:00.988650,1806,0.272,0.040,0.000,15.5
2026-08-04T10:04:00.997837,1807,0.267,0.034,0.000,118.3
2026-08-04T10:04:01.057042,1808,0.267,0.026,0.000,17.1
2026-08-04T10:04:01.164002,1809,0.291,0.028,0.000,9.4
2026-08-04T10:04:01.176115,1810,0.269,0.033,0.000,95.2
2026-08-04T10:04:01.220673,1811,0.270,0.017,0.000,22.8
2026-08-04T10:04:01.291142,1812,0.263,0.019,0.000,14.4
2026-08-04T10:04:01.320629,1813,0.268,0.011,0.000,34.8
2026-08-04T10:04:01.357179,1814,0.261,0.013,0.000,27.9
2026-08-04T10:04:01.453045,1815,0.271,0.007,0.000,10.6
2026-08-04T10:04:01.464103,1816,0.264,0.013,0.000,96.5
2026-08-04T10:04:01.520425,1817,0.265,0.010,0.000,18.0
2026-08-04T10:04:01.588517,1818,0.264,0.011,0.000,14.9
2026-08-04T10:04:01.597443,1819,0.263,0.011,0.000,122.7
2026-08-04T10:04:01.656658,1820,0.262,0.010,0.000,17.1
2026-08-04T10:04:01.718774,1821,0.263,0.010,0.000,16.6
2026-08-04T10:04:01.751977,1822,0.274,0.009,0.000,30.8
2026-08-04T10:04:01.788317,1823,0.276,0.007,0.000,28.2
2026-08-04T10:04:01.883623,1824,0.275,0.006,0.000,10.6
2026-08-04T10:04:01.895370,1825,0.274,0.008,0.000,91.0
2026-08-04T10:04:01.953214,1826,0.280,0.003,0.000,17.5
2026-08-04T10:04:02.023133,1827,0.276,0.004,0.000,14.5
2026-08-04T10:04:02.033387,1828,0.269,0.004,0.000,104.7
2026-08-04T10:04:02.085008,1829,0.295,0.002,0.000,19.7
2026-08-04T10:04:02.156495,1830,0.301,0.003,0.000,14.2
2026-08-04T10:04:02.168604,1831,0.315,0.004,0.000,98.8
2026-08-04T10:04:02.222196,1832,0.322,0.004,0.000,18.9
2026-08-04T10:04:02.314798,1833,0.162,0.004,0.000,10.9
2026-08-04T10:04:02.324472,1834,0.081,0.013,0.000,111.6
2026-08-04T10:04:02.384816,1835,0.067,0.004,0.000,17.2
2026-08-04T10:04:02.459279,1836,0.081,0.007,0.000,13.6
2026-08-04T10:04:02.483392,1837,0.091,0.005,0.000,42.8
2026-08-04T10:04:02.523100,1838,0.098,0.006,0.000,25.7
2026-08-04T10:04:02.621800,1839,0.126,0.005,0.000,10.2
2026-08-04T10:04:02.633303,1840,0.121,0.006,0.000,94.3
2026-08-04T10:04:02.686796,1841,0.125,0.004,0.000,18.9
2026-08-04T10:04:02.747015,1842,0.121,0.004,0.000,16.9
2026-08-04T10:04:02.758882,1843,0.126,0.003,0.000,90.2
2026-08-04T10:04:02.815680,1844,0.107,0.001,0.000,18.0
2026-08-04T10:04:02.885356,1845,0.110,0.001,0.000,14.6
2026-08-04T10:04:02.913156,1846,0.101,0.002,0.000,36.9
2026-08-04T10:04:02.954538,1847,0.097,0.002,0.000,24.6
2026-08-04T10:04:03.047675,1848,0.100,0.002,0.000,10.8
2026-08-04T10:04:03.057924,1849,0.097,0.002,0.000,117.5
2026-08-04T10:04:03.116897,1850,0.103,0.002,0.000,17.2
2026-08-04T10:04:03.194855,1851,0.105,0.001,0.000,13.0
2026-08-04T10:04:03.216312,1852,0.166,0.002,0.000,49.0
2026-08-04T10:04:03.251376,1853,0.213,0.003,0.000,29.2
2026-08-04T10:04:03.317763,1854,0.238,0.003,0.000,15.4
2026-08-04T10:04:03.328491,1855,0.251,0.003,0.000,102.0
2026-08-04T10:04:03.383668,1856,0.259,0.003,0.000,18.4
2026-08-04T10:04:03.480740,1857,0.263,0.003,0.000,10.4
2026-08-04T10:04:03.491672,1858,0.265,0.003,0.000,100.3
2026-08-04T10:04:03.548518,1859,0.254,0.003,0.000,17.8
2026-08-04T10:04:03.617681,1860,0.193,0.002,0.000,14.7
2026-08-04T10:04:03.651199,1861,0.114,0.003,0.000,30.7
2026-08-04T10:04:03.685840,1862,0.101,0.001,0.000,29.7
2026-08-04T10:04:03.782717,1863,0.095,0.002,0.000,10.4
2026-08-04T10:04:03.790646,1864,0.100,0.002,0.000,139.8
2026-08-04T10:04:03.849002,1865,0.102,0.000,0.000,17.4
2026-08-04T10:04:03.918671,1866,0.094,0.000,0.000,14.6
2026-08-04T10:04:03.930294,1867,0.088,0.000,0.000,92.8
2026-08-04T10:04:03.982233,1868,0.080,0.000,0.000,19.7
2026-08-04T10:04:04.050365,1869,0.080,0.001,0.000,14.9
2026-08-04T10:04:04.079717,1870,0.085,0.001,0.000,34.9
2026-08-04T10:04:04.118491,1871,0.086,0.001,0.000,26.5
2026-08-04T10:04:04.214847,1872,0.087,0.001,0.000,10.5
2026-08-04T10:04:04.227246,1873,0.092,0.001,0.000,86.4
2026-08-04T10:04:04.280169,1874,0.093,0.001,0.000,19.1
2026-08-04T10:04:04.347495,1875,0.098,0.001,0.000,15.0
2026-08-04T10:04:04.379503,1876,0.102,0.001,0.000,32.0
2026-08-04T10:04:04.411571,1877,0.103,0.001,0.000,31.9
2026-08-04T10:04:04.479400,1878,0.105,0.002,0.000,14.9
2026-08-04T10:04:04.487802,1879,0.105,0.002,0.000,131.7
2026-08-04T10:04:04.548841,1880,0.107,0.001,0.000,16.6
2026-08-04T10:04:04.645682,1881,0.113,0.002,0.000,10.4
2026-08-04T10:04:04.659093,1882,0.115,0.001,0.000,79.5
2026-08-04T10:04:04.712815,1883,0.114,0.001,0.000,18.8
2026-08-04T10:04:04.783534,1884,0.115,0.002,0.000,14.4
2026-08-04T10:04:04.814109,1885,0.115,0.002,0.000,33.7
2026-08-04T10:04:04.845710,1886,0.117,0.002,0.000,32.5
2026-08-04T10:04:04.949135,1887,0.117,0.002,0.000,9.7
2026-08-04T10:04:04.958102,1888,0.120,0.001,0.000,121.9
2026-08-04T10:04:05.013329,1889,0.120,0.001,0.000,18.9
2026-08-04T10:04:05.078455,1890,0.119,0.001,0.000,15.6
2026-08-04T10:04:05.093087,1891,0.118,0.001,0.000,72.1
2026-08-04T10:04:05.145327,1892,0.117,0.001,0.000,19.4
2026-08-04T10:04:05.214920,1893,0.117,0.001,0.000,14.6
2026-08-04T10:04:05.243836,1894,0.121,0.001,0.000,36.7
2026-08-04T10:04:05.280703,1895,0.120,0.001,0.000,27.7
2026-08-04T10:04:05.376725,1896,0.167,0.002,0.000,10.6
2026-08-04T10:04:05.386474,1897,0.213,0.002,0.000,124.5
2026-08-04T10:04:05.444067,1898,0.248,0.003,0.000,17.6
2026-08-04T10:04:05.516698,1899,0.260,0.001,0.000,14.0
2026-08-04T10:04:05.542706,1900,0.290,0.002,0.000,39.9
2026-08-04T10:04:05.576678,1901,0.306,0.002,0.000,30.2
2026-08-04T10:04:05.648633,1902,0.315,0.004,0.000,14.1
2026-08-04T10:04:05.663049,1903,0.315,0.005,0.000,82.4
2026-08-04T10:04:05.715358,1904,0.313,0.007,0.000,19.4
2026-08-04T10:04:05.806777,1905,0.315,0.007,0.000,11.0
2026-08-04T10:04:05.815607,1906,0.315,0.006,0.000,126.7
2026-08-04T10:04:05.876331,1907,0.321,0.006,0.000,17.1
2026-08-04T10:04:05.945047,1908,0.326,0.006,0.000,14.8
2026-08-04T10:04:05.977723,1909,0.322,0.006,0.000,31.4
2026-08-04T10:04:06.014901,1910,0.324,0.006,0.000,27.7
2026-08-04T10:04:06.108119,1911,0.320,0.005,0.000,10.9
2026-08-04T10:04:06.121663,1912,0.326,0.005,0.000,83.1
2026-08-04T10:04:06.178374,1913,0.295,0.006,0.000,17.9
2026-08-04T10:04:06.243269,1914,0.085,0.005,0.000,15.8
2026-08-04T10:04:06.252841,1915,0.066,0.005,0.000,115.9
2026-08-04T10:04:06.304849,1916,0.061,0.007,0.000,19.6
2026-08-04T10:04:06.375300,1917,0.085,0.012,0.000,14.4
2026-08-04T10:04:06.410976,1918,0.217,0.020,0.000,28.7
2026-08-04T10:04:06.444636,1919,0.213,0.010,0.000,30.5
2026-08-04T10:04:06.541376,1920,0.246,0.007,0.000,10.4
2026-08-04T10:04:06.550188,1921,0.200,0.006,0.000,126.0
2026-08-04T10:04:06.606083,1922,0.000,0.000,0.000,18.7
2026-08-04T10:04:06.686905,1923,0.000,0.000,0.000,12.6
2026-08-04T10:04:06.705098,1924,0.000,0.000,0.000,57.4
2026-08-04T10:04:06.739929,1925,0.000,0.000,0.000,29.5
2026-08-04T10:04:06.807617,1926,0.000,0.000,0.000,15.2
2026-08-04T10:04:06.817770,1927,0.000,0.000,0.000,118.6
2026-08-04T10:04:06.875456,1928,0.000,0.000,0.000,17.6
2026-08-04T10:04:06.974326,1929,0.000,0.000,0.000,10.3
2026-08-04T10:04:06.984644,1930,0.000,0.000,0.000,105.4
2026-08-04T10:04:07.039454,1931,0.000,0.000,0.000,18.8
2026-08-04T10:04:07.107932,1932,0.000,0.000,0.000,14.9
2026-08-04T10:04:07.140465,1933,0.000,0.000,0.000,31.5
2026-08-04T10:04:07.168746,1934,0.000,0.000,0.000,37.1
2026-08-04T10:04:07.264596,1935,0.000,0.000,0.000,10.6
2026-08-04T10:04:07.268422,1936,0.000,0.000,0.000,516.2
2026-08-04T10:04:07.332381,1937,0.000,0.000,0.000,15.8
2026-08-04T10:04:07.395932,1938,0.000,0.000,0.000,16.1
2026-08-04T10:04:07.398832,1939,0.000,0.000,0.000,463.9
2026-08-04T10:04:07.464871,1940,0.000,0.000,0.000,15.3
2026-08-04T10:04:07.536153,1941,0.000,0.000,0.000,14.3
2026-08-04T10:04:07.564724,1942,0.000,0.000,0.000,35.9
2026-08-04T10:04:07.601698,1943,0.000,0.000,0.000,28.4
2026-08-04T10:04:07.702121,1944,0.000,0.000,0.000,10.0
2026-08-04T10:04:07.711396,1945,0.000,0.000,0.000,116.7
2026-08-04T10:04:07.772030,1946,0.000,0.000,0.000,16.8
2026-08-04T10:04:07.846383,1947,0.000,0.000,0.000,13.6
2026-08-04T10:04:07.873293,1948,0.292,0.056,0.000,38.4
2026-08-04T10:04:07.905573,1949,0.282,0.011,0.000,32.6
2026-08-04T10:04:07.980842,1950,0.194,0.017,0.000,13.4
2026-08-04T10:04:07.991989,1951,0.069,0.010,0.000,97.5
2026-08-04T10:04:08.041940,1952,0.163,0.008,0.000,20.3
2026-08-04T10:04:08.137318,1953,0.299,0.009,0.000,10.6
2026-08-04T10:04:08.146212,1954,0.311,0.007,0.000,122.9
2026-08-04T10:04:08.204538,1955,0.322,0.004,0.000,17.6
2026-08-04T10:04:08.277906,1956,0.311,0.003,0.000,13.8
2026-08-04T10:04:08.302114,1957,0.300,0.003,0.000,42.7
2026-08-04T10:04:08.341699,1958,0.293,0.003,0.000,25.8
2026-08-04T10:04:08.447851,1959,0.296,0.001,0.000,9.5
2026-08-04T10:04:08.457982,1960,0.298,0.001,0.000,107.3
2026-08-04T10:04:08.505541,1961,0.292,0.001,0.000,21.4
2026-08-04T10:04:08.569739,1962,0.284,0.003,0.000,15.8
2026-08-04T10:04:08.580000,1963,0.274,0.002,0.000,105.8
2026-08-04T10:04:08.636629,1964,0.275,0.002,0.000,18.0
2026-08-04T10:04:08.707904,1965,0.285,0.002,0.000,14.3
2026-08-04T10:04:08.734223,1966,0.283,0.004,0.000,39.1
2026-08-04T10:04:08.772825,1967,0.287,0.002,0.000,26.4
2026-08-04T10:04:08.873731,1968,0.281,0.004,0.000,10.0
2026-08-04T10:04:08.883990,1969,0.285,0.002,0.000,111.0
2026-08-04T10:04:08.937058,1970,0.290,0.004,0.000,19.1
2026-08-04T10:04:09.002836,1971,0.299,0.005,0.000,15.4
2026-08-04T10:04:09.037426,1972,0.304,0.005,0.000,29.6
2026-08-04T10:04:09.069653,1973,0.312,0.005,0.000,32.4
2026-08-04T10:04:09.142788,1974,0.314,0.006,0.000,13.9
2026-08-04T10:04:09.155386,1975,0.314,0.006,0.000,85.2
2026-08-04T10:04:09.205290,1976,0.312,0.005,0.000,20.3
2026-08-04T10:04:09.300771,1977,0.319,0.007,0.000,10.6
2026-08-04T10:04:09.312528,1978,0.324,0.004,0.000,91.7
2026-08-04T10:04:09.369478,1979,0.339,0.002,0.000,17.9
2026-08-04T10:04:09.442684,1980,0.311,0.003,0.000,13.9
2026-08-04T10:04:09.467218,1981,0.128,0.002,0.000,42.1
2026-08-04T10:04:09.504394,1982,0.134,0.003,0.000,27.4
2026-08-04T10:04:09.601926,1983,0.209,0.007,0.000,10.3
2026-08-04T10:04:09.614053,1984,0.244,0.008,0.000,89.9
2026-08-04T10:04:09.667799,1985,0.263,0.003,0.000,18.9
2026-08-04T10:04:09.735424,1986,0.280,0.003,0.000,15.0
2026-08-04T10:04:09.743952,1987,0.306,0.006,0.000,129.6
2026-08-04T10:04:09.799915,1988,0.329,0.007,0.000,18.1
2026-08-04T10:04:09.870223,1989,0.338,0.006,0.000,14.4
2026-08-04T10:04:09.898825,1990,0.349,0.007,0.000,36.0
2026-08-04T10:04:09.935900,1991,0.360,0.005,0.000,27.7
2026-08-04T10:04:10.032399,1992,0.348,0.005,0.000,10.5
2026-08-04T10:04:10.041547,1993,0.356,0.005,0.000,120.2
2026-08-04T10:04:10.099887,1994,0.375,0.005,0.000,17.4
2026-08-04T10:04:10.176478,1995,0.384,0.003,0.000,13.2
2026-08-04T10:04:10.197830,1996,0.398,0.003,0.000,48.7
2026-08-04T10:04:10.232310,1997,0.397,0.004,0.000,29.7
2026-08-04T10:04:10.302933,1998,0.393,0.007,0.000,14.3
2026-08-04T10:04:10.312038,1999,0.398,0.005,0.000,121.6
2026-08-04T10:04:10.368493,2000,0.400,0.005,0.000,18.0
2026-08-04T10:04:10.469170,2001,0.401,0.006,0.000,10.0
2026-08-04T10:04:10.480046,2002,0.398,0.007,0.000,107.9
2026-08-04T10:04:10.533363,2003,0.404,0.006,0.000,19.0
2026-08-04T10:04:10.601419,2004,0.402,0.006,0.000,14.9
2026-08-04T10:04:10.632548,2005,0.400,0.009,0.000,33.0
2026-08-04T10:04:10.669440,2006,0.398,0.015,0.000,27.9
2026-08-04T10:04:10.771583,2007,0.380,0.015,0.000,9.9
2026-08-04T10:04:10.781246,2008,0.324,0.014,0.000,113.9
2026-08-04T10:04:10.833369,2009,0.077,0.037,0.000,19.4
2026-08-04T10:04:10.895515,2010,0.084,0.044,0.000,16.3
2026-08-04T10:04:10.905121,2011,0.121,0.046,0.000,117.3
2026-08-04T10:04:10.964947,2012,0.249,0.061,0.000,16.9
2026-08-04T10:04:11.037585,2013,0.271,0.052,0.000,14.0
2026-08-04T10:04:11.062665,2014,0.289,0.030,0.000,41.9
2026-08-04T10:04:11.099764,2015,0.294,0.017,0.000,27.5
2026-08-04T10:04:11.199697,2016,0.294,0.001,0.000,10.1
2026-08-04T10:04:11.212452,2017,0.286,0.005,0.000,83.4
2026-08-04T10:04:11.265481,2018,0.286,0.005,0.000,19.2
2026-08-04T10:04:11.337816,2019,0.287,0.006,0.000,14.0
2026-08-04T10:04:11.362647,2020,0.284,0.005,0.000,41.6
2026-08-04T10:04:11.396140,2021,0.286,0.004,0.000,30.9
2026-08-04T10:04:11.466784,2022,0.287,0.004,0.000,14.3
2026-08-04T10:04:11.478752,2023,0.286,0.005,0.000,89.2
2026-08-04T10:04:11.530999,2024,0.290,0.004,0.000,19.4
2026-08-04T10:04:11.634368,2025,0.295,0.004,0.000,9.8
2026-08-04T10:04:11.643176,2026,0.298,0.004,0.000,123.6
2026-08-04T10:04:11.698024,2027,0.304,0.004,0.000,18.5
2026-08-04T10:04:11.766976,2028,0.304,0.004,0.000,14.7
2026-08-04T10:04:11.793951,2029,0.308,0.004,0.000,38.3
2026-08-04T10:04:11.832829,2030,0.307,0.003,0.000,26.3
2026-08-04T10:04:11.936277,2031,0.307,0.003,0.000,9.7
2026-08-04T10:04:11.946552,2032,0.308,0.004,0.000,105.0
2026-08-04T10:04:11.997437,2033,0.309,0.003,0.000,20.0
2026-08-04T10:04:12.061199,2034,0.311,0.004,0.000,15.9
2026-08-04T10:04:12.070143,2035,0.312,0.004,0.000,121.9
2026-08-04T10:04:12.128921,2036,0.313,0.004,0.000,17.3
2026-08-04T10:04:12.202614,2037,0.314,0.004,0.000,13.8
2026-08-04T10:04:12.229250,2038,0.309,0.004,0.000,38.7
2026-08-04T10:04:12.265377,2039,0.311,0.004,0.000,28.8
2026-08-04T10:04:12.359457,2040,0.301,0.004,0.000,10.7
2026-08-04T10:04:12.370852,2041,0.282,0.004,0.000,93.7
2026-08-04T10:04:12.430677,2042,0.084,0.003,0.000,17.1
2026-08-04T10:04:12.497438,2043,0.099,0.004,0.000,15.3
2026-08-04T10:04:12.529936,2044,0.177,0.004,0.000,31.5
2026-08-04T10:04:12.561916,2045,0.206,0.004,0.000,32.3
2026-08-04T10:04:12.632672,2046,0.223,0.004,0.000,14.3
2026-08-04T10:04:12.643737,2047,0.229,0.004,0.000,97.1
2026-08-04T10:04:12.698389,2048,0.254,0.004,0.000,18.6
2026-08-04T10:04:12.794695,2049,0.274,0.004,0.000,10.5
2026-08-04T10:04:12.805824,2050,0.279,0.004,0.000,95.9
2026-08-04T10:04:12.861548,2051,0.282,0.003,0.000,18.6
2026-08-04T10:04:12.928660,2052,0.290,0.004,0.000,15.1
2026-08-04T10:04:12.960055,2053,0.295,0.004,0.000,33.7
2026-08-04T10:04:12.997934,2054,0.296,0.005,0.000,27.1
2026-08-04T10:04:13.092131,2055,0.300,0.004,0.000,10.7
2026-08-04T10:04:13.104478,2056,0.294,0.004,0.000,86.6
2026-08-04T10:04:13.162848,2057,0.293,0.005,0.000,17.5
2026-08-04T10:04:13.226992,2058,0.294,0.005,0.000,15.9
2026-08-04T10:04:13.238004,2059,0.291,0.005,0.000,97.4
2026-08-04T10:04:13.294161,2060,0.291,0.005,0.000,18.0
2026-08-04T10:04:13.362845,2061,0.295,0.005,0.000,14.8
2026-08-04T10:04:13.389540,2062,0.298,0.004,0.000,38.5
2026-08-04T10:04:13.427852,2063,0.297,0.004,0.000,26.7
2026-08-04T10:04:13.530150,2064,0.302,0.004,0.000,9.9
2026-08-04T10:04:13.538714,2065,0.299,0.004,0.000,128.1
2026-08-04T10:04:13.593286,2066,0.298,0.004,0.000,18.6
2026-08-04T10:04:13.658708,2067,0.296,0.004,0.000,15.5
2026-08-04T10:04:13.667205,2068,0.296,0.004,0.000,129.7
2026-08-04T10:04:13.724716,2069,0.298,0.004,0.000,17.6
2026-08-04T10:04:13.794069,2070,0.303,0.004,0.000,14.6
2026-08-04T10:04:13.804402,2071,0.309,0.004,0.000,104.2
2026-08-04T10:04:13.859891,2072,0.305,0.004,0.000,18.3
2026-08-04T10:04:13.960206,2073,0.311,0.004,0.000,10.1
2026-08-04T10:04:13.969942,2074,0.310,0.003,0.000,111.0
2026-08-04T10:04:14.025056,2075,0.312,0.004,0.000,18.4
2026-08-04T10:04:14.094806,2076,0.311,0.004,0.000,14.5
2026-08-04T10:04:14.123663,2077,0.311,0.004,0.000,35.6
2026-08-04T10:04:14.160501,2078,0.308,0.004,0.000,28.3
2026-08-04T10:04:14.256366,2079,0.305,0.004,0.000,10.5
2026-08-04T10:04:14.265224,2080,0.304,0.005,0.000,122.7
2026-08-04T10:04:14.324266,2081,0.303,0.005,0.000,17.2
2026-08-04T10:04:14.390819,2082,0.304,0.004,0.000,15.3
2026-08-04T10:04:14.401764,2083,0.306,0.004,0.000,99.1
2026-08-04T10:04:14.457610,2084,0.306,0.004,0.000,18.2
2026-08-04T10:04:14.524497,2085,0.306,0.004,0.000,15.2
2026-08-04T10:04:14.555933,2086,0.306,0.004,0.000,32.6
2026-08-04T10:04:14.594141,2087,0.307,0.004,0.000,26.8
2026-08-04T10:04:14.697008,2088,0.308,0.004,0.000,9.8
2026-08-04T10:04:14.708146,2089,0.308,0.004,0.000,98.0
2026-08-04T10:04:14.756712,2090,0.310,0.004,0.000,20.9
2026-08-04T10:04:14.828636,2091,0.312,0.004,0.000,14.1
2026-08-04T10:04:14.854679,2092,0.317,0.004,0.000,39.6
2026-08-04T10:04:14.889026,2093,0.321,0.004,0.000,29.7
2026-08-04T10:04:14.962660,2094,0.327,0.004,0.000,13.7
2026-08-04T10:04:14.971488,2095,0.333,0.004,0.000,126.0
2026-08-04T10:04:15.025069,2096,0.338,0.004,0.000,19.6
2026-08-04T10:04:15.122621,2097,0.339,0.004,0.000,10.4
2026-08-04T10:04:15.131647,2098,0.340,0.004,0.000,120.6
2026-08-04T10:04:15.190543,2099,0.336,0.004,0.000,17.2
2026-08-04T10:04:15.256973,2100,0.335,0.004,0.000,15.4
2026-08-04T10:04:15.287928,2101,0.343,0.004,0.000,33.2
2026-08-04T10:04:15.325164,2102,0.348,0.004,0.000,27.5
2026-08-04T10:04:15.431983,2103,0.348,0.004,0.000,9.4
2026-08-04T10:04:15.445368,2104,0.352,0.005,0.000,79.4
2026-08-04T10:04:15.488869,2105,0.342,0.004,0.000,23.3
2026-08-04T10:04:15.557217,2106,0.335,0.005,0.000,14.9
2026-08-04T10:04:15.567989,2107,0.332,0.006,0.000,101.2
2026-08-04T10:04:15.621863,2108,0.332,0.005,0.000,18.8
2026-08-04T10:04:15.697654,2109,0.327,0.004,0.000,13.4
2026-08-04T10:04:15.718186,2110,0.328,0.004,0.000,50.6
2026-08-04T10:04:15.758482,2111,0.328,0.004,0.000,25.6
2026-08-04T10:04:15.853078,2112,0.326,0.004,0.000,10.6
2026-08-04T10:04:15.863245,2113,0.325,0.004,0.000,106.3
2026-08-04T10:04:15.922979,2114,0.324,0.004,0.000,17.0
2026-08-04T10:04:15.994273,2115,0.324,0.004,0.000,14.4
2026-08-04T10:04:16.016734,2116,0.322,0.004,0.000,45.9
2026-08-04T10:04:16.053886,2117,0.321,0.004,0.000,27.6
2026-08-04T10:04:16.117853,2118,0.317,0.004,0.000,15.8
2026-08-04T10:04:16.131128,2119,0.311,0.004,0.000,94.1
2026-08-04T10:04:16.191251,2120,0.276,0.005,0.000,17.0
2026-08-04T10:04:16.285722,2121,0.269,0.005,0.000,10.7
2026-08-04T10:04:16.294310,2122,0.275,0.005,0.000,127.9
2026-08-04T10:04:16.353405,2123,0.282,0.004,0.000,17.1
2026-08-04T10:04:16.424831,2124,0.281,0.004,0.000,14.2
2026-08-04T10:04:16.453420,2125,0.239,0.005,0.000,36.4
2026-08-04T10:04:16.489135,2126,0.231,0.005,0.000,28.9
2026-08-04T10:04:16.582120,2127,0.232,0.005,0.000,10.9
2026-08-04T10:04:16.590729,2128,0.229,0.005,0.000,127.2
2026-08-04T10:04:16.652719,2129,0.232,0.004,0.000,16.4
2026-08-04T10:04:16.716597,2130,0.233,0.005,0.000,15.9
2026-08-04T10:04:16.724905,2131,0.232,0.004,0.000,132.0
2026-08-04T10:04:16.786702,2132,0.231,0.004,0.000,16.7
2026-08-04T10:04:16.857645,2133,0.234,0.004,0.000,14.3
2026-08-04T10:04:16.882169,2134,0.233,0.004,0.000,42.2
2026-08-04T10:04:16.917842,2135,0.234,0.004,0.000,28.7
2026-08-04T10:04:17.016484,2136,0.235,0.004,0.000,10.2
2026-08-04T10:04:17.026182,2137,0.235,0.004,0.000,112.8
2026-08-04T10:04:17.083894,2138,0.235,0.004,0.000,17.5
2026-08-04T10:04:17.151440,2139,0.235,0.004,0.000,15.0
2026-08-04T10:04:17.184221,2140,0.234,0.004,0.000,31.2
2026-08-04T10:04:17.220389,2141,0.234,0.004,0.000,28.4
2026-08-04T10:04:17.285210,2142,0.234,0.004,0.000,15.6
2026-08-04T10:04:17.293845,2143,0.234,0.004,0.000,127.8
2026-08-04T10:04:17.352595,2144,0.236,0.004,0.000,17.2
2026-08-04T10:04:17.454441,2145,0.238,0.004,0.000,9.9
2026-08-04T10:04:17.464832,2146,0.238,0.004,0.000,106.3
2026-08-04T10:04:17.516192,2147,0.238,0.004,0.000,19.8
2026-08-04T10:04:17.584224,2148,0.238,0.004,0.000,14.9
2026-08-04T10:04:17.615401,2149,0.242,0.004,0.000,32.9
2026-08-04T10:04:17.651934,2150,0.244,0.004,0.000,27.9
2026-08-04T10:04:17.750996,2151,0.252,0.004,0.000,10.2
2026-08-04T10:04:17.761545,2152,0.254,0.004,0.000,110.4
2026-08-04T10:04:17.815866,2153,0.253,0.004,0.000,18.8
2026-08-04T10:04:17.880422,2154,0.253,0.004,0.000,15.7
2026-08-04T10:04:17.890052,2155,0.253,0.004,0.000,112.3
2026-08-04T10:04:17.948790,2156,0.254,0.004,0.000,17.2
2026-08-04T10:04:18.018669,2157,0.254,0.005,0.000,14.5
2026-08-04T10:04:18.047173,2158,0.256,0.005,0.000,36.1
2026-08-04T10:04:18.083738,2159,0.258,0.005,0.000,27.8
2026-08-04T10:04:18.181454,2160,0.253,0.005,0.000,10.3
2026-08-04T10:04:18.190722,2161,0.253,0.005,0.000,117.7
2026-08-04T10:04:18.251017,2162,0.234,0.005,0.000,16.9
2026-08-04T10:04:18.317910,2163,0.230,0.005,0.000,15.1
2026-08-04T10:04:18.349533,2164,0.233,0.006,0.000,32.4
2026-08-04T10:04:18.382620,2165,0.236,0.006,0.000,31.1
2026-08-04T10:04:18.451909,2166,0.236,0.006,0.000,14.7
2026-08-04T10:04:18.462050,2167,0.237,0.006,0.000,111.4
2026-08-04T10:04:18.517343,2168,0.235,0.006,0.000,18.3
2026-08-04T10:04:18.610613,2169,0.235,0.006,0.000,10.8
2026-08-04T10:04:18.619024,2170,0.236,0.006,0.000,130.6
2026-08-04T10:04:18.683080,2171,0.237,0.006,0.000,15.8
2026-08-04T10:04:18.749480,2172,0.237,0.006,0.000,15.4
2026-08-04T10:04:18.780363,2173,0.239,0.006,0.000,33.5
2026-08-04T10:04:18.819384,2174,0.240,0.006,0.000,26.2
2026-08-04T10:04:18.917116,2175,0.238,0.006,0.000,10.3
2026-08-04T10:04:18.929089,2176,0.238,0.006,0.000,94.0
2026-08-04T10:04:18.980852,2177,0.237,0.006,0.000,19.6
2026-08-04T10:04:19.048907,2178,0.238,0.006,0.000,14.9
2026-08-04T10:04:19.060880,2179,0.238,0.006,0.000,90.3
2026-08-04T10:04:19.112233,2180,0.237,0.006,0.000,19.8
2026-08-04T10:04:19.185724,2181,0.238,0.006,0.000,13.8
2026-08-04T10:04:19.212120,2182,0.237,0.006,0.000,40.6
2026-08-04T10:04:19.251933,2183,0.236,0.006,0.000,25.5
2026-08-04T10:04:19.345069,2184,0.067,0.007,0.000,10.8
2026-08-04T10:04:19.358318,2185,0.036,0.007,0.000,79.7
2026-08-04T10:04:19.412755,2186,0.034,0.007,0.000,18.6
2026-08-04T10:04:19.489204,2187,0.039,0.008,0.000,13.3
2026-08-04T10:04:19.511767,2188,0.054,0.007,0.000,46.2
2026-08-04T10:04:19.544846,2189,0.056,0.007,0.000,31.0
2026-08-04T10:04:19.615623,2190,0.064,0.007,0.000,14.3
2026-08-04T10:04:19.626404,2191,0.066,0.007,0.000,99.5
2026-08-04T10:04:19.683139,2192,0.071,0.007,0.000,18.0
2026-08-04T10:04:19.775114,2193,0.069,0.006,0.000,11.0
2026-08-04T10:04:19.784074,2194,0.084,0.006,0.000,121.1
2026-08-04T10:04:19.841648,2195,0.088,0.006,0.000,17.7
2026-08-04T10:04:19.918578,2196,0.090,0.006,0.000,13.1
2026-08-04T10:04:19.947294,2197,0.092,0.006,0.000,36.6
2026-08-04T10:04:19.982777,2198,0.105,0.006,0.000,29.0
2026-08-04T10:04:20.076607,2199,0.123,0.006,0.000,10.7
2026-08-04T10:04:20.086826,2200,0.135,0.006,0.000,105.7
2026-08-04T10:04:20.144615,2201,0.157,0.006,0.000,17.5
2026-08-04T10:04:20.207487,2202,0.167,0.006,0.000,16.2
2026-08-04T10:04:20.216958,2203,0.179,0.006,0.000,118.2
2026-08-04T10:04:20.277056,2204,0.188,0.006,0.000,16.8
2026-08-04T10:04:20.343298,2205,0.190,0.006,0.000,15.3
2026-08-04T10:04:20.379730,2206,0.197,0.006,0.000,28.0
2026-08-04T10:04:20.411786,2207,0.203,0.006,0.000,32.0
2026-08-04T10:04:20.509448,2208,0.204,0.006,0.000,10.3
2026-08-04T10:04:20.520539,2209,0.204,0.006,0.000,97.0
2026-08-04T10:04:20.576051,2210,0.206,0.006,0.000,18.3
2026-08-04T10:04:20.643424,2211,0.204,0.006,0.000,15.1
2026-08-04T10:04:20.677247,2212,0.207,0.007,0.000,30.2
2026-08-04T10:04:20.708162,2213,0.205,0.007,0.000,33.8
2026-08-04T10:04:20.776115,2214,0.206,0.007,0.000,14.9
2026-08-04T10:04:20.787912,2215,0.203,0.007,0.000,96.5
2026-08-04T10:04:20.845239,2216,0.202,0.006,0.000,17.8
2026-08-04T10:04:20.956368,2217,0.205,0.006,0.000,9.1
2026-08-04T10:04:20.966091,2218,0.204,0.006,0.000,120.9
2026-08-04T10:04:21.008456,2219,0.207,0.006,0.000,24.0
2026-08-04T10:04:21.081267,2220,0.209,0.006,0.000,13.9
2026-08-04T10:04:21.107992,2221,0.211,0.006,0.000,38.5
2026-08-04T10:04:21.143822,2222,0.213,0.006,0.000,28.7
2026-08-04T10:04:21.242559,2223,0.215,0.006,0.000,10.3
2026-08-04T10:04:21.251030,2224,0.216,0.006,0.000,129.9
2026-08-04T10:04:21.308829,2225,0.213,0.006,0.000,17.7
2026-08-04T10:04:21.371568,2226,0.214,0.006,0.000,16.2
2026-08-04T10:04:21.383477,2227,0.214,0.006,0.000,90.1
2026-08-04T10:04:21.436801,2228,0.198,0.006,0.000,19.0
2026-08-04T10:04:21.509740,2229,0.190,0.006,0.000,13.9
2026-08-04T10:04:21.539586,2230,0.215,0.005,0.000,34.5
2026-08-04T10:04:21.577400,2231,0.223,0.005,0.000,27.0
2026-08-04T10:04:21.672841,2232,0.241,0.005,0.000,10.6
2026-08-04T10:04:21.682972,2233,0.251,0.005,0.000,106.9
2026-08-04T10:04:21.740108,2234,0.266,0.005,0.000,17.8
2026-08-04T10:04:21.816298,2235,0.272,0.005,0.000,13.3
2026-08-04T10:04:21.838694,2236,0.279,0.005,0.000,46.3
2026-08-04T10:04:21.871683,2237,0.279,0.005,0.000,30.9
2026-08-04T10:04:21.945141,2238,0.281,0.005,0.000,13.8
2026-08-04T10:04:21.954914,2239,0.283,0.005,0.000,113.0
2026-08-04T10:04:22.008670,2240,0.281,0.005,0.000,18.9
2026-08-04T10:04:22.109337,2241,0.280,0.005,0.000,10.0
2026-08-04T10:04:22.118299,2242,0.281,0.005,0.000,121.7
2026-08-04T10:04:22.172331,2243,0.283,0.005,0.000,18.7
2026-08-04T10:04:22.245972,2244,0.283,0.005,0.000,13.8
2026-08-04T10:04:22.270705,2245,0.285,0.005,0.000,41.9
2026-08-04T10:04:22.308347,2246,0.285,0.005,0.000,27.1
2026-08-04T10:04:22.408503,2247,0.285,0.005,0.000,10.1
2026-08-04T10:04:22.420927,2248,0.285,0.005,0.000,85.5
2026-08-04T10:04:22.472947,2249,0.257,0.005,0.000,19.5
2026-08-04T10:04:22.538983,2250,0.190,0.005,0.000,15.5
2026-08-04T10:04:22.549162,2251,0.062,0.005,0.000,105.6
2026-08-04T10:04:22.605468,2252,0.035,0.005,0.000,18.0
2026-08-04T10:04:22.679036,2253,0.034,0.005,0.000,13.9
2026-08-04T10:04:22.701182,2254,0.030,0.005,0.000,46.9
2026-08-04T10:04:22.741575,2255,0.032,0.005,0.000,25.1
2026-08-04T10:04:22.837115,2256,0.029,0.005,0.000,10.6
2026-08-04T10:04:22.849940,2257,0.032,0.005,0.000,82.8
2026-08-04T10:04:22.906192,2258,0.031,0.005,0.000,18.1
2026-08-04T10:04:22.974366,2259,0.034,0.005,0.000,14.9
2026-08-04T10:04:23.001859,2260,0.037,0.005,0.000,37.4
2026-08-04T10:04:23.036896,2261,0.038,0.005,0.000,29.2
2026-08-04T10:04:23.104725,2262,0.038,0.005,0.000,14.9
2026-08-04T10:04:23.113764,2263,0.037,0.005,0.000,121.2
2026-08-04T10:04:23.175609,2264,0.039,0.005,0.000,16.4
2026-08-04T10:04:23.270010,2265,0.038,0.005,0.000,10.8
2026-08-04T10:04:23.278194,2266,0.038,0.006,0.000,133.8
2026-08-04T10:04:23.338445,2267,0.040,0.006,0.000,17.1
2026-08-04T10:04:23.406928,2268,0.040,0.006,0.000,14.8
2026-08-04T10:04:23.435407,2269,0.039,0.006,0.000,36.5
2026-08-04T10:04:23.474767,2270,0.041,0.006,0.000,26.2
2026-08-04T10:04:23.567201,2271,0.039,0.006,0.000,11.0
2026-08-04T10:04:23.575786,2272,0.040,0.006,0.000,127.6
2026-08-04T10:04:23.637912,2273,0.040,0.006,0.000,16.7
2026-08-04T10:04:23.700750,2274,0.039,0.006,0.000,16.2
2026-08-04T10:04:23.710771,2275,0.039,0.006,0.000,108.8
2026-08-04T10:04:23.770040,2276,0.038,0.006,0.000,17.2
2026-08-04T10:04:23.844304,2277,0.039,0.006,0.000,13.7
2026-08-04T10:04:23.866833,2278,0.041,0.006,0.000,45.9
2026-08-04T10:04:23.904781,2279,0.042,0.006,0.000,27.1
2026-08-04T10:04:24.001282,2280,0.049,0.006,0.000,10.5
2026-08-04T10:04:24.012326,2281,0.059,0.006,0.000,97.0
2026-08-04T10:04:24.069285,2282,0.080,0.006,0.000,17.9
2026-08-04T10:04:24.136021,2283,0.088,0.006,0.000,15.2
2026-08-04T10:04:24.170487,2284,0.087,0.006,0.000,29.7
2026-08-04T10:04:24.201197,2285,0.085,0.006,0.000,34.0
2026-08-04T10:04:24.268519,2286,0.085,0.006,0.000,15.0
2026-08-04T10:04:24.280893,2287,0.086,0.006,0.000,85.8
2026-08-04T10:04:24.338702,2288,0.085,0.006,0.000,17.7
2026-08-04T10:04:24.441739,2289,0.077,0.006,0.000,9.8
2026-08-04T10:04:24.454085,2290,0.074,0.006,0.000,90.7
2026-08-04T10:04:24.502827,2291,0.072,0.005,0.000,20.8
2026-08-04T10:04:24.566765,2292,0.071,0.005,0.000,15.9
2026-08-04T10:04:24.599760,2293,0.072,0.005,0.000,31.0
2026-08-04T10:04:24.637357,2294,0.070,0.005,0.000,27.1
2026-08-04T10:04:24.736184,2295,0.070,0.005,0.000,10.2
2026-08-04T10:04:24.749509,2296,0.072,0.006,0.000,83.3
2026-08-04T10:04:24.801267,2297,0.068,0.006,0.000,19.7
2026-08-04T10:04:24.870720,2298,0.068,0.006,0.000,14.6
2026-08-04T10:04:24.880943,2299,0.066,0.006,0.000,106.4
2026-08-04T10:04:24.936442,2300,0.070,0.006,0.000,18.8
2026-08-04T10:04:24.999802,2301,0.069,0.006,0.000,16.1
2026-08-04T10:04:25.032691,2302,0.064,0.006,0.000,31.1
2026-08-04T10:04:25.069926,2303,0.063,0.006,0.000,27.4
2026-08-04T10:04:25.170868,2304,0.063,0.006,0.000,10.0
2026-08-04T10:04:25.183611,2305,0.064,0.006,0.000,88.0
2026-08-04T10:04:25.234148,2306,0.063,0.006,0.000,20.2
2026-08-04T10:04:25.300677,2307,0.063,0.006,0.000,15.3
2026-08-04T10:04:25.333129,2308,0.062,0.006,0.000,31.5
2026-08-04T10:04:25.366729,2309,0.064,0.006,0.000,30.6
2026-08-04T10:04:25.442783,2310,0.067,0.006,0.000,13.4
2026-08-04T10:04:25.454110,2311,0.126,0.006,0.000,102.5
2026-08-04T10:04:25.499877,2312,0.212,0.006,0.000,22.3
2026-08-04T10:04:25.597817,2313,0.265,0.005,0.000,10.3
2026-08-04T10:04:25.606335,2314,0.280,0.005,0.000,128.0
2026-08-04T10:04:25.664608,2315,0.289,0.005,0.000,17.4
2026-08-04T10:04:25.733830,2316,0.293,0.005,0.000,14.6
2026-08-04T10:04:25.764622,2317,0.296,0.005,0.000,34.5
2026-08-04T10:04:25.800427,2318,0.296,0.005,0.000,28.6
2026-08-04T10:04:25.897180,2319,0.297,0.005,0.000,10.4
2026-08-04T10:04:25.906234,2320,0.296,0.005,0.000,119.8
2026-08-04T10:04:25.964005,2321,0.295,0.005,0.000,17.5
2026-08-04T10:04:26.028894,2322,0.295,0.005,0.000,15.6
2026-08-04T10:04:26.037512,2323,0.293,0.005,0.000,126.4
2026-08-04T10:04:26.095890,2324,0.295,0.005,0.000,17.4
2026-08-04T10:04:26.167015,2325,0.295,0.005,0.000,14.3
2026-08-04T10:04:26.195865,2326,0.295,0.005,0.000,35.7
2026-08-04T10:04:26.232214,2327,0.294,0.005,0.000,28.2
2026-08-04T10:04:26.326517,2328,0.293,0.005,0.000,10.7
2026-08-04T10:04:26.335289,2329,0.292,0.005,0.000,124.1
2026-08-04T10:04:26.397353,2330,0.223,0.005,0.000,16.3
2026-08-04T10:04:26.465649,2331,0.110,0.005,0.000,14.9
2026-08-04T10:04:26.497071,2332,0.049,0.005,0.000,32.8
2026-08-04T10:04:26.528693,2333,0.051,0.005,0.000,32.5
2026-08-04T10:04:26.597383,2334,0.056,0.006,0.000,14.7
2026-08-04T10:04:26.608247,2335,0.065,0.005,0.000,99.4
2026-08-04T10:04:26.666624,2336,0.077,0.006,0.000,17.3
2026-08-04T10:04:26.759424,2337,0.086,0.006,0.000,11.0
2026-08-04T10:04:26.767888,2338,0.088,0.006,0.000,129.1
2026-08-04T10:04:26.829102,2339,0.091,0.006,0.000,16.9
2026-08-04T10:04:26.899315,2340,0.091,0.006,0.000,14.5
2026-08-04T10:04:26.928505,2341,0.088,0.006,0.000,35.2
2026-08-04T10:04:26.967050,2342,0.087,0.006,0.000,26.5
2026-08-04T10:04:27.059853,2343,0.088,0.006,0.000,10.9
2026-08-04T10:04:27.071154,2344,0.088,0.006,0.000,132.1
2026-08-04T10:04:27.129442,2345,0.088,0.006,0.000,17.4
2026-08-04T10:04:27.202021,2346,0.086,0.006,0.000,13.9
2026-08-04T10:04:27.213725,2347,0.087,0.006,0.000,92.4
2026-08-04T10:04:27.261158,2348,0.085,0.006,0.000,21.4
2026-08-04T10:04:27.328988,2349,0.083,0.006,0.000,15.0
2026-08-04T10:04:27.362163,2350,0.083,0.006,0.000,30.8
2026-08-04T10:04:27.399602,2351,0.085,0.006,0.000,27.5
2026-08-04T10:04:27.491505,2352,0.086,0.006,0.000,11.0
2026-08-04T10:04:27.502701,2353,0.086,0.006,0.000,95.6
2026-08-04T10:04:27.561492,2354,0.086,0.005,0.000,17.3
2026-08-04T10:04:27.634886,2355,0.089,0.006,0.000,13.8
2026-08-04T10:04:27.658943,2356,0.090,0.006,0.000,42.9
2026-08-04T10:04:27.693143,2357,0.089,0.006,0.000,30.0
2026-08-04T10:04:27.761362,2358,0.087,0.006,0.000,14.9
2026-08-04T10:04:27.771941,2359,0.088,0.006,0.000,103.4
2026-08-04T10:04:27.830534,2360,0.091,0.006,0.000,17.4
2026-08-04T10:04:27.930645,2361,0.093,0.006,0.000,10.1
2026-08-04T10:04:27.943839,2362,0.092,0.006,0.000,88.1
2026-08-04T10:04:27.993205,2363,0.088,0.006,0.000,20.6
2026-08-04T10:04:28.063460,2364,0.087,0.006,0.000,14.4
2026-08-04T10:04:28.090321,2365,0.084,0.006,0.000,38.3
2026-08-04T10:04:28.129518,2366,0.081,0.006,0.000,26.2
2026-08-04T10:04:28.229250,2367,0.076,0.006,0.000,10.1
2026-08-04T10:04:28.238772,2368,0.079,0.006,0.000,114.0
2026-08-04T10:04:28.294465,2369,0.089,0.006,0.000,18.2
2026-08-04T10:04:28.356324,2370,0.099,0.006,0.000,16.5
2026-08-04T10:04:28.368339,2371,0.119,0.006,0.000,89.3
2026-08-04T10:04:28.426958,2372,0.160,0.006,0.000,17.4
2026-08-04T10:04:28.497994,2373,0.173,0.006,0.000,14.3
2026-08-04T10:04:28.523000,2374,0.197,0.006,0.000,41.4
2026-08-04T10:04:28.561840,2375,0.205,0.006,0.000,26.3
2026-08-04T10:04:28.657567,2376,0.211,0.005,0.000,10.6
2026-08-04T10:04:28.666634,2377,0.217,0.005,0.000,121.5
2026-08-04T10:04:28.725115,2378,0.225,0.005,0.000,17.7
2026-08-04T10:04:28.791745,2379,0.224,0.005,0.000,15.3
2026-08-04T10:04:28.824899,2380,0.227,0.005,0.000,31.9
2026-08-04T10:04:28.856194,2381,0.227,0.005,0.000,33.0
2026-08-04T10:04:28.929068,2382,0.227,0.005,0.000,14.0
2026-08-04T10:04:28.941343,2383,0.229,0.005,0.000,87.3
2026-08-04T10:04:28.993448,2384,0.223,0.005,0.000,19.5
2026-08-04T10:04:29.094524,2385,0.217,0.005,0.000,10.0
2026-08-04T10:04:29.104098,2386,0.213,0.005,0.000,114.3
2026-08-04T10:04:29.157022,2387,0.213,0.005,0.000,19.2
2026-08-04T10:04:29.228582,2388,0.215,0.005,0.000,14.2
2026-08-04T10:04:29.255421,2389,0.224,0.005,0.000,38.3
2026-08-04T10:04:29.293121,2390,0.226,0.005,0.000,27.2
2026-08-04T10:04:29.389952,2391,0.229,0.005,0.000,10.5
2026-08-04T10:04:29.399370,2392,0.234,0.005,0.000,115.8
2026-08-04T10:04:29.458438,2393,0.238,0.005,0.000,17.2
2026-08-04T10:04:29.521962,2394,0.240,0.005,0.000,16.0
2026-08-04T10:04:29.531691,2395,0.241,0.005,0.000,111.8
2026-08-04T10:04:29.588379,2396,0.243,0.005,0.000,17.9
2026-08-04T10:04:29.659498,2397,0.244,0.005,0.000,14.2
2026-08-04T10:04:29.686211,2398,0.132,0.006,0.000,38.4
2026-08-04T10:04:29.725525,2399,0.089,0.006,0.000,25.8
2026-08-04T10:04:29.825831,2400,0.122,0.007,0.000,10.0
2026-08-04T10:04:29.834914,2401,0.174,0.006,0.000,120.5
2026-08-04T10:04:29.888056,2402,0.243,0.006,0.000,19.1
2026-08-04T10:04:29.960732,2403,0.268,0.006,0.000,13.9
2026-08-04T10:04:29.985646,2404,0.282,0.005,0.000,41.5
2026-08-04T10:04:30.019772,2405,0.285,0.005,0.000,30.0
2026-08-04T10:04:30.093969,2406,0.289,0.005,0.000,13.6
2026-08-04T10:04:30.103027,2407,0.294,0.004,0.000,121.0
2026-08-04T10:04:30.157147,2408,0.296,0.004,0.000,18.7
2026-08-04T10:04:30.256646,2409,0.303,0.005,0.000,10.2
2026-08-04T10:04:30.265914,2410,0.311,0.005,0.000,119.7
2026-08-04T10:04:30.322672,2411,0.321,0.005,0.000,17.9
2026-08-04T10:04:30.388044,2412,0.329,0.005,0.000,15.5
2026-08-04T10:04:30.422886,2413,0.339,0.005,0.000,29.3
2026-08-04T10:04:30.456951,2414,0.344,0.005,0.000,30.1
2026-08-04T10:04:30.551888,2415,0.355,0.005,0.000,10.7
2026-08-04T10:04:30.559956,2416,0.361,0.005,0.000,136.9
2026-08-04T10:04:30.621211,2417,0.376,0.004,0.000,16.7
2026-08-04T10:04:30.696360,2418,0.381,0.004,0.000,13.5
2026-08-04T10:04:30.707004,2419,0.383,0.005,0.000,107.9
2026-08-04T10:04:30.753158,2420,0.364,0.004,0.000,22.1
2026-08-04T10:04:30.822606,2421,0.357,0.006,0.000,14.6
2026-08-04T10:04:30.852499,2422,0.295,0.005,0.000,34.4
2026-08-04T10:04:30.888167,2423,0.114,0.008,0.000,28.6
2026-08-04T10:04:30.986905,2424,0.081,0.006,0.000,10.2
2026-08-04T10:04:30.997758,2425,0.139,0.006,0.000,99.3
2026-08-04T10:04:31.052638,2426,0.211,0.006,0.000,18.4
2026-08-04T10:04:31.121574,2427,0.232,0.006,0.000,14.7
2026-08-04T10:04:31.152666,2428,0.246,0.004,0.000,33.1
2026-08-04T10:04:31.185976,2429,0.259,0.005,0.000,30.8
2026-08-04T10:04:31.255755,2430,0.268,0.004,0.000,14.5
2026-08-04T10:04:31.266326,2431,0.270,0.004,0.000,101.9
2026-08-04T10:04:31.320400,2432,0.259,0.004,0.000,19.0
2026-08-04T10:04:31.415089,2433,0.257,0.003,0.000,10.7
2026-08-04T10:04:31.428588,2434,0.259,0.003,0.000,78.7
2026-08-04T10:04:31.482843,2435,0.258,0.003,0.000,18.7
2026-08-04T10:04:31.556251,2436,0.256,0.004,0.000,13.8
2026-08-04T10:04:31.583323,2437,0.252,0.003,0.000,38.2
2026-08-04T10:04:31.622332,2438,0.250,0.003,0.000,26.2
2026-08-04T10:04:31.722688,2439,0.249,0.003,0.000,10.0
2026-08-04T10:04:31.732401,2440,0.250,0.003,0.000,114.3
2026-08-04T10:04:31.785471,2441,0.250,0.003,0.000,19.1
2026-08-04T10:04:31.851304,2442,0.252,0.002,0.000,15.5
2026-08-04T10:04:31.863207,2443,0.256,0.002,0.000,89.4
2026-08-04T10:04:31.918075,2444,0.261,0.002,0.000,18.7
2026-08-04T10:04:31.986090,2445,0.264,0.002,0.000,15.2
2026-08-04T10:04:32.017463,2446,0.270,0.004,0.000,32.6
2026-08-04T10:04:32.052126,2447,0.272,0.003,0.000,29.6
2026-08-04T10:04:32.148870,2448,0.274,0.002,0.000,10.4
2026-08-04T10:04:32.160233,2449,0.274,0.003,0.000,95.0
2026-08-04T10:04:32.216627,2450,0.270,0.002,0.000,18.0
2026-08-04T10:04:32.286977,2451,0.270,0.003,0.000,14.4
2026-08-04T10:04:32.316597,2452,0.271,0.003,0.000,34.7
2026-08-04T10:04:32.350350,2453,0.274,0.003,0.000,30.8
2026-08-04T10:04:32.421766,2454,0.274,0.003,0.000,14.2
2026-08-04T10:04:32.435465,2455,0.276,0.003,0.000,82.5
2026-08-04T10:04:32.486927,2456,0.274,0.003,0.000,19.7
2026-08-04T10:04:32.583120,2457,0.274,0.003,0.000,10.5
2026-08-04T10:04:32.595792,2458,0.275,0.003,0.000,84.4
2026-08-04T10:04:32.650354,2459,0.275,0.002,0.000,18.7
2026-08-04T10:04:32.718939,2460,0.275,0.003,0.000,14.8
2026-08-04T10:04:32.750085,2461,0.274,0.003,0.000,32.9
2026-08-04T10:04:32.784996,2462,0.275,0.003,0.000,29.4
2026-08-04T10:04:32.882657,2463,0.274,0.003,0.000,10.3
2026-08-04T10:04:32.895945,2464,0.276,0.003,0.000,80.0
2026-08-04T10:04:32.954384,2465,0.276,0.003,0.000,17.3
2026-08-04T10:04:33.013949,2466,0.277,0.003,0.000,17.1
2026-08-04T10:04:33.023077,2467,0.278,0.003,0.000,118.9
2026-08-04T10:04:33.082807,2468,0.279,0.003,0.000,17.0
2026-08-04T10:04:33.148976,2469,0.278,0.003,0.000,15.3
2026-08-04T10:04:33.181387,2470,0.279,0.003,0.000,31.6
2026-08-04T10:04:33.218324,2471,0.278,0.003,0.000,28.0
2026-08-04T10:04:33.311807,2472,0.279,0.003,0.000,10.8
2026-08-04T10:04:33.319626,2473,0.281,0.003,0.000,141.2
2026-08-04T10:04:33.380865,2474,0.282,0.003,0.000,16.5
2026-08-04T10:04:33.453935,2475,0.281,0.003,0.000,13.9
2026-08-04T10:04:33.479438,2476,0.281,0.003,0.000,40.5
2026-08-04T10:04:33.513164,2477,0.281,0.003,0.000,30.6
2026-08-04T10:04:33.579289,2478,0.282,0.003,0.000,15.4
2026-08-04T10:04:33.588456,2479,0.282,0.003,0.000,121.2
2026-08-04T10:04:33.647859,2480,0.283,0.003,0.000,17.5
2026-08-04T10:04:33.747832,2481,0.284,0.003,0.000,10.1
2026-08-04T10:04:33.758028,2482,0.283,0.003,0.000,118.1
2026-08-04T10:04:33.811946,2483,0.283,0.003,0.000,18.9
2026-08-04T10:04:33.884701,2484,0.282,0.003,0.000,14.0
2026-08-04T10:04:33.911585,2485,0.283,0.003,0.000,38.3
2026-08-04T10:04:33.947665,2486,0.283,0.003,0.000,28.4
2026-08-04T10:04:34.046708,2487,0.284,0.003,0.000,10.2
2026-08-04T10:04:34.056355,2488,0.285,0.003,0.000,113.3
2026-08-04T10:04:34.111830,2489,0.285,0.003,0.000,18.2
2026-08-04T10:04:34.179229,2490,0.285,0.003,0.000,15.1
2026-08-04T10:04:34.188794,2491,0.285,0.003,0.000,113.9
2026-08-04T10:04:34.244304,2492,0.285,0.003,0.000,18.3
2026-08-04T10:04:34.313627,2493,0.285,0.003,0.000,14.6
2026-08-04T10:04:34.343460,2494,0.286,0.003,0.000,34.4
2026-08-04T10:04:34.380907,2495,0.286,0.003,0.000,27.2
2026-08-04T10:04:34.482285,2496,0.286,0.003,0.000,9.9
2026-08-04T10:04:34.491275,2497,0.287,0.003,0.000,121.9
2026-08-04T10:04:34.545688,2498,0.287,0.003,0.000,18.6
2026-08-04T10:04:34.611522,2499,0.287,0.003,0.000,15.4
2026-08-04T10:04:34.646024,2500,0.287,0.003,0.000,29.6
2026-08-04T10:04:34.679751,2501,0.286,0.003,0.000,30.4
2026-08-04T10:04:34.751167,2502,0.285,0.003,0.000,14.2
2026-08-04T10:04:34.761574,2503,0.282,0.003,0.000,104.1
2026-08-04T10:04:34.812062,2504,0.281,0.003,0.000,20.2
2026-08-04T10:04:34.906897,2505,0.281,0.003,0.000,10.7
2026-08-04T10:04:34.917521,2506,0.281,0.003,0.000,101.8
2026-08-04T10:04:34.977357,2507,0.281,0.003,0.000,17.0
2026-08-04T10:04:35.047363,2508,0.281,0.003,0.000,14.5
2026-08-04T10:04:35.076417,2509,0.280,0.003,0.000,35.4
2026-08-04T10:04:35.112710,2510,0.280,0.003,0.000,28.4
2026-08-04T10:04:35.216956,2511,0.283,0.003,0.000,9.7
2026-08-04T10:04:35.225337,2512,0.283,0.003,0.000,130.6
2026-08-04T10:04:35.277046,2513,0.284,0.003,0.000,19.6
2026-08-04T10:04:35.342882,2514,0.285,0.003,0.000,15.4
2026-08-04T10:04:35.351604,2515,0.285,0.003,0.000,127.4
2026-08-04T10:04:35.408653,2516,0.285,0.003,0.000,17.8
2026-08-04T10:04:35.482690,2517,0.286,0.003,0.000,13.7
2026-08-04T10:04:35.509400,2518,0.287,0.003,0.000,40.0
2026-08-04T10:04:35.545113,2519,0.288,0.003,0.000,28.9
2026-08-04T10:04:35.639009,2520,0.288,0.003,0.000,10.8
2026-08-04T10:04:35.650327,2521,0.289,0.003,0.000,94.7
2026-08-04T10:04:35.710881,2522,0.290,0.003,0.000,16.8
2026-08-04T10:04:35.780998,2523,0.290,0.003,0.000,14.5
2026-08-04T10:04:35.807593,2524,0.291,0.003,0.000,38.7
2026-08-04T10:04:35.841506,2525,0.291,0.003,0.000,30.4
2026-08-04T10:04:35.910286,2526,0.291,0.003,0.000,14.7
2026-08-04T10:04:35.918057,2527,0.291,0.003,0.000,142.1
2026-08-04T10:04:35.976516,2528,0.293,0.003,0.000,17.3
2026-08-04T10:04:36.072409,2529,0.293,0.003,0.000,10.6
2026-08-04T10:04:36.084268,2530,0.293,0.003,0.000,90.4
2026-08-04T10:04:36.142201,2531,0.294,0.003,0.000,17.6
2026-08-04T10:04:36.212461,2532,0.294,0.003,0.000,14.4
2026-08-04T10:04:36.240744,2533,0.294,0.003,0.000,36.4
2026-08-04T10:04:36.278987,2534,0.295,0.003,0.000,26.6
2026-08-04T10:04:36.370254,2535,0.295,0.003,0.000,11.1
2026-08-04T10:04:36.378882,2536,0.296,0.003,0.000,126.4
2026-08-04T10:04:36.443858,2537,0.296,0.003,0.000,15.6
2026-08-04T10:04:36.506808,2538,0.297,0.003,0.000,16.3
2026-08-04T10:04:36.517788,2539,0.298,0.003,0.000,99.7
2026-08-04T10:04:36.574442,2540,0.298,0.003,0.000,17.9
2026-08-04T10:04:36.643462,2541,0.298,0.003,0.000,14.7
2026-08-04T10:04:36.674602,2542,0.299,0.003,0.000,33.0
2026-08-04T10:04:36.711926,2543,0.299,0.003,0.000,28.0
2026-08-04T10:04:36.803747,2544,0.300,0.003,0.000,11.0
2026-08-04T10:04:36.814964,2545,0.299,0.003,0.000,95.2
2026-08-04T10:04:36.873339,2546,0.300,0.003,0.000,17.4
2026-08-04T10:04:36.951564,2547,0.300,0.004,0.000,13.0
2026-08-04T10:04:36.971034,2548,0.300,0.003,0.000,54.2
2026-08-04T10:04:37.002733,2549,0.300,0.003,0.000,32.2
2026-08-04T10:04:37.075836,2550,0.300,0.003,0.000,13.8
2026-08-04T10:04:37.085765,2551,0.301,0.003,0.000,110.4
2026-08-04T10:04:37.141272,2552,0.301,0.003,0.000,18.2
2026-08-04T10:04:37.236739,2553,0.302,0.003,0.000,10.6
2026-08-04T10:04:37.246074,2554,0.301,0.003,0.000,116.8
2026-08-04T10:04:37.305345,2555,0.301,0.003,0.000,17.1
2026-08-04T10:04:37.374463,2556,0.302,0.003,0.000,14.8
2026-08-04T10:04:37.405177,2557,0.302,0.003,0.000,33.4
2026-08-04T10:04:37.442635,2558,0.302,0.003,0.000,27.6
2026-08-04T10:04:37.539710,2559,0.301,0.003,0.000,10.4
2026-08-04T10:04:37.549758,2560,0.301,0.003,0.000,110.0
2026-08-04T10:04:37.605566,2561,0.301,0.003,0.000,18.2
2026-08-04T10:04:37.669891,2562,0.301,0.003,0.000,15.8
2026-08-04T10:04:37.680480,2563,0.300,0.003,0.000,109.7
2026-08-04T10:04:37.736970,2564,0.300,0.003,0.000,17.9
2026-08-04T10:04:37.805071,2565,0.300,0.003,0.000,14.9
2026-08-04T10:04:37.836226,2566,0.301,0.003,0.000,33.0
2026-08-04T10:04:37.872199,2567,0.301,0.003,0.000,28.4
2026-08-04T10:04:37.969854,2568,0.301,0.003,0.000,10.3
2026-08-04T10:04:37.980672,2569,0.302,0.003,0.000,110.0
2026-08-04T10:04:38.036849,2570,0.302,0.003,0.000,18.1
2026-08-04T10:04:38.106098,2571,0.301,0.003,0.000,14.6
2026-08-04T10:04:38.136661,2572,0.301,0.003,0.000,33.6
2026-08-04T10:04:38.168665,2573,0.301,0.003,0.000,31.9
2026-08-04T10:04:38.242211,2574,0.301,0.003,0.000,13.7
2026-08-04T10:04:38.251990,2575,0.302,0.003,0.000,110.5
2026-08-04T10:04:38.305400,2576,0.302,0.003,0.000,19.0
2026-08-04T10:04:38.402117,2577,0.303,0.003,0.000,10.4
2026-08-04T10:04:38.413675,2578,0.303,0.003,0.000,95.2
2026-08-04T10:04:38.470286,2579,0.302,0.003,0.000,18.1
2026-08-04T10:04:38.535132,2580,0.302,0.003,0.000,15.6
2026-08-04T10:04:38.570213,2581,0.301,0.003,0.000,29.1
2026-08-04T10:04:38.605482,2582,0.301,0.003,0.000,29.1
2026-08-04T10:04:38.711821,2583,0.300,0.003,0.000,9.5
2026-08-04T10:04:38.720760,2584,0.300,0.003,0.000,122.7
2026-08-04T10:04:38.769217,2585,0.301,0.003,0.000,21.0
2026-08-04T10:04:38.834777,2586,0.301,0.003,0.000,15.4
2026-08-04T10:04:38.843657,2587,0.300,0.003,0.000,123.5
2026-08-04T10:04:38.900639,2588,0.294,0.003,0.000,17.8
2026-08-04T10:04:38.972512,2589,0.207,0.003,0.000,14.1
2026-08-04T10:04:38.999984,2590,0.078,0.004,0.000,37.5
2026-08-04T10:04:39.038814,2591,0.099,0.004,0.000,26.3
2026-08-04T10:04:39.137745,2592,0.134,0.004,0.000,10.3
2026-08-04T10:04:39.149199,2593,0.189,0.004,0.000,94.2
2026-08-04T10:04:39.200054,2594,0.239,0.004,0.000,19.9
2026-08-04T10:04:39.270971,2595,0.257,0.004,0.000,14.3
2026-08-04T10:04:39.299891,2596,0.275,0.004,0.000,35.5
2026-08-04T10:04:39.335565,2597,0.279,0.004,0.000,28.7
2026-08-04T10:04:39.406542,2598,0.282,0.004,0.000,14.3
2026-08-04T10:04:39.415933,2599,0.283,0.004,0.000,116.2
2026-08-04T10:04:39.470734,2600,0.284,0.003,0.000,19.1
2026-08-04T10:04:39.564953,2601,0.284,0.004,0.000,10.7
2026-08-04T10:04:39.576730,2602,0.284,0.004,0.000,91.1
2026-08-04T10:04:39.632863,2603,0.285,0.003,0.000,18.2
2026-08-04T10:04:39.701382,2604,0.285,0.003,0.000,14.8
2026-08-04T10:04:39.732295,2605,0.287,0.003,0.000,33.1
2026-08-04T10:04:39.767970,2606,0.287,0.003,0.000,28.6
2026-08-04T10:04:39.864133,2607,0.285,0.003,0.000,10.5
2026-08-04T10:04:39.872485,2608,0.271,0.004,0.000,132.4
2026-08-04T10:04:39.932581,2609,0.265,0.003,0.000,16.9
2026-08-04T10:04:39.996349,2610,0.261,0.004,0.000,15.9
2026-08-04T10:04:40.005226,2611,0.260,0.004,0.000,122.4
2026-08-04T10:04:40.063317,2612,0.260,0.004,0.000,17.5
2026-08-04T10:04:40.133177,2613,0.260,0.004,0.000,14.5
2026-08-04T10:04:40.163783,2614,0.262,0.005,0.000,33.6
2026-08-04T10:04:40.201035,2615,0.261,0.005,0.000,27.3
2026-08-04T10:04:40.301537,2616,0.259,0.005,0.000,10.0
2026-08-04T10:04:40.311273,2617,0.257,0.005,0.000,112.3
2026-08-04T10:04:40.364252,2618,0.257,0.005,0.000,19.2
2026-08-04T10:04:40.437670,2619,0.257,0.005,0.000,13.8
2026-08-04T10:04:40.464374,2620,0.257,0.005,0.000,38.8
2026-08-04T10:04:40.497490,2621,0.256,0.005,0.000,31.2
2026-08-04T10:04:40.565097,2622,0.256,0.005,0.000,15.0
2026-08-04T10:04:40.574189,2623,0.255,0.005,0.000,119.4
2026-08-04T10:04:40.633583,2624,0.255,0.005,0.000,17.1
2026-08-04T10:04:40.731040,2625,0.254,0.005,0.000,10.4
2026-08-04T10:04:40.741625,2626,0.254,0.005,0.000,101.9
2026-08-04T10:04:40.797847,2627,0.253,0.005,0.000,18.0
2026-08-04T10:04:40.864479,2628,0.252,0.005,0.000,15.3
2026-08-04T10:04:40.896997,2629,0.252,0.005,0.000,31.6
2026-08-04T10:04:40.933521,2630,0.251,0.005,0.000,28.1
2026-08-04T10:04:41.034069,2631,0.251,0.005,0.000,10.0
2026-08-04T10:04:41.044914,2632,0.251,0.005,0.000,100.0
2026-08-04T10:04:41.096032,2633,0.250,0.005,0.000,20.0
2026-08-04T10:04:41.165063,2634,0.250,0.005,0.000,14.7
2026-08-04T10:04:41.175729,2635,0.249,0.005,0.000,101.1
2026-08-04T10:04:41.228888,2636,0.244,0.005,0.000,19.1
2026-08-04T10:04:41.299857,2637,0.243,0.004,0.000,14.3
2026-08-04T10:04:41.327541,2638,0.249,0.004,0.000,37.2
2026-08-04T10:04:41.364670,2639,0.252,0.004,0.000,28.1
2026-08-04T10:04:41.472094,2640,0.257,0.004,0.000,9.4
2026-08-04T10:04:41.480700,2641,0.261,0.004,0.000,127.8
2026-08-04T10:04:41.526971,2642,0.265,0.004,0.000,22.0
2026-08-04T10:04:41.602869,2643,0.267,0.004,0.000,13.3
2026-08-04T10:04:41.626935,2644,0.273,0.003,0.000,43.0
2026-08-04T10:04:41.658781,2645,0.278,0.003,0.000,32.2
2026-08-04T10:04:41.727274,2646,0.283,0.003,0.000,14.8
2026-08-04T10:04:41.735504,2647,0.287,0.003,0.000,133.8
2026-08-04T10:04:41.794561,2648,0.290,0.003,0.000,17.2
2026-08-04T10:04:41.894848,2649,0.292,0.003,0.000,10.0
2026-08-04T10:04:41.903411,2650,0.293,0.003,0.000,127.9
2026-08-04T10:04:41.960616,2651,0.294,0.003,0.000,17.8
2026-08-04T10:04:42.028370,2652,0.295,0.003,0.000,15.0
2026-08-04T10:04:42.058668,2653,0.295,0.003,0.000,33.9
2026-08-04T10:04:42.097047,2654,0.296,0.003,0.000,26.6
2026-08-04T10:04:42.194831,2655,0.124,0.004,0.000,10.3
2026-08-04T10:04:42.204015,2656,0.060,0.004,0.000,119.1
2026-08-04T10:04:42.260309,2657,0.048,0.006,0.000,18.0
2026-08-04T10:04:42.326323,2658,0.052,0.007,0.000,15.4
2026-08-04T10:04:42.337390,2659,0.052,0.007,0.000,113.6
2026-08-04T10:04:42.393569,2660,0.051,0.008,0.000,18.0
2026-08-04T10:04:42.468887,2661,0.061,0.008,0.000,13.4
2026-08-04T10:04:42.493377,2662,0.050,0.007,0.000,42.2
2026-08-04T10:04:42.527886,2663,0.066,0.007,0.000,30.0
2026-08-04T10:04:42.623668,2664,0.169,0.006,0.000,10.6
2026-08-04T10:04:42.632276,2665,0.206,0.006,0.000,129.5
2026-08-04T10:04:42.695420,2666,0.231,0.006,0.000,16.0
2026-08-04T10:04:42.764243,2667,0.242,0.005,0.000,14.8
2026-08-04T10:04:42.792160,2668,0.247,0.005,0.000,36.8
2026-08-04T10:04:42.825590,2669,0.249,0.005,0.000,31.0
2026-08-04T10:04:42.891321,2670,0.250,0.004,0.000,15.4
2026-08-04T10:04:42.902870,2671,0.253,0.004,0.000,92.7
2026-08-04T10:04:42.962865,2672,0.254,0.004,0.000,17.0
2026-08-04T10:04:43.061131,2673,0.256,0.004,0.000,10.3
2026-08-04T10:04:43.069974,2674,0.258,0.004,0.000,124.2
2026-08-04T10:04:43.125307,2675,0.265,0.004,0.000,18.4
2026-08-04T10:04:43.201246,2676,0.270,0.004,0.000,13.3
2026-08-04T10:04:43.222682,2677,0.278,0.004,0.000,50.1
2026-08-04T10:04:43.262424,2678,0.282,0.004,0.000,25.7
2026-08-04T10:04:43.353468,2679,0.311,0.004,0.000,11.1
2026-08-04T10:04:43.364184,2680,0.321,0.003,0.000,100.1
2026-08-04T10:04:43.426715,2681,0.318,0.004,0.000,16.2
2026-08-04T10:04:43.490450,2682,0.330,0.004,0.000,15.9
2026-08-04T10:04:43.499996,2683,0.332,0.003,0.000,115.6
2026-08-04T10:04:43.558108,2684,0.340,0.005,0.000,17.5
2026-08-04T10:04:43.626673,2685,0.335,0.004,0.000,14.8
2026-08-04T10:04:43.654990,2686,0.331,0.005,0.000,37.6
2026-08-04T10:04:43.695216,2687,0.331,0.005,0.000,25.4
2026-08-04T10:04:43.790046,2688,0.327,0.005,0.000,10.7
2026-08-04T10:04:43.800270,2689,0.333,0.005,0.000,106.1
2026-08-04T10:04:43.856551,2690,0.339,0.005,0.000,18.0
2026-08-04T10:04:43.923421,2691,0.337,0.005,0.000,15.2
2026-08-04T10:04:43.958202,2692,0.335,0.005,0.000,29.4
2026-08-04T10:04:43.990796,2693,0.337,0.005,0.000,31.8
2026-08-04T10:04:44.055724,2694,0.337,0.005,0.000,15.6
2026-08-04T10:04:44.068472,2695,0.336,0.005,0.000,91.2
2026-08-04T10:04:44.125915,2696,0.335,0.005,0.000,17.7
2026-08-04T10:04:44.223434,2697,0.336,0.005,0.000,10.4
2026-08-04T10:04:44.235186,2698,0.337,0.005,0.000,91.4
2026-08-04T10:04:44.290126,2699,0.336,0.005,0.000,18.5
2026-08-04T10:04:44.363211,2700,0.334,0.006,0.000,13.9
2026-08-04T10:04:44.385943,2701,0.328,0.008,0.000,45.6
2026-08-04T10:04:44.426067,2702,0.327,0.006,0.000,25.4
2026-08-04T10:04:44.521668,2703,0.328,0.006,0.000,10.6
2026-08-04T10:04:44.530490,2704,0.327,0.007,0.000,124.3
2026-08-04T10:04:44.591903,2705,0.325,0.006,0.000,16.5
2026-08-04T10:04:44.654208,2706,0.325,0.006,0.000,16.2
2026-08-04T10:04:44.663783,2707,0.325,0.007,0.000,113.5
2026-08-04T10:04:44.721543,2708,0.319,0.009,0.000,17.5
2026-08-04T10:04:44.792836,2709,0.322,0.008,0.000,14.2
2026-08-04T10:04:44.818698,2710,0.320,0.008,0.000,39.8
2026-08-04T10:04:44.854394,2711,0.325,0.008,0.000,28.6
2026-08-04T10:04:44.965245,2712,0.327,0.008,0.000,9.1
2026-08-04T10:04:44.977575,2713,0.325,0.008,0.000,92.3
2026-08-04T10:04:45.021388,2714,0.320,0.007,0.000,23.2
2026-08-04T10:04:45.089204,2715,0.280,0.007,0.000,14.9
2026-08-04T10:04:45.122401,2716,0.163,0.005,0.000,30.8
2026-08-04T10:04:45.150612,2717,0.147,0.005,0.000,36.3
2026-08-04T10:04:45.227131,2718,0.204,0.006,0.000,13.2
2026-08-04T10:04:45.236326,2719,0.254,0.005,0.000,118.2
2026-08-04T10:04:45.290140,2720,0.280,0.006,0.000,18.9
2026-08-04T10:04:45.388247,2721,0.297,0.006,0.000,10.3
2026-08-04T10:04:45.397659,2722,0.291,0.006,0.000,117.5
2026-08-04T10:04:45.455175,2723,0.296,0.005,0.000,17.7
2026-08-04T10:04:45.525739,2724,0.293,0.005,0.000,14.4
2026-08-04T10:04:45.551494,2725,0.286,0.005,0.000,39.9
2026-08-04T10:04:45.589691,2726,0.282,0.005,0.000,27.1
2026-08-04T10:04:45.686139,2727,0.280,0.005,0.000,10.5
2026-08-04T10:04:45.695084,2728,0.271,0.005,0.000,121.7
2026-08-04T10:04:45.753052,2729,0.263,0.004,0.000,17.6
2026-08-04T10:04:45.816730,2730,0.263,0.004,0.000,16.0
2026-08-04T10:04:45.825987,2731,0.265,0.004,0.000,117.9
2026-08-04T10:04:45.884429,2732,0.267,0.004,0.000,17.3
2026-08-04T10:04:45.954097,2733,0.270,0.004,0.000,14.5
2026-08-04T10:04:45.983821,2734,0.271,0.004,0.000,34.6
2026-08-04T10:04:46.020604,2735,0.273,0.004,0.000,27.7
2026-08-04T10:04:46.117810,2736,0.276,0.004,0.000,10.4
2026-08-04T10:04:46.129055,2737,0.278,0.004,0.000,116.1
2026-08-04T10:04:46.184531,2738,0.280,0.004,0.000,18.3
2026-08-04T10:04:46.251860,2739,0.282,0.004,0.000,15.0
2026-08-04T10:04:46.284824,2740,0.282,0.005,0.000,31.1
2026-08-04T10:04:46.316376,2741,0.283,0.005,0.000,32.4
2026-08-04T10:04:46.386698,2742,0.281,0.005,0.000,14.4
2026-08-04T10:04:46.396655,2743,0.284,0.005,0.000,109.1
2026-08-04T10:04:46.453695,2744,0.284,0.004,0.000,17.8
2026-08-04T10:04:46.551326,2745,0.282,0.004,0.000,10.4
2026-08-04T10:04:46.561850,2746,0.283,0.005,0.000,102.1
2026-08-04T10:04:46.617124,2747,0.287,0.005,0.000,18.4
2026-08-04T10:04:46.692784,2748,0.285,0.004,0.000,13.4
2026-08-04T10:04:46.713986,2749,0.284,0.003,0.000,48.9
2026-08-04T10:04:46.753756,2750,0.296,0.003,0.000,25.7
2026-08-04T10:04:46.847796,2751,0.295,0.002,0.000,10.7
2026-08-04T10:04:46.858803,2752,0.297,0.003,0.000,96.7
2026-08-04T10:04:46.917805,2753,0.283,0.004,0.000,17.2
2026-08-04T10:04:46.981204,2754,0.247,0.003,0.000,16.1
2026-08-04T10:04:46.991799,2755,0.165,0.003,0.000,102.3
2026-08-04T10:04:47.049072,2756,0.066,0.002,0.000,17.7
2026-08-04T10:04:47.119554,2757,0.097,0.002,0.000,14.4
2026-08-04T10:04:47.148240,2758,0.082,0.002,0.000,36.1
2026-08-04T10:04:47.186137,2759,0.109,0.002,0.000,27.3
2026-08-04T10:04:47.285494,2760,0.083,0.002,0.000,10.2
2026-08-04T10:04:47.293940,2761,0.100,0.004,0.000,128.7
2026-08-04T10:04:47.348490,2762,0.101,0.003,0.000,18.6
2026-08-04T10:04:47.417492,2763,0.108,0.004,0.000,14.7
2026-08-04T10:04:47.446887,2764,0.108,0.004,0.000,34.9
2026-08-04T10:04:47.481235,2765,0.109,0.003,0.000,29.8
2026-08-04T10:04:47.548891,2766,0.109,0.003,0.000,15.0
2026-08-04T10:04:47.556925,2767,0.119,0.002,0.000,138.6
2026-08-04T10:04:47.616151,2768,0.132,0.002,0.000,17.2
2026-08-04T10:04:47.718184,2769,0.155,0.002,0.000,9.9
2026-08-04T10:04:47.727376,2770,0.161,0.002,0.000,119.2
2026-08-04T10:04:47.780867,2771,0.162,0.003,0.000,19.0
2026-08-04T10:04:47.851632,2772,0.164,0.002,0.000,14.4
2026-08-04T10:04:47.879070,2773,0.148,0.003,0.000,37.6
2026-08-04T10:04:47.916435,2774,0.155,0.002,0.000,27.2
2026-08-04T10:04:48.012944,2775,0.152,0.003,0.000,10.4
2026-08-04T10:04:48.022613,2776,0.151,0.004,0.000,120.6
2026-08-04T10:04:48.079864,2777,0.160,0.004,0.000,17.7
2026-08-04T10:04:48.146499,2778,0.166,0.004,0.000,15.2
2026-08-04T10:04:48.156367,2779,0.149,0.003,0.000,109.4
2026-08-04T10:04:48.212065,2780,0.157,0.004,0.000,18.2
2026-08-04T10:04:48.282484,2781,0.166,0.004,0.000,14.4
2026-08-04T10:04:48.310832,2782,0.158,0.004,0.000,36.4
2026-08-04T10:04:48.347865,2783,0.155,0.005,0.000,27.6
2026-08-04T10:04:48.446644,2784,0.161,0.005,0.000,10.2
2026-08-04T10:04:48.455472,2785,0.173,0.006,0.000,122.6
2026-08-04T10:04:48.512275,2786,0.145,0.007,0.000,17.8
2026-08-04T10:04:48.582826,2787,0.143,0.005,0.000,14.3
2026-08-04T10:04:48.611166,2788,0.144,0.005,0.000,36.3
2026-08-04T10:04:48.646854,2789,0.149,0.005,0.000,28.7
2026-08-04T10:04:48.718290,2790,0.148,0.005,0.000,14.1
2026-08-04T10:04:48.727458,2791,0.140,0.005,0.000,118.9
2026-08-04T10:04:48.781643,2792,0.139,0.006,0.000,18.7
2026-08-04T10:04:48.875381,2793,0.135,0.005,0.000,10.8
2026-08-04T10:04:48.886420,2794,0.144,0.005,0.000,96.5
2026-08-04T10:04:48.946671,2795,0.144,0.004,0.000,16.8
2026-08-04T10:04:49.016309,2796,0.144,0.004,0.000,14.6
2026-08-04T10:04:49.042181,2797,0.143,0.004,0.000,39.8
2026-08-04T10:04:49.082960,2798,0.142,0.004,0.000,25.1
2026-08-04T10:04:49.177452,2799,0.139,0.004,0.000,10.7
2026-08-04T10:04:49.188001,2800,0.139,0.004,0.000,102.2
2026-08-04T10:04:49.244520,2801,0.133,0.004,0.000,17.9
2026-08-04T10:04:49.310786,2802,0.132,0.004,0.000,15.3
2026-08-04T10:04:49.321326,2803,0.135,0.004,0.000,128.0
2026-08-04T10:04:49.377856,2804,0.136,0.005,0.000,18.0
2026-08-04T10:04:49.450518,2805,0.137,0.004,0.000,14.0
2026-08-04T10:04:49.478415,2806,0.132,0.005,0.000,37.6
2026-08-04T10:04:49.513768,2807,0.134,0.004,0.000,29.0
2026-08-04T10:04:49.609606,2808,0.132,0.005,0.000,10.5
2026-08-04T10:04:49.620663,2809,0.135,0.005,0.000,97.0
2026-08-04T10:04:49.677866,2810,0.137,0.005,0.000,17.7
2026-08-04T10:04:49.749066,2811,0.137,0.004,0.000,14.2
2026-08-04T10:04:49.774487,2812,0.140,0.004,0.000,40.5
2026-08-04T10:04:49.808750,2813,0.139,0.004,0.000,30.0
2026-08-04T10:04:49.875285,2814,0.139,0.004,0.000,15.2
2026-08-04T10:04:49.885616,2815,0.140,0.004,0.000,104.0
2026-08-04T10:04:49.946178,2816,0.143,0.005,0.000,16.8
2026-08-04T10:04:50.039936,2817,0.144,0.004,0.000,10.8
2026-08-04T10:04:50.050568,2818,0.147,0.005,0.000,101.7
2026-08-04T10:04:50.109728,2819,0.144,0.006,0.000,17.1
2026-08-04T10:04:50.179242,2820,0.145,0.005,0.000,14.6
2026-08-04T10:04:50.210417,2821,0.144,0.005,0.000,32.8
2026-08-04T10:04:50.244420,2822,0.145,0.005,0.000,30.4
2026-08-04T10:04:50.343070,2823,0.144,0.004,0.000,10.2
2026-08-04T10:04:50.351705,2824,0.142,0.004,0.000,126.4
2026-08-04T10:04:50.409880,2825,0.144,0.004,0.000,17.4
2026-08-04T10:04:50.476588,2826,0.145,0.004,0.000,15.2
2026-08-04T10:04:50.485367,2827,0.145,0.004,0.000,126.0
2026-08-04T10:04:50.539997,2828,0.144,0.004,0.000,18.5
2026-08-04T10:04:50.605848,2829,0.143,0.004,0.000,15.4
2026-08-04T10:04:50.641220,2830,0.142,0.004,0.000,29.0
2026-08-04T10:04:50.679507,2831,0.144,0.004,0.000,26.9
2026-08-04T10:04:50.770553,2832,0.145,0.004,0.000,11.1
2026-08-04T10:04:50.781394,2833,0.143,0.003,0.000,110.4
2026-08-04T10:04:50.842747,2834,0.144,0.004,0.000,17.0
2026-08-04T10:04:50.911923,2835,0.151,0.004,0.000,14.6
2026-08-04T10:04:50.942964,2836,0.152,0.004,0.000,33.0
2026-08-04T10:04:50.974617,2837,0.150,0.004,0.000,32.9
2026-08-04T10:04:51.040088,2838,0.152,0.004,0.000,15.6
2026-08-04T10:04:51.048755,2839,0.152,0.004,0.000,127.7
2026-08-04T10:04:51.109077,2840,0.153,0.004,0.000,16.8
2026-08-04T10:04:51.213887,2841,0.152,0.003,0.000,9.7
2026-08-04T10:04:51.223782,2842,0.146,0.003,0.000,111.1
2026-08-04T10:04:51.272632,2843,0.152,0.003,0.000,21.0
2026-08-04T10:04:51.350695,2844,0.151,0.003,0.000,12.9
2026-08-04T10:04:51.370876,2845,0.150,0.003,0.000,52.5
2026-08-04T10:04:51.410932,2846,0.155,0.003,0.000,25.4
2026-08-04T10:04:51.504302,2847,0.164,0.003,0.000,10.9
2026-08-04T10:04:51.514624,2848,0.160,0.003,0.000,104.2
2026-08-04T10:04:51.573157,2849,0.156,0.003,0.000,17.3
2026-08-04T10:04:51.639279,2850,0.161,0.003,0.000,15.4
2026-08-04T10:04:51.649290,2851,0.159,0.003,0.000,109.8
2026-08-04T10:04:51.707861,2852,0.158,0.002,0.000,17.7
2026-08-04T10:04:51.770920,2853,0.165,0.002,0.000,16.2
2026-08-04T10:04:51.805756,2854,0.171,0.001,0.000,29.3
2026-08-04T10:04:51.838086,2855,0.165,0.001,0.000,31.8
2026-08-04T10:04:51.937941,2856,0.166,0.001,0.000,10.1
2026-08-04T10:04:51.947450,2857,0.168,0.002,0.000,115.3
2026-08-04T10:04:52.003743,2858,0.166,0.002,0.000,18.0
2026-08-04T10:04:52.073632,2859,0.162,0.002,0.000,14.5
2026-08-04T10:04:52.103937,2860,0.164,0.002,0.000,34.2
2026-08-04T10:04:52.136047,2861,0.168,0.002,0.000,32.0
2026-08-04T10:04:52.208366,2862,0.163,0.002,0.000,14.0
2026-08-04T10:04:52.218317,2863,0.155,0.001,0.000,109.2
2026-08-04T10:04:52.271942,2864,0.145,0.001,0.000,19.0
2026-08-04T10:04:52.370152,2865,0.164,0.002,0.000,10.3
2026-08-04T10:04:52.379656,2866,0.158,0.003,0.000,120.2
2026-08-04T10:04:52.438136,2867,0.257,0.002,0.000,17.4
2026-08-04T10:04:52.507750,2868,0.261,0.002,0.000,14.5
2026-08-04T10:04:52.536229,2869,0.285,0.002,0.000,36.4
2026-08-04T10:04:52.572152,2870,0.308,0.004,0.000,28.6
2026-08-04T10:04:52.674269,2871,0.326,0.005,0.000,9.9
2026-08-04T10:04:52.683981,2872,0.322,0.002,0.000,111.5
2026-08-04T10:04:52.738218,2873,0.299,0.006,0.000,18.7
2026-08-04T10:04:52.808061,2874,0.302,0.002,0.000,14.5
2026-08-04T10:04:52.817482,2875,0.298,0.004,0.000,116.2
2026-08-04T10:04:52.869175,2876,0.298,0.009,0.000,19.6
2026-08-04T10:04:52.946354,2877,0.297,0.007,0.000,13.1
2026-08-04T10:04:52.966706,2878,0.292,0.011,0.000,52.8
2026-08-04T10:04:53.006711,2879,0.286,0.010,0.000,25.5
2026-08-04T10:04:53.101544,2880,0.291,0.010,0.000,10.7
2026-08-04T10:04:53.112342,2881,0.285,0.010,0.000,100.5
2026-08-04T10:04:53.170099,2882,0.291,0.009,0.000,17.6
2026-08-04T10:04:53.239487,2883,0.294,0.010,0.000,14.6
2026-08-04T10:04:53.268518,2884,0.293,0.010,0.000,35.3
2026-08-04T10:04:53.303710,2885,0.292,0.010,0.000,29.0
2026-08-04T10:04:53.369999,2886,0.294,0.010,0.000,15.4
2026-08-04T10:04:53.378977,2887,0.295,0.009,0.000,121.7
2026-08-04T10:04:53.438603,2888,0.283,0.009,0.000,17.0
2026-08-04T10:04:53.534314,2889,0.299,0.009,0.000,10.6
2026-08-04T10:04:53.543518,2890,0.307,0.009,0.000,126.6
2026-08-04T10:04:53.602272,2891,0.299,0.010,0.000,17.7
2026-08-04T10:04:53.668937,2892,0.300,0.009,0.000,15.2
2026-08-04T10:04:53.700628,2893,0.305,0.010,0.000,32.6
2026-08-04T10:04:53.738487,2894,0.303,0.010,0.000,27.0
2026-08-04T10:04:53.833920,2895,0.293,0.011,0.000,10.6
2026-08-04T10:04:53.845182,2896,0.296,0.010,0.000,95.8
2026-08-04T10:04:53.901491,2897,0.301,0.010,0.000,18.1
2026-08-04T10:04:53.970189,2898,0.301,0.009,0.000,14.8
2026-08-04T10:04:53.980089,2899,0.303,0.009,0.000,109.3
2026-08-04T10:04:54.034222,2900,0.304,0.009,0.000,18.8
2026-08-04T10:04:54.101333,2901,0.305,0.009,0.000,15.1
2026-08-04T10:04:54.134928,2902,0.304,0.009,0.000,30.4
2026-08-04T10:04:54.169450,2903,0.303,0.009,0.000,29.9
2026-08-04T10:04:54.267878,2904,0.306,0.008,0.000,10.2
2026-08-04T10:04:54.277452,2905,0.309,0.009,0.000,112.9
2026-08-04T10:04:54.334321,2906,0.312,0.009,0.000,18.3
2026-08-04T10:04:54.400957,2907,0.316,0.009,0.000,15.2
2026-08-04T10:04:54.435687,2908,0.317,0.008,0.000,29.5
2026-08-04T10:04:54.466392,2909,0.317,0.008,0.000,34.3
2026-08-04T10:04:54.536370,2910,0.320,0.008,0.000,14.5
2026-08-04T10:04:54.547349,2911,0.321,0.009,0.000,97.9
2026-08-04T10:04:54.601666,2912,0.326,0.009,0.000,18.7
2026-08-04T10:04:54.708680,2913,0.325,0.008,0.000,9.4
2026-08-04T10:04:54.719494,2914,0.326,0.009,0.000,109.4
2026-08-04T10:04:54.765660,2915,0.328,0.009,0.000,22.0
2026-08-04T10:04:54.838122,2916,0.327,0.009,0.000,14.0
2026-08-04T10:04:54.862331,2917,0.329,0.009,0.000,42.7
2026-08-04T10:04:54.902719,2918,0.328,0.008,0.000,25.4
2026-08-04T10:04:54.998650,2919,0.328,0.008,0.000,10.5
2026-08-04T10:04:55.010085,2920,0.328,0.008,0.000,93.1
2026-08-04T10:04:55.065496,2921,0.330,0.008,0.000,18.4
2026-08-04T10:04:55.135090,2922,0.331,0.008,0.000,14.6
2026-08-04T10:04:55.145428,2923,0.331,0.008,0.000,110.7
2026-08-04T10:04:55.199810,2924,0.331,0.008,0.000,18.7
2026-08-04T10:04:55.268219,2925,0.328,0.007,0.000,14.9
2026-08-04T10:04:55.296861,2926,0.332,0.007,0.000,35.8
2026-08-04T10:04:55.336033,2927,0.332,0.008,0.000,26.2
2026-08-04T10:04:55.432877,2928,0.330,0.008,0.000,10.4
2026-08-04T10:04:55.442314,2929,0.329,0.008,0.000,116.9
2026-08-04T10:04:55.497723,2930,0.329,0.008,0.000,18.3
2026-08-04T10:04:55.566690,2931,0.329,0.008,0.000,14.7
2026-08-04T10:04:55.597046,2932,0.331,0.007,0.000,33.7
2026-08-04T10:04:55.629961,2933,0.332,0.007,0.000,31.5
2026-08-04T10:04:55.707037,2934,0.332,0.007,0.000,13.2
2026-08-04T10:04:55.718862,2935,0.331,0.007,0.000,103.2
2026-08-04T10:04:55.766168,2936,0.331,0.007,0.000,21.4
2026-08-04T10:04:55.866360,2937,0.331,0.007,0.000,10.1
2026-08-04T10:04:55.875362,2938,0.330,0.007,0.000,121.6
2026-08-04T10:04:55.928930,2939,0.330,0.007,0.000,19.0
2026-08-04T10:04:56.000029,2940,0.330,0.008,0.000,14.2
2026-08-04T10:04:56.027695,2941,0.330,0.008,0.000,37.4
2026-08-04T10:04:56.065032,2942,0.330,0.008,0.000,27.2
2026-08-04T10:04:56.161233,2943,0.331,0.008,0.000,10.5
2026-08-04T10:04:56.170235,2944,0.331,0.008,0.000,121.0
2026-08-04T10:04:56.229126,2945,0.331,0.008,0.000,17.2
2026-08-04T10:04:56.295269,2946,0.331,0.008,0.000,15.4
2026-08-04T10:04:56.304012,2947,0.331,0.008,0.000,124.5
2026-08-04T10:04:56.360001,2948,0.330,0.008,0.000,18.1
2026-08-04T10:04:56.430510,2949,0.329,0.008,0.000,14.3
2026-08-04T10:04:56.459497,2950,0.329,0.008,0.000,35.5
2026-08-04T10:04:56.496234,2951,0.329,0.008,0.000,27.7
2026-08-04T10:04:56.593470,2952,0.330,0.008,0.000,10.4
2026-08-04T10:04:56.604936,2953,0.329,0.007,0.000,107.5
2026-08-04T10:04:56.660603,2954,0.330,0.007,0.000,18.4
2026-08-04T10:04:56.736067,2955,0.329,0.007,0.000,13.4
2026-08-04T10:04:56.758249,2956,0.327,0.007,0.000,46.6
2026-08-04T10:04:56.794229,2957,0.324,0.007,0.000,28.5
2026-08-04T10:04:56.859716,2958,0.314,0.007,0.000,15.5
2026-08-04T10:04:56.872274,2959,0.300,0.006,0.000,84.6
2026-08-04T10:04:56.929821,2960,0.117,0.006,0.000,17.7
2026-08-04T10:04:57.027835,2961,0.102,0.001,0.000,10.3
2026-08-04T10:04:57.037408,2962,0.107,0.002,0.000,113.1
2026-08-04T10:04:57.092452,2963,0.124,0.001,0.000,18.4
2026-08-04T10:04:57.166312,2964,0.110,0.001,0.000,13.7
2026-08-04T10:04:57.192519,2965,0.101,0.002,0.000,39.3
2026-08-04T10:04:57.231419,2966,0.115,0.002,0.000,26.1
2026-08-04T10:04:57.323847,2967,0.121,0.005,0.000,10.9
2026-08-04T10:04:57.334683,2968,0.120,0.003,0.000,99.5
2026-08-04T10:04:57.393873,2969,0.131,0.005,0.000,17.2
2026-08-04T10:04:57.464344,2970,0.114,0.006,0.000,14.4
2026-08-04T10:04:57.475021,2971,0.123,0.005,0.000,105.0
2026-08-04T10:04:57.525364,2972,0.110,0.005,0.000,20.2
2026-08-04T10:04:57.592767,2973,0.094,0.004,0.000,15.0
2026-08-04T10:04:57.625449,2974,0.097,0.007,0.000,31.3
2026-08-04T10:04:57.662456,2975,0.106,0.007,0.000,27.6
2026-08-04T10:04:57.759499,2976,0.101,0.007,0.000,10.4
2026-08-04T10:04:57.768146,2977,0.102,0.007,0.000,127.3
2026-08-04T10:04:57.826394,2978,0.097,0.005,0.000,17.5
2026-08-04T10:04:57.891707,2979,0.093,0.007,0.000,15.6
2026-08-04T10:04:57.926355,2980,0.095,0.004,0.000,29.6
2026-08-04T10:04:57.958021,2981,0.095,0.005,0.000,32.4
2026-08-04T10:04:58.024132,2982,0.095,0.003,0.000,15.3
2026-08-04T10:04:58.033464,2983,0.095,0.004,0.000,117.1
2026-08-04T10:04:58.093276,2984,0.093,0.005,0.000,17.0
2026-08-04T10:04:58.198277,2985,0.093,0.003,0.000,9.6
2026-08-04T10:04:58.210186,2986,0.096,0.002,0.000,95.2
2026-08-04T10:04:58.257605,2987,0.099,0.001,0.000,21.5
2026-08-04T10:04:58.330490,2988,0.103,0.003,0.000,13.9
2026-08-04T10:04:58.355158,2989,0.091,0.003,0.000,41.9
2026-08-04T10:04:58.393525,2990,0.093,0.004,0.000,26.8
2026-08-04T10:04:58.496382,2991,0.091,0.003,0.000,9.8
2026-08-04T10:04:58.507402,2992,0.089,0.004,0.000,100.0
2026-08-04T10:04:58.557530,2993,0.090,0.005,0.000,20.4
2026-08-04T10:04:58.620784,2994,0.091,0.006,0.000,16.1
2026-08-04T10:04:58.631834,2995,0.091,0.006,0.000,97.7
2026-08-04T10:04:58.691749,2996,0.090,0.007,0.000,16.9
2026-08-04T10:04:58.758763,2997,0.089,0.008,0.000,15.2
2026-08-04T10:04:58.787670,2998,0.089,0.009,0.000,35.4
2026-08-04T10:04:58.825907,2999,0.090,0.008,0.000,26.9
2026-08-04T10:04:58.917976,3000,0.090,0.008,0.000,11.0
2026-08-04T10:04:58.929959,3001,0.089,0.008,0.000,88.9
2026-08-04T10:04:58.988640,3002,0.090,0.008,0.000,17.4
2026-08-04T10:04:59.060070,3003,0.092,0.008,0.000,14.2
2026-08-04T10:04:59.087219,3004,0.092,0.007,0.000,37.8
2026-08-04T10:04:59.122083,3005,0.096,0.007,0.000,29.5
2026-08-04T10:04:59.198269,3006,0.100,0.007,0.000,13.3
2026-08-04T10:04:59.209965,3007,0.100,0.008,0.000,96.5
2026-08-04T10:04:59.259358,3008,0.101,0.007,0.000,20.6
2026-08-04T10:04:59.351572,3009,0.102,0.007,0.000,10.9
2026-08-04T10:04:59.364494,3010,0.103,0.006,0.000,90.4
2026-08-04T10:04:59.421089,3011,0.104,0.006,0.000,17.9
2026-08-04T10:04:59.488935,3012,0.105,0.006,0.000,15.0
2026-08-04T10:04:59.521651,3013,0.105,0.005,0.000,32.3
2026-08-04T10:04:59.559104,3014,0.105,0.006,0.000,27.5
2026-08-04T10:04:59.655222,3015,0.102,0.006,0.000,10.5
2026-08-04T10:04:59.667455,3016,0.100,0.006,0.000,86.9
2026-08-04T10:04:59.721610,3017,0.101,0.007,0.000,18.8
2026-08-04T10:04:59.783189,3018,0.101,0.006,0.000,16.5
2026-08-04T10:04:59.794660,3019,0.102,0.007,0.000,97.2
2026-08-04T10:04:59.850372,3020,0.101,0.007,0.000,18.3
2026-08-04T10:04:59.922974,3021,0.103,0.007,0.000,13.9
2026-08-04T10:04:59.951057,3022,0.095,0.006,0.000,40.6
2026-08-04T10:04:59.988821,3023,0.095,0.006,0.000,27.1
2026-08-04T10:05:00.086983,3024,0.092,0.006,0.000,10.4
2026-08-04T10:05:00.096021,3025,0.092,0.006,0.000,120.4
2026-08-04T10:05:00.152526,3026,0.092,0.007,0.000,18.0
2026-08-04T10:05:00.222914,3027,0.091,0.007,0.000,14.4
2026-08-04T10:05:00.252527,3028,0.091,0.007,0.000,34.8
2026-08-04T10:05:00.283782,3029,0.091,0.007,0.000,32.7
2026-08-04T10:05:00.355449,3030,0.089,0.007,0.000,14.1
2026-08-04T10:05:00.365782,3031,0.089,0.008,0.000,113.5
2026-08-04T10:05:00.420011,3032,0.089,0.007,0.000,18.7
2026-08-04T10:05:00.485996,3033,0.089,0.007,0.000,15.3
2026-08-04T10:05:00.495211,3034,0.090,0.006,0.000,118.3
2026-08-04T10:05:00.552101,3035,0.090,0.007,0.000,17.8
2026-08-04T10:05:00.618121,3036,0.090,0.007,0.000,15.3
2026-08-04T10:05:00.628411,3037,0.090,0.007,0.000,110.5
2026-08-04T10:05:00.684883,3038,0.090,0.007,0.000,17.9
2026-08-04T10:05:00.756270,3039,0.090,0.008,0.000,14.2
2026-08-04T10:05:00.783836,3040,0.091,0.008,0.000,37.5
2026-08-04T10:05:00.822150,3041,0.091,0.008,0.000,26.8
2026-08-04T10:05:00.915351,3042,0.091,0.008,0.000,10.8
2026-08-04T10:05:00.926710,3043,0.090,0.007,0.000,93.5
2026-08-04T10:05:00.986080,3044,0.090,0.008,0.000,17.0
2026-08-04T10:05:01.049342,3045,0.090,0.008,0.000,16.1
2026-08-04T10:05:01.058246,3046,0.090,0.007,0.000,122.6
2026-08-04T10:05:01.117722,3047,0.090,0.007,0.000,17.0
2026-08-04T10:05:01.187478,3048,0.091,0.007,0.000,14.6
2026-08-04T10:05:01.218919,3049,0.091,0.007,0.000,33.4
2026-08-04T10:05:01.252599,3050,0.092,0.007,0.000,30.3
2026-08-04T10:05:01.346487,3051,0.092,0.008,0.000,10.8
2026-08-04T10:05:01.354927,3052,0.091,0.009,0.000,128.8
2026-08-04T10:05:01.416358,3053,0.093,0.009,0.000,16.5
2026-08-04T10:05:01.486436,3054,0.093,0.009,0.000,14.4
2026-08-04T10:05:01.497922,3055,0.094,0.009,0.000,93.1
2026-08-04T10:05:01.551079,3056,0.094,0.009,0.000,19.0
2026-08-04T10:05:01.616419,3057,0.093,0.009,0.000,15.5
2026-08-04T10:05:01.626620,3058,0.092,0.009,0.000,105.0
2026-08-04T10:05:01.685115,3059,0.092,0.010,0.000,17.5
2026-08-04T10:05:01.778888,3060,0.094,0.011,0.000,10.8
2026-08-04T10:05:01.789890,3061,0.094,0.011,0.000,97.1
2026-08-04T10:05:01.848981,3062,0.094,0.012,0.000,17.5
2026-08-04T10:05:01.919600,3063,0.094,0.011,0.000,14.4
2026-08-04T10:05:01.949443,3064,0.094,0.010,0.000,34.3
2026-08-04T10:05:01.986227,3065,0.094,0.011,0.000,28.1
2026-08-04T10:05:02.077958,3066,0.092,0.012,0.000,11.0
2026-08-04T10:05:02.089851,3067,0.091,0.011,0.000,89.6
2026-08-04T10:05:02.149785,3068,0.092,0.012,0.000,17.3
2026-08-04T10:05:02.221156,3069,0.092,0.012,0.000,14.2
2026-08-04T10:05:02.231761,3070,0.092,0.012,0.000,107.2
2026-08-04T10:05:02.281444,3071,0.093,0.013,0.000,20.5
2026-08-04T10:05:02.346828,3072,0.094,0.014,0.000,15.5
2026-08-04T10:05:02.380737,3073,0.094,0.013,0.000,30.2
2026-08-04T10:05:02.417508,3074,0.094,0.014,0.000,28.2
2026-08-04T10:05:02.510566,3075,0.093,0.013,0.000,10.9
2026-08-04T10:05:02.518845,3076,0.095,0.013,0.000,132.0
2026-08-04T10:05:02.579421,3077,0.095,0.014,0.000,16.8
2026-08-04T10:05:02.648506,3078,0.095,0.014,0.000,14.6
2026-08-04T10:05:02.659334,3079,0.095,0.015,0.000,100.4
2026-08-04T10:05:02.715234,3080,0.095,0.016,0.000,18.1
2026-08-04T10:05:02.783651,3081,0.099,0.015,0.000,15.0
2026-08-04T10:05:02.793275,3082,0.098,0.014,0.000,112.3
2026-08-04T10:05:02.849478,3083,0.098,0.015,0.000,18.1
2026-08-04T10:05:02.949720,3084,0.097,0.015,0.000,10.1
2026-08-04T10:05:02.961762,3085,0.099,0.016,0.000,93.0
2026-08-04T10:05:03.014365,3086,0.101,0.017,0.000,19.2
2026-08-04T10:05:03.078779,3087,0.099,0.017,0.000,15.7
2026-08-04T10:05:03.112486,3088,0.099,0.017,0.000,30.4
2026-08-04T10:05:03.152004,3089,0.099,0.018,0.000,25.9
2026-08-04T10:05:03.250707,3090,0.104,0.018,0.000,10.2
2026-08-04T10:05:03.262452,3091,0.103,0.017,0.000,90.9
2026-08-04T10:05:03.313772,3092,0.107,0.017,0.000,19.9
2026-08-04T10:05:03.376369,3093,0.107,0.018,0.000,16.2
2026-08-04T10:05:03.386231,3094,0.108,0.018,0.000,109.5
2026-08-04T10:05:03.445296,3095,0.105,0.016,0.000,17.2
2026-08-04T10:05:03.513144,3096,0.108,0.017,0.000,14.9
2026-08-04T10:05:03.545791,3097,0.110,0.017,0.000,31.4
2026-08-04T10:05:03.580321,3098,0.108,0.017,0.000,29.6
2026-08-04T10:05:03.677946,3099,0.109,0.017,0.000,10.4
2026-08-04T10:05:03.689509,3100,0.111,0.018,0.000,92.5
2026-08-04T10:05:03.746975,3101,0.108,0.019,0.000,18.2
2026-08-04T10:05:03.805741,3102,0.107,0.018,0.000,17.3
2026-08-04T10:05:03.813981,3103,0.108,0.020,0.000,132.8
2026-08-04T10:05:03.878190,3104,0.103,0.019,0.000,15.8
2026-08-04T10:05:03.945548,3105,0.104,0.019,0.000,15.1
2026-08-04T10:05:03.954806,3106,0.105,0.019,0.000,118.6
2026-08-04T10:05:04.012703,3107,0.104,0.017,0.000,17.5
2026-08-04T10:05:04.110581,3108,0.103,0.016,0.000,10.3
2026-08-04T10:05:04.120689,3109,0.103,0.016,0.000,112.8
2026-08-04T10:05:04.176658,3110,0.102,0.017,0.000,18.1
2026-08-04T10:05:04.249618,3111,0.103,0.017,0.000,13.9
2026-08-04T10:05:04.274363,3112,0.099,0.016,0.000,41.8
2026-08-04T10:05:04.312753,3113,0.099,0.017,0.000,26.6
2026-08-04T10:05:04.409041,3114,0.098,0.016,0.000,10.5
2026-08-04T10:05:04.418230,3115,0.099,0.016,0.000,118.6
2026-08-04T10:05:04.476970,3116,0.098,0.017,0.000,17.3
2026-08-04T10:05:04.545720,3117,0.097,0.017,0.000,14.7
2026-08-04T10:05:04.554899,3118,0.098,0.017,0.000,118.7
2026-08-04T10:05:04.608426,3119,0.100,0.018,0.000,18.9
2026-08-04T10:05:04.676214,3120,0.102,0.018,0.000,14.9
2026-08-04T10:05:04.707918,3121,0.102,0.021,0.000,32.3
2026-08-04T10:05:04.746836,3122,0.101,0.019,0.000,26.2
2026-08-04T10:05:04.847362,3123,0.102,0.018,0.000,10.0
2026-08-04T10:05:04.857841,3124,0.103,0.018,0.000,103.1
2026-08-04T10:05:04.909279,3125,0.104,0.019,0.000,19.7
2026-08-04T10:05:04.984959,3126,0.105,0.019,0.000,13.4
2026-08-04T10:05:04.994408,3127,0.108,0.020,0.000,115.2
2026-08-04T10:05:05.042994,3128,0.106,0.019,0.000,21.0
2026-08-04T10:05:05.110095,3129,0.112,0.020,0.000,15.1
2026-08-04T10:05:05.120868,3130,0.115,0.019,0.000,100.1
2026-08-04T10:05:05.177521,3131,0.111,0.017,0.000,17.9
2026-08-04T10:05:05.276539,3132,0.111,0.017,0.000,10.2
2026-08-04T10:05:05.288765,3133,0.112,0.017,0.000,87.1
2026-08-04T10:05:05.341181,3134,0.110,0.018,0.000,19.5
2026-08-04T10:05:05.409559,3135,0.106,0.018,0.000,14.8
2026-08-04T10:05:05.442118,3136,0.107,0.019,0.000,31.4
2026-08-04T10:05:05.478188,3137,0.105,0.019,0.000,28.6
2026-08-04T10:05:05.573464,3138,0.105,0.019,0.000,10.6
2026-08-04T10:05:05.585094,3139,0.105,0.019,0.000,93.8
2026-08-04T10:05:05.641402,3140,0.104,0.019,0.000,18.0
2026-08-04T10:05:05.710716,3141,0.104,0.018,0.000,14.7
2026-08-04T10:05:05.722131,3142,0.104,0.020,0.000,94.1
2026-08-04T10:05:05.772955,3143,0.106,0.019,0.000,20.2
2026-08-04T10:05:05.841316,3144,0.107,0.020,0.000,14.9
2026-08-04T10:05:05.869939,3145,0.106,0.020,0.000,35.9
2026-08-04T10:05:05.910088,3146,0.107,0.019,0.000,25.4
2026-08-04T10:05:06.007437,3147,0.108,0.018,0.000,10.4
2026-08-04T10:05:06.017594,3148,0.109,0.018,0.000,107.6
2026-08-04T10:05:06.073298,3149,0.108,0.019,0.000,18.3
2026-08-04T10:05:06.139900,3150,0.109,0.018,0.000,15.2
2026-08-04T10:05:06.151097,3151,0.109,0.019,0.000,97.9
2026-08-04T10:05:06.207352,3152,0.111,0.019,0.000,18.1
2026-08-04T10:05:06.277460,3153,0.113,0.018,0.000,14.7
2026-08-04T10:05:06.288149,3154,0.114,0.019,0.000,102.6
2026-08-04T10:05:06.342476,3155,0.115,0.019,0.000,18.7
2026-08-04T10:05:06.437612,3156,0.116,0.017,0.000,10.6
2026-08-04T10:05:06.450412,3157,0.115,0.018,0.000,83.4
2026-08-04T10:05:06.507654,3158,0.111,0.017,0.000,17.8
2026-08-04T10:05:06.579801,3159,0.113,0.018,0.000,14.1
2026-08-04T10:05:06.603397,3160,0.120,0.017,0.000,44.1
2026-08-04T10:05:06.642240,3161,0.120,0.017,0.000,26.4
2026-08-04T10:05:06.745357,3162,0.118,0.017,0.000,9.8
2026-08-04T10:05:06.755759,3163,0.117,0.018,0.000,103.4
2026-08-04T10:05:06.805820,3164,0.116,0.016,0.000,20.4
2026-08-04T10:05:06.868246,3165,0.117,0.016,0.000,16.3
2026-08-04T10:05:06.878459,3166,0.115,0.016,0.000,105.7
2026-08-04T10:05:06.937710,3167,0.113,0.016,0.000,17.1
2026-08-04T10:05:07.006830,3168,0.112,0.015,0.000,14.7
2026-08-04T10:05:07.036611,3169,0.109,0.017,0.000,34.6
2026-08-04T10:05:07.073108,3170,0.110,0.016,0.000,28.5
2026-08-04T10:05:07.168538,3171,0.111,0.015,0.000,10.6
2026-08-04T10:05:07.178008,3172,0.111,0.016,0.000,116.7
2026-08-04T10:05:07.236467,3173,0.113,0.016,0.000,17.3
2026-08-04T10:05:07.306304,3174,0.111,0.015,0.000,14.5
2026-08-04T10:05:07.335420,3175,0.114,0.016,0.000,35.3
2026-08-04T10:05:07.370502,3176,0.115,0.016,0.000,29.1
2026-08-04T10:05:07.441687,3177,0.115,0.016,0.000,14.2
2026-08-04T10:05:07.452619,3178,0.114,0.016,0.000,100.9
2026-08-04T10:05:07.503999,3179,0.112,0.016,0.000,19.7
2026-08-04T10:05:07.599684,3180,0.110,0.018,0.000,10.5
2026-08-04T10:05:07.610202,3181,0.109,0.017,0.000,102.8
2026-08-04T10:05:07.668631,3182,0.110,0.016,0.000,17.4
2026-08-04T10:05:07.738576,3183,0.112,0.017,0.000,14.5
2026-08-04T10:05:07.767925,3184,0.110,0.018,0.000,36.2
2026-08-04T10:05:07.805181,3185,0.110,0.017,0.000,27.4
2026-08-04T10:05:07.898441,3186,0.110,0.018,0.000,10.9
2026-08-04T10:05:07.908923,3187,0.110,0.017,0.000,102.6
2026-08-04T10:05:07.969218,3188,0.111,0.018,0.000,16.8
2026-08-04T10:05:08.033550,3189,0.113,0.017,0.000,15.8
2026-08-04T10:05:08.042870,3190,0.115,0.017,0.000,118.6
2026-08-04T10:05:08.100852,3191,0.113,0.014,0.000,17.4
2026-08-04T10:05:08.171044,3192,0.109,0.015,0.000,14.4
2026-08-04T10:05:08.200361,3193,0.111,0.014,0.000,35.2
2026-08-04T10:05:08.236505,3194,0.111,0.015,0.000,28.3
2026-08-04T10:05:08.334620,3195,0.113,0.019,0.000,10.3
2026-08-04T10:05:08.344644,3196,0.118,0.023,0.000,107.7
2026-08-04T10:05:08.401576,3197,0.130,0.026,0.000,17.8
2026-08-04T10:05:08.470864,3198,0.140,0.022,0.000,14.7
2026-08-04T10:05:08.499803,3199,0.140,0.014,0.000,35.7
2026-08-04T10:05:08.529783,3200,0.000,0.000,0.000,34.1
2026-08-04T10:05:08.602885,3201,0.000,0.000,0.000,13.9
2026-08-04T10:05:08.611155,3202,0.000,0.000,0.000,135.9
2026-08-04T10:05:08.668050,3203,0.000,0.000,0.000,17.9
2026-08-04T10:05:08.766253,3204,0.000,0.000,0.000,10.3
2026-08-04T10:05:08.773844,3205,0.000,0.000,0.000,145.3
2026-08-04T10:05:08.832954,3206,0.000,0.000,0.000,17.3
2026-08-04T10:05:08.906755,3207,0.000,0.000,0.000,13.8
2026-08-04T10:05:08.930381,3208,0.000,0.000,0.000,43.9
2026-08-04T10:05:08.968739,3209,0.000,0.000,0.000,26.8
2026-08-04T10:05:09.065334,3210,0.000,0.000,0.000,10.5
2026-08-04T10:05:09.073051,3211,0.000,0.000,0.000,143.2
2026-08-04T10:05:09.132623,3212,0.000,0.000,0.000,17.5
2026-08-04T10:05:09.200423,3213,0.000,0.000,0.000,15.0
2026-08-04T10:05:09.210659,3214,0.000,0.000,0.000,107.1
2026-08-04T10:05:09.263429,3215,0.000,0.000,0.000,19.3
2026-08-04T10:05:09.334917,3216,0.000,0.000,0.000,14.2
2026-08-04T10:05:09.365309,3217,0.000,0.000,0.000,34.0
2026-08-04T10:05:09.402236,3218,0.000,0.000,0.000,28.3
2026-08-04T10:05:09.499987,3219,0.000,0.000,0.000,10.4
2026-08-04T10:05:09.509670,3220,0.000,0.000,0.000,113.2
2026-08-04T10:05:09.564830,3221,0.000,0.000,0.000,18.5
2026-08-04T10:05:09.636618,3222,0.000,0.000,0.000,14.1
2026-08-04T10:05:09.662571,3223,0.000,0.000,0.000,41.3
2026-08-04T10:05:09.699137,3224,0.000,0.000,0.000,28.5
2026-08-04T10:05:09.769592,3225,0.000,0.000,0.000,14.5
2026-08-04T10:05:09.777359,3226,0.000,0.000,0.000,143.8
2026-08-04T10:05:09.830056,3227,0.000,0.000,0.000,19.4
2026-08-04T10:05:09.930591,3228,0.000,0.000,0.000,10.0
2026-08-04T10:05:09.938394,3229,0.000,0.000,0.000,141.8
2026-08-04T10:05:09.996123,3230,0.000,0.000,0.000,17.6
2026-08-04T10:05:10.066704,3231,0.000,0.000,0.000,14.4
2026-08-04T10:05:10.096554,3232,0.000,0.000,0.000,34.4
2026-08-04T10:05:10.131944,3233,0.000,0.000,0.000,28.9
2026-08-04T10:05:10.232370,3234,0.000,0.000,0.000,10.1
2026-08-04T10:05:10.240538,3235,0.000,0.000,0.000,134.1
2026-08-04T10:05:10.296031,3236,0.000,0.000,0.000,18.4
2026-08-04T10:05:10.362604,3237,0.000,0.000,0.000,15.2
2026-08-04T10:05:10.373468,3238,0.000,0.000,0.000,109.9
2026-08-04T10:05:10.428007,3239,0.000,0.000,0.000,18.8
2026-08-04T10:05:10.500310,3240,0.000,0.000,0.000,14.1
2026-08-04T10:05:10.528544,3241,0.000,0.000,0.000,36.4
2026-08-04T10:05:10.565251,3242,0.000,0.000,0.000,28.6
2026-08-04T10:05:10.661637,3243,0.000,0.000,0.000,10.6
2026-08-04T10:05:10.671930,3244,0.000,0.000,0.000,104.5
2026-08-04T10:05:10.729844,3245,0.000,0.000,0.000,17.7
2026-08-04T10:05:10.795531,3246,0.000,0.000,0.000,15.5
2026-08-04T10:05:10.829502,3247,0.000,0.000,0.000,30.1
2026-08-04T10:05:10.863203,3248,0.000,0.000,0.000,31.0
2026-08-04T10:05:10.929251,3249,0.000,0.000,0.000,15.4
2026-08-04T10:05:10.936995,3250,0.000,0.000,0.000,142.4
2026-08-04T10:05:10.996909,3251,0.000,0.000,0.000,16.9
2026-08-04T10:05:11.097247,3252,0.000,0.000,0.000,10.1
2026-08-04T10:05:11.107613,3253,0.000,0.000,0.000,105.3
2026-08-04T10:05:11.161466,3254,0.000,0.000,0.000,18.9
2026-08-04T10:05:11.233719,3255,0.000,0.000,0.000,14.0
2026-08-04T10:05:11.260581,3256,0.000,0.000,0.000,38.3
2026-08-04T10:05:11.297465,3257,0.000,0.000,0.000,27.9
2026-08-04T10:05:11.391565,3258,0.000,0.000,0.000,10.8
2026-08-04T10:05:11.399679,3259,0.000,0.000,0.000,135.4
2026-08-04T10:05:11.463560,3260,0.000,0.000,0.000,16.1
2026-08-04T10:05:11.526167,3261,0.000,0.000,0.000,16.2
2026-08-04T10:05:11.534180,3262,0.000,0.000,0.000,138.1
2026-08-04T10:05:11.594626,3263,0.000,0.000,0.000,16.9
2026-08-04T10:05:11.662874,3264,0.000,0.000,0.000,14.9
2026-08-04T10:05:11.693906,3265,0.000,0.000,0.000,33.0
2026-08-04T10:05:11.730603,3266,0.000,0.000,0.000,27.9
2026-08-04T10:05:11.825640,3267,0.000,0.000,0.000,10.7
2026-08-04T10:05:11.834044,3268,0.000,0.000,0.000,129.6
2026-08-04T10:05:11.892642,3269,0.000,0.000,0.000,17.3
2026-08-04T10:05:11.962145,3270,0.000,0.000,0.000,14.5
2026-08-04T10:05:11.989541,3271,0.000,0.000,0.000,37.8
2026-08-04T10:05:12.023001,3272,0.000,0.000,0.000,30.7
2026-08-04T10:05:12.093106,3273,0.000,0.000,0.000,14.5
2026-08-04T10:05:12.101179,3274,0.000,0.000,0.000,137.1
2026-08-04T10:05:12.159917,3275,0.000,0.000,0.000,17.3
2026-08-04T10:05:12.256531,3276,0.000,0.000,0.000,10.4
2026-08-04T10:05:12.265027,3277,0.000,0.000,0.000,130.3
2026-08-04T10:05:12.323725,3278,0.000,0.000,0.000,17.3
2026-08-04T10:05:12.393304,3279,0.000,0.000,0.000,14.7
2026-08-04T10:05:12.423126,3280,0.000,0.000,0.000,34.4
2026-08-04T10:05:12.459686,3281,0.000,0.000,0.000,28.0
2026-08-04T10:05:12.562876,3282,0.123,0.002,0.000,9.8
2026-08-04T10:05:12.572618,3283,0.168,0.010,0.000,110.3
2026-08-04T10:05:12.625319,3284,0.324,0.009,0.000,19.3
2026-08-04T10:05:12.691146,3285,0.362,0.004,0.000,15.5
2026-08-04T10:05:12.701088,3286,0.361,0.003,0.000,109.9
2026-08-04T10:05:12.757105,3287,0.322,0.002,0.000,18.2
2026-08-04T10:05:12.827609,3288,0.333,0.007,0.000,14.4
2026-08-04T10:05:12.856007,3289,0.317,0.003,0.000,36.2
2026-08-04T10:05:12.894133,3290,0.318,0.001,0.000,26.7
2026-08-04T10:05:12.994723,3291,0.329,0.002,0.000,10.0
2026-08-04T10:05:13.005031,3292,0.324,0.006,0.000,103.9
2026-08-04T10:05:13.057391,3293,0.312,0.007,0.000,19.5
2026-08-04T10:05:13.128729,3294,0.299,0.009,0.000,14.2
2026-08-04T10:05:13.157150,3295,0.293,0.005,0.000,36.1
2026-08-04T10:05:13.190802,3296,0.294,0.007,0.000,32.2
2026-08-04T10:05:13.261342,3297,0.296,0.009,0.000,14.4
2026-08-04T10:05:13.272626,3298,0.294,0.007,0.000,94.7
2026-08-04T10:05:13.326118,3299,0.291,0.007,0.000,19.0
2026-08-04T10:05:13.422568,3300,0.287,0.009,0.000,10.5
2026-08-04T10:05:13.433224,3301,0.293,0.007,0.000,101.3
2026-08-04T10:05:13.488962,3302,0.287,0.005,0.000,18.2
2026-08-04T10:05:13.557163,3303,0.288,0.007,0.000,14.8
2026-08-04T10:05:13.588656,3304,0.283,0.008,0.000,32.7
2026-08-04T10:05:13.627074,3305,0.282,0.007,0.000,26.7
2026-08-04T10:05:13.731041,3306,0.282,0.009,0.000,9.7
2026-08-04T10:05:13.740357,3307,0.286,0.007,0.000,116.7
2026-08-04T10:05:13.790178,3308,0.276,0.007,0.000,20.4
2026-08-04T10:05:13.853126,3309,0.271,0.005,0.000,16.1
2026-08-04T10:05:13.862335,3310,0.269,0.005,0.000,129.5
2026-08-04T10:05:13.920818,3311,0.273,0.006,0.000,17.3
2026-08-04T10:05:13.993384,3312,0.278,0.005,0.000,14.1
2026-08-04T10:05:14.022632,3313,0.282,0.006,0.000,35.1
2026-08-04T10:05:14.057944,3314,0.276,0.007,0.000,28.9
2026-08-04T10:05:14.150790,3315,0.283,0.010,0.000,10.8
2026-08-04T10:05:14.162245,3316,0.286,0.010,0.000,93.5
2026-08-04T10:05:14.225011,3317,0.289,0.006,0.000,16.2
2026-08-04T10:05:14.288926,3318,0.295,0.005,0.000,15.9
2026-08-04T10:05:14.321888,3319,0.298,0.006,0.000,31.4
2026-08-04T10:05:14.354959,3320,0.297,0.006,0.000,30.9
2026-08-04T10:05:14.420454,3321,0.295,0.004,0.000,15.5
2026-08-04T10:05:14.431299,3322,0.293,0.004,0.000,99.0
2026-08-04T10:05:14.489455,3323,0.288,0.005,0.000,17.5
2026-08-04T10:05:14.587476,3324,0.282,0.004,0.000,10.3
2026-08-04T10:05:14.596072,3325,0.279,0.004,0.000,126.9
2026-08-04T10:05:14.654541,3326,0.277,0.004,0.000,17.3
2026-08-04T10:05:14.734148,3327,0.276,0.004,0.000,12.7
2026-08-04T10:05:14.750390,3328,0.271,0.003,0.000,64.6
2026-08-04T10:05:14.790663,3329,0.272,0.003,0.000,25.7
2026-08-04T10:05:14.881316,3330,0.275,0.003,0.000,11.1
2026-08-04T10:05:14.891097,3331,0.275,0.003,0.000,110.2
2026-08-04T10:05:14.955847,3332,0.281,0.003,0.000,15.6
2026-08-04T10:05:15.024137,3333,0.283,0.003,0.000,15.0
2026-08-04T10:05:15.032817,3334,0.285,0.003,0.000,126.0
2026-08-04T10:05:15.085642,3335,0.292,0.002,0.000,19.3
2026-08-04T10:05:15.155803,3336,0.296,0.002,0.000,14.5
2026-08-04T10:05:15.183820,3337,0.301,0.002,0.000,36.7
2026-08-04T10:05:15.222953,3338,0.304,0.002,0.000,26.3
2026-08-04T10:05:15.317241,3339,0.308,0.002,0.000,10.8
2026-08-04T10:05:15.328297,3340,0.313,0.002,0.000,97.2
2026-08-04T10:05:15.385246,3341,0.317,0.002,0.000,17.8
2026-08-04T10:05:15.454123,3342,0.320,0.003,0.000,14.8
2026-08-04T10:05:15.487335,3343,0.324,0.007,0.000,31.5
2026-08-04T10:05:15.516188,3344,0.324,0.008,0.000,36.1
2026-08-04T10:05:15.585160,3345,0.323,0.010,0.000,14.6
2026-08-04T10:05:15.594251,3346,0.325,0.009,0.000,120.4
2026-08-04T10:05:15.654377,3347,0.321,0.016,0.000,16.9
2026-08-04T10:05:15.755977,3348,0.321,0.022,0.000,9.9
2026-08-04T10:05:15.767190,3349,0.318,0.021,0.000,96.0
2026-08-04T10:05:15.818653,3350,0.317,0.018,0.000,19.7
2026-08-04T10:05:15.890543,3351,0.316,0.012,0.000,14.1
2026-08-04T10:05:15.915545,3352,0.315,0.003,0.000,41.4
2026-08-04T10:05:15.955751,3353,0.315,0.001,0.000,25.5
2026-08-04T10:05:16.051728,3354,0.312,0.004,0.000,10.5
2026-08-04T10:05:16.062036,3355,0.315,0.005,0.000,116.6
2026-08-04T10:05:16.117549,3356,0.315,0.005,0.000,18.2
2026-08-04T10:05:16.182898,3357,0.315,0.005,0.000,15.5
2026-08-04T10:05:16.192447,3358,0.316,0.004,0.000,113.6
2026-08-04T10:05:16.249888,3359,0.313,0.001,0.000,17.6
2026-08-04T10:05:16.319191,3360,0.311,0.002,0.000,14.6
2026-08-04T10:05:16.347059,3361,0.310,0.003,0.000,39.2
2026-08-04T10:05:16.385688,3362,0.314,0.002,0.000,26.4
2026-08-04T10:05:16.483945,3363,0.312,0.002,0.000,10.3
2026-08-04T10:05:16.492782,3364,0.318,0.001,0.000,125.2
2026-08-04T10:05:16.548268,3365,0.305,0.001,0.000,18.3
2026-08-04T10:05:16.619493,3366,0.308,0.002,0.000,14.2
2026-08-04T10:05:16.647859,3367,0.312,0.002,0.000,36.1
2026-08-04T10:05:16.680410,3368,0.310,0.004,0.000,31.4
2026-08-04T10:05:16.753396,3369,0.311,0.005,0.000,13.9
2026-08-04T10:05:16.763067,3370,0.311,0.003,0.000,111.6
2026-08-04T10:05:16.815626,3371,0.305,0.007,0.000,19.4
2026-08-04T10:05:16.913546,3372,0.306,0.008,0.000,10.3
2026-08-04T10:05:16.924599,3373,0.306,0.005,0.000,98.3
2026-08-04T10:05:16.983508,3374,0.306,0.001,0.000,17.2
2026-08-04T10:05:17.056526,3375,0.313,0.002,0.000,13.8
2026-08-04T10:05:17.078894,3376,0.305,0.002,0.000,46.6
2026-08-04T10:05:17.116198,3377,0.299,0.002,0.000,27.4
2026-08-04T10:05:17.220858,3378,0.305,0.002,0.000,9.7
2026-08-04T10:05:17.232888,3379,0.310,0.002,0.000,92.0
2026-08-04T10:05:17.280865,3380,0.304,0.003,0.000,21.2
2026-08-04T10:05:17.351523,3381,0.311,0.003,0.000,14.3
2026-08-04T10:05:17.361605,3382,0.318,0.003,0.000,108.1
2026-08-04T10:05:17.412887,3383,0.322,0.004,0.000,20.2
2026-08-04T10:05:17.489033,3384,0.313,0.003,0.000,13.3
2026-08-04T10:05:17.513974,3385,0.308,0.002,0.000,41.3
2026-08-04T10:05:17.550693,3386,0.308,0.002,0.000,27.8
2026-08-04T10:05:17.644360,3387,0.308,0.003,0.000,10.8
2026-08-04T10:05:17.655577,3388,0.310,0.003,0.000,94.9
2026-08-04T10:05:17.719072,3389,0.309,0.003,0.000,15.9
2026-08-04T10:05:17.776895,3390,0.310,0.003,0.000,17.6
2026-08-04T10:05:17.813996,3391,0.307,0.003,0.000,27.5
2026-08-04T10:05:17.846340,3392,0.303,0.003,0.000,31.8
2026-08-04T10:05:17.912531,3393,0.303,0.003,0.000,15.3
2026-08-04T10:05:17.921832,3394,0.305,0.003,0.000,116.2
2026-08-04T10:05:17.984590,3395,0.304,0.004,0.000,16.6
2026-08-04T10:05:18.075204,3396,0.302,0.003,0.000,11.1
2026-08-04T10:05:18.083783,3397,0.301,0.003,0.000,126.6
2026-08-04T10:05:18.144429,3398,0.298,0.003,0.000,16.7
2026-08-04T10:05:18.219124,3399,0.297,0.004,0.000,13.6
2026-08-04T10:05:18.245375,3400,0.297,0.003,0.000,40.0
2026-08-04T10:05:18.284832,3401,0.298,0.003,0.000,25.8
2026-08-04T10:05:18.376664,3402,0.298,0.003,0.000,11.0
2026-08-04T10:05:18.387168,3403,0.299,0.003,0.000,102.1
2026-08-04T10:05:18.446148,3404,0.299,0.004,0.000,17.4
2026-08-04T10:05:18.507752,3405,0.298,0.004,0.000,16.6
2026-08-04T10:05:18.516738,3406,0.299,0.003,0.000,121.7
2026-08-04T10:05:18.577788,3407,0.299,0.003,0.000,16.6
2026-08-04T10:05:18.650147,3408,0.300,0.003,0.000,14.0
2026-08-04T10:05:18.675176,3409,0.302,0.004,0.000,41.1
2026-08-04T10:05:18.715950,3410,0.302,0.004,0.000,25.0
2026-08-04T10:05:18.808674,3411,0.302,0.003,0.000,10.9
2026-08-04T10:05:18.821163,3412,0.303,0.003,0.000,84.8
2026-08-04T10:05:18.877087,3413,0.302,0.003,0.000,18.2
2026-08-04T10:05:18.946342,3414,0.303,0.003,0.000,14.7
2026-08-04T10:05:18.977888,3415,0.304,0.003,0.000,32.4
2026-08-04T10:05:19.010419,3416,0.307,0.003,0.000,31.4
2026-08-04T10:05:19.076890,3417,0.307,0.003,0.000,15.2
2026-08-04T10:05:19.089223,3418,0.307,0.003,0.000,86.5
2026-08-04T10:05:19.146195,3419,0.196,0.003,0.000,17.7
2026-08-04T10:05:19.243042,3420,0.110,0.003,0.000,10.4
2026-08-04T10:05:19.253523,3421,0.151,0.003,0.000,102.5
2026-08-04T10:05:19.309419,3422,0.197,0.003,0.000,18.2
2026-08-04T10:05:19.381056,3423,0.228,0.003,0.000,14.2
2026-08-04T10:05:19.408546,3424,0.263,0.003,0.000,37.5
2026-08-04T10:05:19.444556,3425,0.278,0.003,0.000,28.4
2026-08-04T10:05:19.548661,3426,0.288,0.003,0.000,9.7
2026-08-04T10:05:19.558941,3427,0.292,0.003,0.000,107.3
2026-08-04T10:05:19.608652,3428,0.296,0.003,0.000,20.4
2026-08-04T10:05:19.678265,3429,0.298,0.003,0.000,14.5
2026-08-04T10:05:19.687220,3430,0.299,0.004,0.000,122.3
2026-08-04T10:05:19.741497,3431,0.301,0.004,0.000,18.7
2026-08-04T10:05:19.811220,3432,0.302,0.004,0.000,14.5
2026-08-04T10:05:19.840056,3433,0.304,0.004,0.000,35.6
2026-08-04T10:05:19.878373,3434,0.305,0.003,0.000,26.9
2026-08-04T10:05:19.982046,3435,0.305,0.003,0.000,9.7
2026-08-04T10:05:19.994542,3436,0.305,0.003,0.000,86.8
2026-08-04T10:05:20.039127,3437,0.302,0.003,0.000,22.7
2026-08-04T10:05:20.113390,3438,0.303,0.003,0.000,13.6
2026-08-04T10:05:20.138744,3439,0.307,0.003,0.000,40.7
2026-08-04T10:05:20.174440,3440,0.308,0.003,0.000,28.5
2026-08-04T10:05:20.242471,3441,0.309,0.003,0.000,14.9
2026-08-04T10:05:20.251366,3442,0.310,0.003,0.000,123.1
2026-08-04T10:05:20.309758,3443,0.312,0.003,0.000,17.4
2026-08-04T10:05:20.405761,3444,0.313,0.003,0.000,10.5
2026-08-04T10:05:20.415763,3445,0.314,0.003,0.000,107.6
2026-08-04T10:05:20.472033,3446,0.316,0.003,0.000,18.0
2026-08-04T10:05:20.542352,3447,0.316,0.003,0.000,14.4
2026-08-04T10:05:20.570442,3448,0.316,0.003,0.000,36.6
2026-08-04T10:05:20.609182,3449,0.316,0.003,0.000,26.3
2026-08-04T10:05:20.708724,3450,0.316,0.003,0.000,10.1
2026-08-04T10:05:20.720528,3451,0.316,0.003,0.000,123.3
2026-08-04T10:05:20.772725,3452,0.317,0.003,0.000,19.4
2026-08-04T10:05:20.839289,3453,0.316,0.003,0.000,15.3
2026-08-04T10:05:20.850698,3454,0.277,0.003,0.000,99.6
2026-08-04T10:05:20.904727,3455,0.052,0.003,0.000,18.7
2026-08-04T10:05:20.978324,3456,0.025,0.004,0.000,13.8
2026-08-04T10:05:21.003856,3457,0.075,0.005,0.000,41.2
2026-08-04T10:05:21.040886,3458,0.111,0.005,0.000,27.6
2026-08-04T10:05:21.137518,3459,0.172,0.005,0.000,10.4
2026-08-04T10:05:21.148334,3460,0.209,0.004,0.000,99.1
2026-08-04T10:05:21.208073,3461,0.243,0.004,0.000,16.9
2026-08-04T10:05:21.275558,3462,0.254,0.004,0.000,15.1
2026-08-04T10:05:21.305432,3463,0.264,0.004,0.000,34.3
2026-08-04T10:05:21.338225,3464,0.266,0.004,0.000,31.6
2026-08-04T10:05:21.406236,3465,0.268,0.004,0.000,15.0
2026-08-04T10:05:21.418888,3466,0.271,0.004,0.000,84.2
2026-08-04T10:05:21.472527,3467,0.274,0.003,0.000,19.0
2026-08-04T10:05:21.571906,3468,0.274,0.003,0.000,10.2
2026-08-04T10:05:21.582831,3469,0.275,0.003,0.000,97.9
2026-08-04T10:05:21.637584,3470,0.276,0.003,0.000,18.6
2026-08-04T10:05:21.713939,3471,0.264,0.003,0.000,13.2
2026-08-04T10:05:21.737541,3472,0.270,0.003,0.000,44.8
2026-08-04T10:05:21.775347,3473,0.275,0.003,0.000,27.1
2026-08-04T10:05:21.868529,3474,0.283,0.003,0.000,10.9
2026-08-04T10:05:21.877324,3475,0.286,0.003,0.000,124.2
2026-08-04T10:05:21.940126,3476,0.286,0.003,0.000,16.1
2026-08-04T10:05:22.004265,3477,0.287,0.004,0.000,15.9
2026-08-04T10:05:22.013420,3478,0.287,0.003,0.000,119.0
2026-08-04T10:05:22.070225,3479,0.288,0.004,0.000,17.8
2026-08-04T10:05:22.138927,3480,0.290,0.003,0.000,14.8
2026-08-04T10:05:22.168311,3481,0.292,0.003,0.000,35.0
2026-08-04T10:05:22.207695,3482,0.294,0.004,0.000,25.9
2026-08-04T10:05:22.300427,3483,0.246,0.003,0.000,10.9
2026-08-04T10:05:22.311230,3484,0.093,0.003,0.000,99.5
2026-08-04T10:05:22.370017,3485,0.114,0.003,0.000,17.2
2026-08-04T10:05:22.441887,3486,0.132,0.003,0.000,14.1
2026-08-04T10:05:22.467339,3487,0.200,0.003,0.000,40.5
2026-08-04T10:05:22.504267,3488,0.231,0.003,0.000,27.9
2026-08-04T10:05:22.571043,3489,0.251,0.003,0.000,15.3
2026-08-04T10:05:22.579706,3490,0.269,0.003,0.000,125.8
2026-08-04T10:05:22.637466,3491,0.282,0.004,0.000,17.6
2026-08-04T10:05:22.745617,3492,0.290,0.003,0.000,9.3
2026-08-04T10:05:22.755732,3493,0.293,0.004,0.000,118.4
2026-08-04T10:05:22.801584,3494,0.295,0.003,0.000,22.3
2026-08-04T10:05:22.868577,3495,0.295,0.003,0.000,15.2
2026-08-04T10:05:22.900458,3496,0.297,0.003,0.000,32.2
2026-08-04T10:05:22.938249,3497,0.298,0.003,0.000,27.0
2026-08-04T10:05:23.034941,3498,0.299,0.003,0.000,10.4
2026-08-04T10:05:23.045638,3499,0.301,0.003,0.000,101.2
2026-08-04T10:05:23.100903,3500,0.303,0.003,0.000,18.4
2026-08-04T10:05:23.164299,3501,0.298,0.003,0.000,16.1
2026-08-04T10:05:23.173604,3502,0.299,0.003,0.000,116.4
2026-08-04T10:05:23.235466,3503,0.303,0.003,0.000,16.4
2026-08-04T10:05:23.302102,3504,0.305,0.003,0.000,15.3
2026-08-04T10:05:23.333760,3505,0.307,0.003,0.000,32.3
2026-08-04T10:05:23.369247,3506,0.309,0.003,0.000,28.8
2026-08-04T10:05:23.472705,3507,0.311,0.003,0.000,9.7
2026-08-04T10:05:23.484468,3508,0.310,0.004,0.000,102.2
2026-08-04T10:05:23.534282,3509,0.309,0.003,0.000,20.4
2026-08-04T10:05:23.600354,3510,0.310,0.003,0.000,15.3
2026-08-04T10:05:23.635941,3511,0.310,0.003,0.000,28.7
2026-08-04T10:05:23.665687,3512,0.310,0.003,0.000,34.5
2026-08-04T10:05:23.741973,3513,0.310,0.003,0.000,13.3
2026-08-04T10:05:23.750997,3514,0.310,0.003,0.000,121.1
2026-08-04T10:05:23.803476,3515,0.310,0.003,0.000,19.3
2026-08-04T10:05:23.898022,3516,0.310,0.004,0.000,10.7
2026-08-04T10:05:23.910708,3517,0.310,0.003,0.000,83.4
2026-08-04T10:05:23.968211,3518,0.308,0.003,0.000,17.6
2026-08-04T10:05:24.035954,3519,0.310,0.004,0.000,15.0
2026-08-04T10:05:24.063008,3520,0.310,0.004,0.000,38.0
2026-08-04T10:05:24.102317,3521,0.310,0.004,0.000,25.9
2026-08-04T10:05:24.194284,3522,0.310,0.004,0.000,11.0
2026-08-04T10:05:24.202966,3523,0.309,0.004,0.000,126.5
2026-08-04T10:05:24.265631,3524,0.309,0.004,0.000,16.3
2026-08-04T10:05:24.334712,3525,0.309,0.004,0.000,14.7
2026-08-04T10:05:24.346768,3526,0.309,0.004,0.000,88.4
2026-08-04T10:05:24.398179,3527,0.309,0.004,0.000,19.9
2026-08-04T10:05:24.472561,3528,0.309,0.004,0.000,13.6
2026-08-04T10:05:24.497055,3529,0.309,0.003,0.000,42.7
2026-08-04T10:05:24.535959,3530,0.309,0.003,0.000,26.2
2026-08-04T10:05:24.628137,3531,0.309,0.004,0.000,10.9
2026-08-04T10:05:24.638642,3532,0.308,0.004,0.000,102.2
2026-08-04T10:05:24.697716,3533,0.309,0.004,0.000,17.1
2026-08-04T10:05:24.770900,3534,0.309,0.004,0.000,13.8
2026-08-04T10:05:24.794252,3535,0.310,0.004,0.000,44.2
2026-08-04T10:05:24.830482,3536,0.310,0.004,0.000,28.3
2026-08-04T10:05:24.893356,3537,0.309,0.004,0.000,16.1
2026-08-04T10:05:24.902420,3538,0.309,0.004,0.000,120.1
2026-08-04T10:05:24.969290,3539,0.308,0.004,0.000,15.1
2026-08-04T10:05:25.060510,3540,0.308,0.004,0.000,11.1
2026-08-04T10:05:25.071662,3541,0.309,0.004,0.000,95.8
2026-08-04T10:05:25.130530,3542,0.309,0.004,0.000,17.3
2026-08-04T10:05:25.195390,3543,0.309,0.004,0.000,15.7
2026-08-04T10:05:25.229223,3544,0.308,0.004,0.000,30.2
2026-08-04T10:05:25.266590,3545,0.308,0.004,0.000,27.4
2026-08-04T10:05:25.358527,3546,0.309,0.004,0.000,11.0
2026-08-04T10:05:25.367620,3547,0.309,0.004,0.000,119.3
2026-08-04T10:05:25.430176,3548,0.309,0.004,0.000,16.2
2026-08-04T10:05:25.497220,3549,0.309,0.004,0.000,15.2
2026-08-04T10:05:25.508911,3550,0.309,0.004,0.000,91.5
2026-08-04T10:05:25.561077,3551,0.309,0.004,0.000,19.5
2026-08-04T10:05:25.629762,3552,0.309,0.004,0.000,14.8
2026-08-04T10:05:25.662370,3553,0.307,0.004,0.000,31.3
2026-08-04T10:05:25.699522,3554,0.305,0.004,0.000,27.6
2026-08-04T10:05:25.796495,3555,0.306,0.003,0.000,10.4
2026-08-04T10:05:25.806037,3556,0.306,0.003,0.000,113.3
2026-08-04T10:05:25.861078,3557,0.306,0.003,0.000,18.4
2026-08-04T10:05:25.933220,3558,0.306,0.003,0.000,14.1
2026-08-04T10:05:25.959938,3559,0.306,0.003,0.000,38.5
2026-08-04T10:05:25.994804,3560,0.306,0.003,0.000,29.3
2026-08-04T10:05:26.063740,3561,0.306,0.003,0.000,14.8
2026-08-04T10:05:26.074210,3562,0.306,0.003,0.000,104.8
2026-08-04T10:05:26.130892,3563,0.306,0.004,0.000,18.0
2026-08-04T10:05:26.230789,3564,0.306,0.004,0.000,10.1
2026-08-04T10:05:26.242882,3565,0.306,0.004,0.000,93.1
2026-08-04T10:05:26.292792,3566,0.308,0.004,0.000,20.3
2026-08-04T10:05:26.359721,3567,0.308,0.004,0.000,15.2
2026-08-04T10:05:26.394538,3568,0.309,0.003,0.000,29.4
2026-08-04T10:05:26.429864,3569,0.310,0.003,0.000,28.9
2026-08-04T10:05:26.523491,3570,0.311,0.003,0.000,10.8
2026-08-04T10:05:26.533999,3571,0.311,0.003,0.000,102.9
2026-08-04T10:05:26.593310,3572,0.312,0.004,0.000,17.0
2026-08-04T10:05:26.660300,3573,0.312,0.004,0.000,15.1
2026-08-04T10:05:26.671433,3574,0.312,0.003,0.000,96.5
2026-08-04T10:05:26.727489,3575,0.312,0.003,0.000,18.0
2026-08-04T10:05:26.791775,3576,0.312,0.003,0.000,15.9
2026-08-04T10:05:26.825834,3577,0.311,0.004,0.000,30.0
2026-08-04T10:05:26.863847,3578,0.311,0.004,0.000,27.1
2026-08-04T10:05:26.957902,3579,0.311,0.004,0.000,10.7
2026-08-04T10:05:26.969781,3580,0.311,0.004,0.000,90.4
2026-08-04T10:05:27.026113,3581,0.311,0.004,0.000,18.0
2026-08-04T10:05:27.095584,3582,0.310,0.004,0.000,14.6
2026-08-04T10:05:27.123347,3583,0.310,0.004,0.000,37.0
2026-08-04T10:05:27.156708,3584,0.310,0.004,0.000,30.9
2026-08-04T10:05:27.230202,3585,0.311,0.004,0.000,13.8
2026-08-04T10:05:27.241904,3586,0.311,0.004,0.000,97.5
2026-08-04T10:05:27.293129,3587,0.310,0.004,0.000,19.8
2026-08-04T10:05:27.391135,3588,0.311,0.004,0.000,10.3
2026-08-04T10:05:27.400076,3589,0.311,0.004,0.000,127.1
2026-08-04T10:05:27.457769,3590,0.311,0.004,0.000,18.1
2026-08-04T10:05:27.531663,3591,0.311,0.004,0.000,13.7
2026-08-04T10:05:27.555627,3592,0.310,0.004,0.000,43.0
2026-08-04T10:05:27.593249,3593,0.308,0.004,0.000,27.3
2026-08-04T10:05:27.687726,3594,0.306,0.004,0.000,10.7
2026-08-04T10:05:27.698935,3595,0.298,0.004,0.000,95.4
2026-08-04T10:05:27.757839,3596,0.067,0.003,0.000,17.2
2026-08-04T10:05:27.831937,3597,0.037,0.003,0.000,13.7
2026-08-04T10:05:27.842329,3598,0.038,0.003,0.000,103.2
2026-08-04T10:05:27.889303,3599,0.035,0.004,0.000,21.7
2026-08-04T10:05:27.962446,3600,0.040,0.004,0.000,13.9
2026-08-04T10:05:27.988675,3601,0.032,0.005,0.000,40.5
2026-08-04T10:05:28.025449,3602,0.031,0.006,0.000,27.8
2026-08-04T10:05:28.119313,3603,0.035,0.006,0.000,10.7
2026-08-04T10:05:28.129639,3604,0.037,0.006,0.000,104.1
2026-08-04T10:05:28.188885,3605,0.036,0.006,0.000,17.1
2026-08-04T10:05:28.257209,3606,0.037,0.006,0.000,14.9
2026-08-04T10:05:28.286949,3607,0.038,0.006,0.000,34.6
2026-08-04T10:05:28.322762,3608,0.039,0.006,0.000,28.5
2026-08-04T10:05:28.394716,3609,0.039,0.006,0.000,14.0
2026-08-04T10:05:28.404525,3610,0.037,0.006,0.000,110.0
2026-08-04T10:05:28.458142,3611,0.037,0.006,0.000,19.2
2026-08-04T10:05:28.552201,3612,0.036,0.006,0.000,10.7
2026-08-04T10:05:28.565538,3613,0.036,0.006,0.000,79.3
2026-08-04T10:05:28.623560,3614,0.037,0.006,0.000,17.4
2026-08-04T10:05:28.694080,3615,0.037,0.006,0.000,14.4
2026-08-04T10:05:28.719016,3616,0.037,0.006,0.000,41.4
2026-08-04T10:05:28.757578,3617,0.038,0.006,0.000,26.4
2026-08-04T10:05:28.854776,3618,0.038,0.006,0.000,10.4
2026-08-04T10:05:28.866222,3619,0.040,0.006,0.000,93.5
2026-08-04T10:05:28.922022,3620,0.040,0.006,0.000,18.1
2026-08-04T10:05:28.990268,3621,0.040,0.006,0.000,14.8
2026-08-04T10:05:28.999201,3622,0.042,0.006,0.000,124.0
2026-08-04T10:05:29.053712,3623,0.061,0.006,0.000,18.6
2026-08-04T10:05:29.119537,3624,0.070,0.006,0.000,15.4
2026-08-04T10:05:29.154523,3625,0.128,0.005,0.000,29.2
2026-08-04T10:05:29.187573,3626,0.180,0.005,0.000,30.9
2026-08-04T10:05:29.288371,3627,0.229,0.004,0.000,10.0
2026-08-04T10:05:29.299225,3628,0.246,0.003,0.000,98.8
2026-08-04T10:05:29.353418,3629,0.265,0.003,0.000,18.7
2026-08-04T10:05:29.428440,3630,0.278,0.003,0.000,13.5
2026-08-04T10:05:29.450340,3631,0.287,0.003,0.000,47.3
2026-08-04T10:05:29.485226,3632,0.294,0.003,0.000,29.4
2026-08-04T10:05:29.556064,3633,0.298,0.003,0.000,14.3
2026-08-04T10:05:29.565721,3634,0.300,0.003,0.000,112.5
2026-08-04T10:05:29.621536,3635,0.304,0.003,0.000,18.2
2026-08-04T10:05:29.718910,3636,0.306,0.003,0.000,10.4
2026-08-04T10:05:29.728150,3637,0.306,0.003,0.000,118.3
2026-08-04T10:05:29.786187,3638,0.306,0.003,0.000,17.5
2026-08-04T10:05:29.855400,3639,0.305,0.003,0.000,14.6
2026-08-04T10:05:29.882910,3640,0.306,0.003,0.000,37.4
2026-08-04T10:05:29.920831,3641,0.306,0.003,0.000,26.9
2026-08-04T10:05:30.018032,3642,0.306,0.003,0.000,10.4
2026-08-04T10:05:30.027233,3643,0.306,0.003,0.000,118.7
2026-08-04T10:05:30.085760,3644,0.307,0.003,0.000,17.4
2026-08-04T10:05:30.149988,3645,0.307,0.003,0.000,15.9
2026-08-04T10:05:30.160461,3646,0.307,0.003,0.000,103.2
2026-08-04T10:05:30.219833,3647,0.307,0.004,0.000,17.0
2026-08-04T10:05:30.283859,3648,0.306,0.003,0.000,15.9
2026-08-04T10:05:30.318674,3649,0.306,0.003,0.000,29.4
2026-08-04T10:05:30.353637,3650,0.306,0.003,0.000,29.3
2026-08-04T10:05:30.448532,3651,0.306,0.003,0.000,10.6
2026-08-04T10:05:30.459740,3652,0.306,0.003,0.000,96.1
2026-08-04T10:05:30.517475,3653,0.306,0.004,0.000,17.6
2026-08-04T10:05:30.588746,3654,0.306,0.004,0.000,14.3
2026-08-04T10:05:30.614988,3655,0.305,0.004,0.000,39.3
2026-08-04T10:05:30.651439,3656,0.305,0.004,0.000,28.1
2026-08-04T10:05:30.722951,3657,0.304,0.004,0.000,14.1
2026-08-04T10:05:30.734406,3658,0.305,0.004,0.000,104.9
2026-08-04T10:05:30.785310,3659,0.304,0.004,0.000,20.0
2026-08-04T10:05:30.881098,3660,0.304,0.004,0.000,10.6
2026-08-04T10:05:30.890963,3661,0.304,0.004,0.000,110.1
2026-08-04T10:05:30.950540,3662,0.304,0.004,0.000,17.0
2026-08-04T10:05:31.019183,3663,0.304,0.004,0.000,14.7
2026-08-04T10:05:31.049858,3664,0.304,0.004,0.000,33.4
2026-08-04T10:05:31.085720,3665,0.303,0.004,0.000,28.8
2026-08-04T10:05:31.187502,3666,0.303,0.004,0.000,9.9
2026-08-04T10:05:31.198953,3667,0.303,0.004,0.000,93.4
2026-08-04T10:05:31.249928,3668,0.304,0.004,0.000,20.0
2026-08-04T10:05:31.320878,3669,0.305,0.004,0.000,14.3
2026-08-04T10:05:31.331683,3670,0.305,0.004,0.000,101.1
2026-08-04T10:05:31.381625,3671,0.305,0.004,0.000,20.4
2026-08-04T10:05:31.450556,3672,0.304,0.004,0.000,14.7
2026-08-04T10:05:31.478765,3673,0.304,0.004,0.000,36.4
2026-08-04T10:05:31.516625,3674,0.304,0.004,0.000,27.0
2026-08-04T10:05:31.614114,3675,0.304,0.004,0.000,10.4
2026-08-04T10:05:31.621888,3676,0.305,0.004,0.000,142.1
2026-08-04T10:05:31.683030,3677,0.304,0.004,0.000,16.5
2026-08-04T10:05:31.754174,3678,0.305,0.004,0.000,14.2
2026-08-04T10:05:31.778049,3679,0.305,0.004,0.000,43.2
2026-08-04T10:05:31.814450,3680,0.303,0.004,0.000,28.0
2026-08-04T10:05:31.879554,3681,0.300,0.004,0.000,15.5
2026-08-04T10:05:31.888388,3682,0.287,0.004,0.000,123.8
2026-08-04T10:05:31.948696,3683,0.229,0.003,0.000,17.2
2026-08-04T10:05:32.046497,3684,0.209,0.004,0.000,10.3
2026-08-04T10:05:32.056675,3685,0.204,0.004,0.000,105.9
2026-08-04T10:05:32.113166,3686,0.203,0.004,0.000,18.4
2026-08-04T10:05:32.183718,3687,0.204,0.004,0.000,14.4
2026-08-04T10:05:32.216730,3688,0.204,0.003,0.000,31.0
2026-08-04T10:05:32.253052,3689,0.204,0.003,0.000,28.5
2026-08-04T10:05:32.344088,3690,0.204,0.003,0.000,11.1
2026-08-04T10:05:32.355474,3691,0.204,0.003,0.000,93.9
2026-08-04T10:05:32.412997,3692,0.204,0.003,0.000,17.8
2026-08-04T10:05:32.480047,3693,0.204,0.003,0.000,15.1
2026-08-04T10:05:32.490441,3694,0.204,0.003,0.000,103.9
2026-08-04T10:05:32.546156,3695,0.204,0.003,0.000,18.3
2026-08-04T10:05:32.612585,3696,0.204,0.004,0.000,15.2
2026-08-04T10:05:32.646506,3697,0.204,0.003,0.000,31.1
2026-08-04T10:05:32.683396,3698,0.204,0.003,0.000,27.7
2026-08-04T10:05:32.778451,3699,0.204,0.003,0.000,10.6
2026-08-04T10:05:32.786897,3700,0.204,0.003,0.000,129.2
2026-08-04T10:05:32.846411,3701,0.204,0.003,0.000,17.0
2026-08-04T10:05:32.914074,3702,0.203,0.003,0.000,15.0
2026-08-04T10:05:32.945748,3703,0.202,0.003,0.000,32.3
2026-08-04T10:05:32.978974,3704,0.203,0.003,0.000,30.9
2026-08-04T10:05:33.046166,3705,0.203,0.003,0.000,15.1
2026-08-04T10:05:33.055621,3706,0.202,0.003,0.000,116.0
2026-08-04T10:05:33.113587,3707,0.202,0.003,0.000,17.4
2026-08-04T10:05:33.207896,3708,0.204,0.003,0.000,10.7
2026-08-04T10:05:33.219481,3709,0.204,0.003,0.000,93.2
2026-08-04T10:05:33.276721,3710,0.202,0.004,0.000,17.7
2026-08-04T10:05:33.349754,3711,0.201,0.003,0.000,14.0
2026-08-04T10:05:33.376576,3712,0.201,0.003,0.000,38.4
2026-08-04T10:05:33.415333,3713,0.202,0.004,0.000,26.3
2026-08-04T10:05:33.517635,3714,0.201,0.004,0.000,9.9
2026-08-04T10:05:33.528579,3715,0.201,0.003,0.000,108.5
2026-08-04T10:05:33.575862,3716,0.123,0.003,0.000,21.4
2026-08-04T10:05:33.642483,3717,0.116,0.003,0.000,15.2
2026-08-04T10:05:33.651359,3718,0.124,0.003,0.000,122.4
2026-08-04T10:05:33.709034,3719,0.149,0.003,0.000,17.5
2026-08-04T10:05:33.777419,3720,0.163,0.003,0.000,14.8
2026-08-04T10:05:33.809527,3721,0.177,0.003,0.000,32.0
2026-08-04T10:05:33.845598,3722,0.181,0.003,0.000,28.2
2026-08-04T10:05:33.941565,3723,0.183,0.003,0.000,10.5
2026-08-04T10:05:33.950533,3724,0.183,0.003,0.000,121.8
2026-08-04T10:05:34.008701,3725,0.188,0.003,0.000,17.5
2026-08-04T10:05:34.080562,3726,0.190,0.004,0.000,14.1
2026-08-04T10:05:34.106541,3727,0.192,0.003,0.000,39.6
2026-08-04T10:05:34.140433,3728,0.150,0.003,0.000,30.1
2026-08-04T10:05:34.213342,3729,0.096,0.003,0.000,13.9
2026-08-04T10:05:34.223001,3730,0.056,0.004,0.000,122.5
2026-08-04T10:05:34.278083,3731,0.035,0.004,0.000,18.4
2026-08-04T10:05:34.375103,3732,0.030,0.004,0.000,10.4
2026-08-04T10:05:34.384706,3733,0.030,0.004,0.000,113.2
2026-08-04T10:05:34.441521,3734,0.027,0.005,0.000,17.9
2026-08-04T10:05:34.515564,3735,0.025,0.005,0.000,13.7
2026-08-04T10:05:34.539529,3736,0.027,0.006,0.000,43.3
2026-08-04T10:05:34.578019,3737,0.026,0.006,0.000,26.5
2026-08-04T10:05:34.671832,3738,0.029,0.006,0.000,10.8
2026-08-04T10:05:34.680306,3739,0.030,0.006,0.000,129.4
2026-08-04T10:05:34.743640,3740,0.033,0.006,0.000,16.0
2026-08-04T10:05:34.806298,3741,0.033,0.006,0.000,16.2
2026-08-04T10:05:34.814892,3742,0.033,0.006,0.000,128.8
2026-08-04T10:05:34.872300,3743,0.034,0.006,0.000,17.6
2026-08-04T10:05:34.941917,3744,0.037,0.006,0.000,14.5
2026-08-04T10:05:34.972910,3745,0.035,0.006,0.000,33.3
2026-08-04T10:05:35.009943,3746,0.044,0.006,0.000,28.4
2026-08-04T10:05:35.106778,3747,0.044,0.006,0.000,10.4
2026-08-04T10:05:35.117835,3748,0.044,0.007,0.000,97.3
2026-08-04T10:05:35.174087,3749,0.045,0.006,0.000,18.1
2026-08-04T10:05:35.245379,3750,0.037,0.006,0.000,14.3
2026-08-04T10:05:35.272389,3751,0.028,0.007,0.000,38.2
2026-08-04T10:05:35.305603,3752,0.029,0.007,0.000,30.9
2026-08-04T10:05:35.371172,3753,0.028,0.007,0.000,15.5
2026-08-04T10:05:35.382665,3754,0.029,0.007,0.000,92.8
2026-08-04T10:05:35.441100,3755,0.030,0.007,0.000,17.5
2026-08-04T10:05:35.534722,3756,0.031,0.007,0.000,10.8
2026-08-04T10:05:35.545678,3757,0.032,0.007,0.000,97.4
2026-08-04T10:05:35.605848,3758,0.032,0.008,0.000,16.9
2026-08-04T10:05:35.673895,3759,0.032,0.008,0.000,14.9
2026-08-04T10:05:35.705767,3760,0.031,0.007,0.000,32.2
2026-08-04T10:05:35.743941,3761,0.031,0.007,0.000,26.8
2026-08-04T10:05:35.836435,3762,0.031,0.007,0.000,11.0
2026-08-04T10:05:35.846729,3763,0.031,0.007,0.000,103.9
2026-08-04T10:05:35.904754,3764,0.036,0.007,0.000,17.8
2026-08-04T10:05:35.972927,3765,0.037,0.007,0.000,14.9
2026-08-04T10:05:35.984475,3766,0.037,0.007,0.000,93.7
2026-08-04T10:05:36.038570,3767,0.053,0.007,0.000,18.8
2026-08-04T10:05:36.108865,3768,0.062,0.007,0.000,14.5
2026-08-04T10:05:36.134756,3769,0.082,0.007,0.000,39.8
2026-08-04T10:05:36.174767,3770,0.091,0.006,0.000,25.6
2026-08-04T10:05:36.272697,3771,0.109,0.006,0.000,10.3
2026-08-04T10:05:36.282997,3772,0.119,0.005,0.000,106.0
2026-08-04T10:05:36.337472,3773,0.155,0.005,0.000,18.6
2026-08-04T10:05:36.407823,3774,0.179,0.004,0.000,14.4
2026-08-04T10:05:36.438211,3775,0.211,0.004,0.000,33.9
2026-08-04T10:05:36.471356,3776,0.218,0.003,0.000,30.8
2026-08-04T10:05:36.538931,3777,0.225,0.003,0.000,15.0
2026-08-04T10:05:36.550494,3778,0.232,0.003,0.000,92.9
2026-08-04T10:05:36.605380,3779,0.244,0.003,0.000,18.5
2026-08-04T10:05:36.700983,3780,0.258,0.003,0.000,10.6
2026-08-04T10:05:36.711649,3781,0.263,0.003,0.000,100.6
2026-08-04T10:05:36.771363,3782,0.268,0.003,0.000,17.1
2026-08-04T10:05:36.837308,3783,0.269,0.003,0.000,15.4
2026-08-04T10:05:36.867838,3784,0.265,0.003,0.000,33.6
2026-08-04T10:05:36.906575,3785,0.265,0.003,0.000,26.4
2026-08-04T10:05:37.006115,3786,0.263,0.003,0.000,10.1
2026-08-04T10:05:37.017285,3787,0.264,0.004,0.000,95.8
2026-08-04T10:05:37.069228,3788,0.267,0.003,0.000,19.5
2026-08-04T10:05:37.133134,3789,0.267,0.004,0.000,15.9
2026-08-04T10:05:37.143866,3790,0.268,0.004,0.000,100.4
2026-08-04T10:05:37.201303,3791,0.278,0.004,0.000,17.7
2026-08-04T10:05:37.271142,3792,0.270,0.004,0.000,14.5
2026-08-04T10:05:37.302677,3793,0.266,0.005,0.000,32.4
2026-08-04T10:05:37.338629,3794,0.273,0.009,0.000,28.7
2026-08-04T10:05:37.433367,3795,0.283,0.015,0.000,10.7
2026-08-04T10:05:37.443973,3796,0.288,0.031,0.000,101.3
2026-08-04T10:05:37.502237,3797,0.292,0.029,0.000,17.5
2026-08-04T10:05:37.571853,3798,0.285,0.023,0.000,14.5
2026-08-04T10:05:37.600080,3799,0.282,0.009,0.000,36.4
2026-08-04T10:05:37.633511,3800,0.284,0.006,0.000,30.8
2026-08-04T10:05:37.704019,3801,0.284,0.007,0.000,14.3
2026-08-04T10:05:37.714667,3802,0.281,0.002,0.000,102.7
2026-08-04T10:05:37.768918,3803,0.286,0.004,0.000,18.7
2026-08-04T10:05:37.867943,3804,0.287,0.004,0.000,10.2
2026-08-04T10:05:37.877809,3805,0.288,0.003,0.000,110.3
2026-08-04T10:05:37.932683,3806,0.285,0.003,0.000,18.5
2026-08-04T10:05:38.004187,3807,0.284,0.003,0.000,14.2
2026-08-04T10:05:38.031854,3808,0.285,0.003,0.000,37.3
2026-08-04T10:05:38.069666,3809,0.282,0.003,0.000,27.1
2026-08-04T10:05:38.170244,3810,0.285,0.003,0.000,10.0
2026-08-04T10:05:38.179443,3811,0.284,0.004,0.000,120.8
2026-08-04T10:05:38.232643,3812,0.282,0.002,0.000,19.0
2026-08-04T10:05:38.301741,3813,0.283,0.003,0.000,14.7
2026-08-04T10:05:38.311780,3814,0.283,0.002,0.000,109.1
2026-08-04T10:05:38.367459,3815,0.277,0.003,0.000,18.3
2026-08-04T10:05:38.434537,3816,0.278,0.003,0.000,15.1
2026-08-04T10:05:38.466016,3817,0.282,0.007,0.000,32.7
2026-08-04T10:05:38.502776,3818,0.282,0.017,0.000,28.1
2026-08-04T10:05:38.598073,3819,0.285,0.033,0.000,10.6
2026-08-04T10:05:38.608819,3820,0.282,0.039,0.000,99.5
2026-08-04T10:05:38.666662,3821,0.285,0.014,0.000,17.5
2026-08-04T10:05:38.736958,3822,0.284,0.007,0.000,14.4
2026-08-04T10:05:38.766582,3823,0.284,0.004,0.000,34.7
2026-08-04T10:05:38.799224,3824,0.285,0.004,0.000,31.8
2026-08-04T10:05:38.864927,3825,0.283,0.004,0.362,15.5
2026-08-04T10:05:38.876550,3826,0.282,0.004,0.362,91.7
2026-08-04T10:05:38.934321,3827,0.278,0.005,0.362,17.7
2026-08-04T10:05:39.031591,3828,0.280,0.004,0.000,10.4
2026-08-04T10:05:39.042285,3829,0.282,0.004,0.000,103.6
2026-08-04T10:05:39.096440,3830,0.281,0.004,0.000,18.8
2026-08-04T10:05:39.167377,3831,0.281,0.004,0.000,14.3
2026-08-04T10:05:39.196593,3832,0.285,0.005,0.000,35.3
2026-08-04T10:05:39.236654,3833,0.285,0.004,0.000,25.7
2026-08-04T10:05:39.331013,3834,0.287,0.005,0.283,10.7
2026-08-04T10:05:39.344223,3835,0.284,0.005,0.283,81.4
2026-08-04T10:05:39.397322,3836,0.285,0.005,0.283,19.3
2026-08-04T10:05:39.473288,3837,0.290,0.004,0.430,13.4
2026-08-04T10:05:39.486112,3838,0.298,0.004,0.430,92.6
2026-08-04T10:05:39.529546,3839,0.290,0.004,0.430,23.5
2026-08-04T10:05:39.599460,3840,0.258,0.003,0.526,14.6
2026-08-04T10:05:39.630244,3841,0.129,0.002,0.526,33.3
2026-08-04T10:05:39.666166,3842,0.116,0.002,0.526,28.9
2026-08-04T10:05:39.763315,3843,0.219,0.003,0.000,10.4
2026-08-04T10:05:39.771926,3844,0.252,0.005,0.000,127.1
2026-08-04T10:05:39.828386,3845,0.272,0.004,0.000,18.0
2026-08-04T10:05:39.895159,3846,0.271,0.004,0.000,15.1
2026-08-04T10:05:39.929507,3847,0.278,0.003,0.000,29.8
2026-08-04T10:05:39.962588,3848,0.279,0.004,0.000,31.2
2026-08-04T10:05:40.032911,3849,0.265,0.004,0.000,14.4
2026-08-04T10:05:40.042361,3850,0.259,0.005,0.000,115.8
2026-08-04T10:05:40.096830,3851,0.254,0.006,0.000,19.1
2026-08-04T10:05:40.196917,3852,0.260,0.007,0.000,10.1
2026-08-04T10:05:40.206510,3853,0.251,0.004,0.000,115.4
2026-08-04T10:05:40.261680,3854,0.248,0.004,0.000,18.4
2026-08-04T10:05:40.333594,3855,0.250,0.004,0.000,14.1
2026-08-04T10:05:40.359047,3856,0.248,0.004,0.000,40.6
2026-08-04T10:05:40.397183,3857,0.250,0.004,0.000,26.8
2026-08-04T10:05:40.496838,3858,0.264,0.005,0.000,10.1
2026-08-04T10:05:40.506036,3859,0.272,0.004,0.000,119.2
2026-08-04T10:05:40.560779,3860,0.278,0.004,0.000,18.5
2026-08-04T10:05:40.626758,3861,0.278,0.004,0.000,15.4
2026-08-04T10:05:40.635249,3862,0.283,0.003,0.000,129.8
2026-08-04T10:05:40.693517,3863,0.294,0.004,0.000,17.4
2026-08-04T10:05:40.762004,3864,0.296,0.004,0.000,14.8
2026-08-04T10:05:40.792237,3865,0.300,0.004,0.000,34.0
2026-08-04T10:05:40.829368,3866,0.299,0.004,0.000,27.4
2026-08-04T10:05:40.927343,3867,0.298,0.004,0.000,10.3
2026-08-04T10:05:40.936102,3868,0.297,0.004,0.000,126.1
2026-08-04T10:05:40.992526,3869,0.298,0.004,0.000,17.9
2026-08-04T10:05:41.063431,3870,0.299,0.004,0.000,14.3
2026-08-04T10:05:41.090407,3871,0.297,0.005,0.000,38.1
2026-08-04T10:05:41.122971,3872,0.297,0.005,0.000,31.6
2026-08-04T10:05:41.197339,3873,0.296,0.005,0.000,13.6
2026-08-04T10:05:41.210163,3874,0.297,0.004,0.000,82.9
2026-08-04T10:05:41.263193,3875,0.301,0.005,0.000,19.3
2026-08-04T10:05:41.356274,3876,0.311,0.004,0.000,10.9
2026-08-04T10:05:41.365754,3877,0.313,0.004,0.000,114.1
2026-08-04T10:05:41.425020,3878,0.307,0.003,0.000,17.4
2026-08-04T10:05:41.501063,3879,0.304,0.002,0.000,13.3
2026-08-04T10:05:41.526825,3880,0.294,0.002,0.000,40.0
2026-08-04T10:05:41.561302,3881,0.288,0.001,0.000,30.1
2026-08-04T10:05:41.658356,3882,0.288,0.000,0.000,10.4
2026-08-04T10:05:41.670500,3883,0.293,0.000,0.000,88.7
2026-08-04T10:05:41.728076,3884,0.293,0.000,0.000,17.9
2026-08-04T10:05:41.793114,3885,0.291,0.002,0.000,15.7
2026-08-04T10:05:41.802418,3886,0.295,0.003,0.000,116.8
2026-08-04T10:05:41.857708,3887,0.293,0.002,0.000,18.5
2026-08-04T10:05:41.923548,3888,0.294,0.002,0.000,15.5
2026-08-04T10:05:41.956073,3889,0.295,0.002,0.000,31.7
2026-08-04T10:05:41.996824,3890,0.293,0.002,0.000,25.1
2026-08-04T10:05:42.092340,3891,0.294,0.003,0.000,10.6
2026-08-04T10:05:42.102057,3892,0.296,0.003,0.000,111.7
2026-08-04T10:05:42.158100,3893,0.294,0.003,0.000,18.2
2026-08-04T10:05:42.233755,3894,0.293,0.003,0.000,13.4
2026-08-04T10:05:42.256730,3895,0.295,0.003,0.000,45.0
2026-08-04T10:05:42.291097,3896,0.294,0.003,0.000,29.7
2026-08-04T10:05:42.357180,3897,0.296,0.003,0.000,15.4
2026-08-04T10:05:42.368232,3898,0.296,0.003,0.000,98.9
2026-08-04T10:05:42.425727,3899,0.295,0.003,0.000,17.7
2026-08-04T10:05:42.524774,3900,0.298,0.003,0.000,10.2
2026-08-04T10:05:42.538085,3901,0.298,0.003,0.000,79.4
2026-08-04T10:05:42.590553,3902,0.303,0.002,0.000,19.5
2026-08-04T10:05:42.655737,3903,0.303,0.002,0.000,15.6
2026-08-04T10:05:42.688849,3904,0.301,0.003,0.000,30.9
2026-08-04T10:05:42.728420,3905,0.300,0.003,0.000,25.8
2026-08-04T10:05:42.818176,3906,0.300,0.003,0.000,11.2
2026-08-04T10:05:42.828161,3907,0.299,0.003,0.000,107.8
2026-08-04T10:05:42.888515,3908,0.299,0.003,0.000,16.8
2026-08-04T10:05:42.951963,3909,0.300,0.003,0.000,16.0
2026-08-04T10:05:42.963445,3910,0.299,0.003,0.000,93.1
2026-08-04T10:05:43.021853,3911,0.297,0.003,0.000,17.4
2026-08-04T10:05:43.089872,3912,0.297,0.003,0.000,14.9
2026-08-04T10:05:43.122165,3913,0.297,0.003,0.000,31.8
2026-08-04T10:05:43.155949,3914,0.296,0.003,0.000,30.2
2026-08-04T10:05:43.256700,3915,0.298,0.003,0.000,10.1
2026-08-04T10:05:43.266803,3916,0.298,0.003,0.000,107.6
2026-08-04T10:05:43.321158,3917,0.298,0.003,0.000,18.8
2026-08-04T10:05:43.387688,3918,0.300,0.003,0.000,15.3
2026-08-04T10:05:43.420909,3919,0.300,0.003,0.000,30.8
2026-08-04T10:05:43.452800,3920,0.301,0.003,0.000,32.6
2026-08-04T10:05:43.524028,3921,0.301,0.003,0.000,14.2
2026-08-04T10:05:43.534852,3922,0.300,0.003,0.000,99.4
2026-08-04T10:05:43.590332,3923,0.303,0.003,0.000,18.3
2026-08-04T10:05:43.686939,3924,0.304,0.002,0.000,10.5
2026-08-04T10:05:43.698484,3925,0.301,0.002,0.000,92.7
2026-08-04T10:05:43.755001,3926,0.303,0.003,0.000,18.0
2026-08-04T10:05:43.819332,3927,0.297,0.003,0.000,15.7
2026-08-04T10:05:43.854622,3928,0.272,0.002,0.000,28.9
2026-08-04T10:05:43.890246,3929,0.103,0.002,0.000,28.9
2026-08-04T10:05:43.990055,3930,0.094,0.003,0.000,10.1
2026-08-04T10:05:44.001373,3931,0.102,0.004,0.000,98.4
2026-08-04T10:05:44.052807,3932,0.223,0.003,0.000,19.8
2026-08-04T10:05:44.114778,3933,0.252,0.003,0.000,16.4
2026-08-04T10:05:44.126106,3934,0.264,0.003,0.000,94.3
2026-08-04T10:05:44.185762,3935,0.267,0.003,0.000,17.0
2026-08-04T10:05:44.258342,3936,0.268,0.003,0.000,14.0
2026-08-04T10:05:44.283772,3937,0.262,0.004,0.000,40.5
2026-08-04T10:05:44.320396,3938,0.263,0.004,0.000,28.0
2026-08-04T10:05:44.416691,3939,0.263,0.004,0.000,10.5
2026-08-04T10:05:44.424891,3940,0.263,0.004,0.000,133.9
2026-08-04T10:05:44.486472,3941,0.273,0.004,0.000,16.5
2026-08-04T10:05:44.555810,3942,0.276,0.004,0.000,14.6
2026-08-04T10:05:44.583967,3943,0.289,0.005,0.000,36.6
2026-08-04T10:05:44.618906,3944,0.287,0.005,0.000,29.2
2026-08-04T10:05:44.683782,3945,0.283,0.006,0.000,15.6
2026-08-04T10:05:44.695054,3946,0.288,0.006,0.000,104.5
2026-08-04T10:05:44.753584,3947,0.264,0.005,0.000,17.3
2026-08-04T10:05:44.847131,3948,0.231,0.009,0.000,10.8
2026-08-04T10:05:44.857770,3949,0.220,0.012,0.000,100.6
2026-08-04T10:05:44.917765,3950,0.221,0.012,0.000,16.9
2026-08-04T10:05:44.987128,3951,0.217,0.013,0.000,14.6
2026-08-04T10:05:45.018421,3952,0.209,0.013,0.000,32.7
2026-08-04T10:05:45.054962,3953,0.207,0.009,0.000,28.4
2026-08-04T10:05:45.147051,3954,0.202,0.010,0.000,11.0
2026-08-04T10:05:45.157681,3955,0.201,0.009,0.000,100.9
2026-08-04T10:05:45.217581,3956,0.205,0.009,0.000,17.0
2026-08-04T10:05:45.283857,3957,0.208,0.009,0.000,15.3
2026-08-04T10:05:45.293388,3958,0.207,0.010,0.000,113.6
2026-08-04T10:05:45.348514,3959,0.203,0.009,0.000,18.8
2026-08-04T10:05:45.416406,3960,0.190,0.007,0.000,14.9
2026-08-04T10:05:45.449913,3961,0.100,0.007,0.000,30.6
2026-08-04T10:05:45.487644,3962,0.085,0.006,0.000,27.4
2026-08-04T10:05:45.581043,3963,0.220,0.004,0.000,10.8
2026-08-04T10:05:45.591919,3964,0.251,0.004,0.000,100.4
2026-08-04T10:05:45.650475,3965,0.274,0.004,0.000,17.4
2026-08-04T10:05:45.723091,3966,0.278,0.005,0.000,14.0
2026-08-04T10:05:45.747345,3967,0.281,0.005,0.000,45.0
2026-08-04T10:05:45.782742,3968,0.285,0.004,0.000,28.8
2026-08-04T10:05:45.852819,3969,0.285,0.004,0.000,14.5
2026-08-04T10:05:45.864293,3970,0.289,0.004,0.000,94.2
2026-08-04T10:05:45.917435,3971,0.286,0.004,0.000,19.1
2026-08-04T10:05:46.016267,3972,0.293,0.004,0.000,10.2
2026-08-04T10:05:46.027050,3973,0.294,0.004,0.000,99.5
2026-08-04T10:05:46.080330,3974,0.294,0.004,0.000,19.1
2026-08-04T10:05:46.149592,3975,0.295,0.004,0.000,14.7
2026-08-04T10:05:46.183273,3976,0.292,0.004,0.000,30.4
2026-08-04T10:05:46.217893,3977,0.292,0.004,0.000,29.4
2026-08-04T10:05:46.314221,3978,0.293,0.004,0.000,10.5
2026-08-04T10:05:46.323003,3979,0.293,0.004,0.000,123.1
2026-08-04T10:05:46.381081,3980,0.294,0.004,0.000,17.4
2026-08-04T10:05:46.445667,3981,0.294,0.004,0.000,15.8
2026-08-04T10:05:46.454670,3982,0.295,0.004,0.000,122.7
2026-08-04T10:05:46.514603,3983,0.294,0.004,0.000,16.9
2026-08-04T10:05:46.583925,3984,0.296,0.004,0.000,14.6
2026-08-04T10:05:46.611343,3985,0.298,0.004,0.000,37.5
2026-08-04T10:05:46.650201,3986,0.300,0.004,0.000,26.1
2026-08-04T10:05:46.754824,3987,0.302,0.004,0.000,9.6
2026-08-04T10:05:46.786455,3988,0.302,0.005,0.000,97.9
2026-08-04T10:05:46.846953,3989,0.301,0.004,0.000,16.6
2026-08-04T10:05:46.944345,3990,0.304,0.005,0.000,10.3
2026-08-04T10:05:46.952583,3991,0.303,0.005,0.000,125.3
2026-08-04T10:05:47.015535,3992,0.306,0.006,0.000,15.9
2026-08-04T10:05:47.076125,3993,0.306,0.005,0.000,16.6
2026-08-04T10:05:47.084178,3994,0.308,0.005,0.000,128.4
2026-08-04T10:05:47.146142,3995,0.268,0.006,0.000,16.2
2026-08-04T10:05:47.211003,3996,0.268,0.006,0.000,15.5
2026-08-04T10:05:47.245435,3997,0.266,0.005,0.000,29.3
2026-08-04T10:05:47.280135,3998,0.265,0.005,0.000,29.0
2026-08-04T10:05:47.381220,3999,0.263,0.005,0.000,9.9
2026-08-04T10:05:47.389462,4000,0.266,0.005,0.000,125.2
2026-08-04T10:05:47.445585,4001,0.270,0.005,0.000,18.0
2026-08-04T10:05:47.515402,4002,0.271,0.005,0.000,14.4
2026-08-04T10:05:47.523754,4003,0.267,0.006,0.000,123.5
2026-08-04T10:05:47.577235,4004,0.271,0.006,0.000,18.8
2026-08-04T10:05:47.643134,4005,0.271,0.006,0.000,15.2
2026-08-04T10:05:47.652167,4006,0.274,0.005,0.000,114.1
2026-08-04T10:05:47.713322,4007,0.275,0.006,0.000,16.4
2026-08-04T10:05:47.807610,4008,0.276,0.006,0.000,10.6
2026-08-04T10:05:47.815630,4009,0.275,0.006,0.000,128.8
2026-08-04T10:05:47.876941,4010,0.277,0.006,0.000,16.4
