timestamp,frame_num,ear,mar,phone_confidence,fps
2026-08-04T10:10:24.574356,1,0.309,0.009,0.000,80.7
2026-08-04T10:10:24.699323,2,0.312,0.008,0.000,101.6
2026-08-04T10:10:24.832417,3,0.310,0.008,0.000,7.6
2026-08-04T10:10:24.842164,4,0.307,0.009,0.000,122.2
2026-08-04T10:10:24.891300,5,0.307,0.009,0.000,21.2
2026-08-04T10:10:24.956598,6,0.292,0.010,0.000,15.5
2026-08-04T10:10:24.965427,7,0.272,0.011,0.000,126.5
2026-08-04T10:10:25.024808,8,0.265,0.011,0.000,17.5
2026-08-04T10:10:25.092880,9,0.272,0.012,0.000,14.9
2026-08-04T10:10:25.122820,10,0.272,0.012,0.000,34.2
2026-08-04T10:10:25.154290,11,0.275,0.012,0.000,32.7
2026-08-04T10:10:25.223051,12,0.278,0.011,0.000,14.7
2026-08-04T10:10:25.230999,13,0.275,0.012,0.000,139.8
2026-08-04T10:10:25.293562,14,0.281,0.011,0.000,16.3
2026-08-04T10:10:25.387670,15,0.277,0.011,0.000,10.7
2026-08-04T10:10:25.397930,16,0.274,0.010,0.000,105.4
2026-08-04T10:10:25.455973,17,0.277,0.011,0.000,17.5
2026-08-04T10:10:25.533866,18,0.278,0.011,0.000,13.0
2026-08-04T10:10:25.554933,19,0.276,0.011,0.000,50.4
2026-08-04T10:10:25.593615,20,0.276,0.011,0.000,26.9
2026-08-04T10:10:25.688174,21,0.276,0.011,0.000,10.7
2026-08-04T10:10:25.701489,22,0.276,0.011,0.000,79.1
2026-08-04T10:10:25.755601,23,0.273,0.011,0.000,18.9
2026-08-04T10:10:25.821302,24,0.275,0.011,0.000,15.4
2026-08-04T10:10:25.833607,25,0.273,0.011,0.000,86.3
2026-08-04T10:10:25.888740,26,0.272,0.011,0.000,18.5
2026-08-04T10:10:25.962853,27,0.270,0.011,0.000,13.7
2026-08-04T10:10:25.984269,28,0.271,0.012,0.000,48.2
2026-08-04T10:10:26.024659,29,0.269,0.011,0.000,25.2
2026-08-04T10:10:26.120411,30,0.194,0.013,0.000,10.5
2026-08-04T10:10:26.128971,31,0.169,0.012,0.000,129.8
2026-08-04T10:10:26.186806,32,0.164,0.007,0.000,17.5
2026-08-04T10:10:26.255878,33,0.169,0.006,0.000,14.6
2026-08-04T10:10:26.286479,34,0.208,0.003,0.000,33.5
2026-08-04T10:10:26.320695,35,0.213,0.002,0.000,29.9
2026-08-04T10:10:26.390296,36,0.241,0.001,0.000,14.6
2026-08-04T10:10:26.402020,37,0.262,0.002,0.000,91.5
2026-08-04T10:10:26.458315,38,0.277,0.003,0.000,18.2
2026-08-04T10:10:26.560129,39,0.286,0.005,0.000,9.9
2026-08-04T10:10:26.568526,40,0.282,0.005,0.000,130.9
2026-08-04T10:10:26.620884,41,0.286,0.004,0.000,19.4
2026-08-04T10:10:26.694404,42,0.287,0.003,0.000,13.9
2026-08-04T10:10:26.717967,43,0.292,0.004,0.000,43.9
2026-08-04T10:10:26.757289,44,0.290,0.004,0.000,26.0
2026-08-04T10:10:26.849492,45,0.294,0.003,0.000,10.9
2026-08-04T10:10:26.859589,46,0.298,0.003,0.000,106.0
2026-08-04T10:10:26.919329,47,0.288,0.001,0.000,17.0
2026-08-04T10:10:26.986911,48,0.275,0.001,0.000,15.0
2026-08-04T10:10:26.997325,49,0.242,0.002,0.000,104.3
2026-08-04T10:10:27.052299,50,0.091,0.000,0.000,18.5
2026-08-04T10:10:27.122608,51,0.075,0.002,0.000,14.4
2026-08-04T10:10:27.149422,52,0.120,0.003,0.000,38.4
2026-08-04T10:10:27.187999,53,0.162,0.006,0.000,26.4
2026-08-04T10:10:27.289242,54,0.201,0.008,0.000,10.0
2026-08-04T10:10:27.300710,55,0.214,0.010,0.000,93.1
2026-08-04T10:10:27.351444,56,0.235,0.012,0.000,20.0
2026-08-04T10:10:27.418824,57,0.241,0.012,0.000,15.1
2026-08-04T10:10:27.453738,58,0.243,0.012,0.000,29.2
2026-08-04T10:10:27.485551,59,0.244,0.013,0.000,32.6
2026-08-04T10:10:27.555434,60,0.255,0.011,0.000,14.4
2026-08-04T10:10:27.565743,61,0.254,0.012,0.000,104.4
2026-08-04T10:10:27.616783,62,0.245,0.013,0.000,20.0
2026-08-04T10:10:27.717841,63,0.249,0.012,0.000,10.0
2026-08-04T10:10:27.727732,64,0.249,0.012,0.000,108.6
2026-08-04T10:10:27.787893,65,0.251,0.013,0.000,16.8
2026-08-04T10:10:27.850393,66,0.250,0.012,0.000,16.2
2026-08-04T10:10:27.885566,67,0.243,0.013,0.000,29.0
2026-08-04T10:10:27.920860,68,0.243,0.013,0.000,28.9
2026-08-04T10:10:28.022906,69,0.242,0.013,0.000,9.9
2026-08-04T10:10:28.036697,70,0.243,0.013,0.000,84.3
2026-08-04T10:10:28.084737,71,0.245,0.015,0.000,21.1
2026-08-04T10:10:28.149408,72,0.249,0.015,0.000,15.7
2026-08-04T10:10:28.162900,73,0.252,0.015,0.000,78.5
2026-08-04T10:10:28.216299,74,0.234,0.013,0.000,19.0
2026-08-04T10:10:28.290847,75,0.226,0.013,0.000,13.6
2026-08-04T10:10:28.316085,76,0.229,0.011,0.000,40.7
2026-08-04T10:10:28.354166,77,0.236,0.010,0.000,26.7
2026-08-04T10:10:28.451306,78,0.232,0.011,0.000,10.4
2026-08-04T10:10:28.459885,79,0.230,0.011,0.000,129.3
2026-08-04T10:10:28.516797,80,0.231,0.011,0.000,18.3
2026-08-04T10:10:28.589408,81,0.224,0.013,0.000,14.1
2026-08-04T10:10:28.616845,82,0.213,0.012,0.000,37.6
2026-08-04T10:10:28.650838,83,0.211,0.013,0.000,30.0
2026-08-04T10:10:28.715801,84,0.217,0.013,0.000,15.6
2026-08-04T10:10:28.725012,85,0.220,0.014,0.000,117.9
2026-08-04T10:10:28.786660,86,0.223,0.011,0.000,16.8
2026-08-04T10:10:28.882252,87,0.219,0.011,0.000,10.6
2026-08-04T10:10:28.893130,88,0.228,0.011,0.000,98.5
2026-08-04T10:10:28.944965,89,0.237,0.012,0.000,19.7
2026-08-04T10:10:29.018814,90,0.241,0.012,0.000,13.7
2026-08-04T10:10:29.049086,91,0.247,0.011,0.000,34.9
2026-08-04T10:10:29.084996,92,0.247,0.011,0.000,28.7
2026-08-04T10:10:29.182709,93,0.244,0.011,0.000,10.3
2026-08-04T10:10:29.194586,94,0.237,0.013,0.000,89.5
2026-08-04T10:10:29.247637,95,0.233,0.012,0.000,19.3
2026-08-04T10:10:29.315404,96,0.219,0.016,0.000,15.0
2026-08-04T10:10:29.327572,97,0.215,0.012,0.000,87.0
2026-08-04T10:10:29.378999,98,0.218,0.009,0.000,19.7
2026-08-04T10:10:29.446226,99,0.225,0.010,0.000,15.1
2026-08-04T10:10:29.479659,100,0.226,0.007,0.000,30.6
2026-08-04T10:10:29.517922,101,0.219,0.009,0.000,26.8
2026-08-04T10:10:29.612196,102,0.230,0.009,0.000,10.8
2026-08-04T10:10:29.622015,103,0.223,0.009,0.000,109.3
2026-08-04T10:10:29.680015,104,0.222,0.013,0.000,17.5
2026-08-04T10:10:29.749027,105,0.217,0.014,0.000,14.7
2026-08-04T10:10:29.780206,106,0.210,0.013,0.000,32.8
2026-08-04T10:10:29.812829,107,0.211,0.012,0.000,32.1
2026-08-04T10:10:29.882797,108,0.213,0.009,0.000,14.5
2026-08-04T10:10:29.893997,109,0.213,0.011,0.000,95.5
2026-08-04T10:10:29.947305,110,0.216,0.023,0.000,19.1
2026-08-04T10:10:30.057345,111,0.217,0.026,0.000,9.2
2026-08-04T10:10:30.067825,112,0.216,0.033,0.000,102.6
2026-08-04T10:10:30.112857,113,0.218,0.087,0.000,22.5
2026-08-04T10:10:30.179997,114,0.223,0.134,0.000,15.1
2026-08-04T10:10:30.214304,115,0.231,0.166,0.000,29.8
2026-08-04T10:10:30.247329,116,0.230,0.167,0.000,31.0
2026-08-04T10:10:30.342653,117,0.228,0.165,0.000,10.6
2026-08-04T10:10:30.354236,118,0.239,0.155,0.000,91.9
2026-08-04T10:10:30.412939,119,0.240,0.135,0.000,17.3
2026-08-04T10:10:30.475735,120,0.241,0.129,0.000,16.1
2026-08-04T10:10:30.485877,121,0.233,0.129,0.000,107.2
2026-08-04T10:10:30.546436,122,0.235,0.111,0.000,16.9
2026-08-04T10:10:30.616047,123,0.240,0.116,0.000,14.6
2026-08-04T10:10:30.643665,124,0.237,0.109,0.000,37.2
2026-08-04T10:10:30.680362,125,0.237,0.104,0.000,28.0
2026-08-04T10:10:30.785554,126,0.238,0.101,0.000,9.6
2026-08-04T10:10:30.797897,127,0.240,0.107,0.000,89.4
2026-08-04T10:10:30.847197,128,0.240,0.104,0.000,20.7
2026-08-04T10:10:30.910936,129,0.241,0.102,0.000,15.9
2026-08-04T10:10:30.945312,130,0.242,0.052,0.000,29.7
2026-08-04T10:10:30.978767,131,0.243,0.034,0.000,30.7
2026-08-04T10:10:31.051227,132,0.244,0.022,0.000,14.0
2026-08-04T10:10:31.060971,133,0.239,0.013,0.000,110.9
2026-08-04T10:10:31.112783,134,0.239,0.011,0.000,19.6
2026-08-04T10:10:31.207165,135,0.242,0.011,0.000,10.7
2026-08-04T10:10:31.216202,136,0.244,0.011,0.000,120.8
2026-08-04T10:10:31.278957,137,0.244,0.011,0.000,16.4
2026-08-04T10:10:31.345355,138,0.246,0.011,0.000,15.3
2026-08-04T10:10:31.375460,139,0.249,0.011,0.000,34.0
2026-08-04T10:10:31.413195,140,0.251,0.010,0.000,27.3
2026-08-04T10:10:31.510196,141,0.253,0.009,0.000,10.5
2026-08-04T10:10:31.523821,142,0.251,0.009,0.000,77.4
2026-08-04T10:10:31.577058,143,0.249,0.009,0.000,19.1
2026-08-04T10:10:31.640164,144,0.252,0.010,0.000,16.1
2026-08-04T10:10:31.652075,145,0.251,0.009,0.000,89.8
2026-08-04T10:10:31.707711,146,0.253,0.012,0.000,18.2
2026-08-04T10:10:31.784281,147,0.254,0.011,0.000,13.3
2026-08-04T10:10:31.809084,148,0.249,0.011,0.000,42.5
2026-08-04T10:10:31.845936,149,0.243,0.011,0.000,27.6
2026-08-04T10:10:31.939968,150,0.238,0.012,0.000,10.8
2026-08-04T10:10:31.951085,151,0.232,0.012,0.000,98.3
2026-08-04T10:10:32.009026,152,0.124,0.013,0.000,17.5
2026-08-04T10:10:32.079660,153,0.080,0.013,0.000,14.4
2026-08-04T10:10:32.108913,154,0.053,0.013,0.000,35.1
2026-08-04T10:10:32.140965,155,0.049,0.014,0.000,31.9
2026-08-04T10:10:32.208052,156,0.046,0.015,0.000,15.1
2026-08-04T10:10:32.217995,157,0.052,0.017,0.000,108.9
2026-08-04T10:10:32.278202,158,0.052,0.016,0.000,17.2
2026-08-04T10:10:32.371085,159,0.054,0.015,0.000,10.9
2026-08-04T10:10:32.380401,160,0.056,0.015,0.000,116.0
2026-08-04T10:10:32.439150,161,0.054,0.015,0.000,17.8
2026-08-04T10:10:32.509177,162,0.053,0.015,0.000,14.5
2026-08-04T10:10:32.541956,163,0.053,0.015,0.000,31.2
2026-08-04T10:10:32.578754,164,0.053,0.015,0.000,28.0
2026-08-04T10:10:32.670340,165,0.057,0.015,0.000,11.0
2026-08-04T10:10:32.680949,166,0.063,0.015,0.000,100.4
2026-08-04T10:10:32.741657,167,0.064,0.015,0.000,16.6
2026-08-04T10:10:32.809404,168,0.065,0.015,0.000,14.9
2026-08-04T10:10:32.818555,169,0.068,0.015,0.000,118.8
2026-08-04T10:10:32.872016,170,0.068,0.015,0.000,19.0
2026-08-04T10:10:32.942028,171,0.067,0.015,0.000,14.5
2026-08-04T10:10:32.971455,172,0.063,0.014,0.000,34.8
2026-08-04T10:10:33.010648,173,0.063,0.014,0.000,26.1
2026-08-04T10:10:33.103172,174,0.062,0.014,0.000,10.9
2026-08-04T10:10:33.114518,175,0.056,0.015,0.000,94.4
2026-08-04T10:10:33.173287,176,0.056,0.015,0.000,17.3
2026-08-04T10:10:33.238479,177,0.054,0.014,0.000,15.6
2026-08-04T10:10:33.274797,178,0.053,0.014,0.000,28.0
2026-08-04T10:10:33.304577,179,0.054,0.014,0.000,34.3
2026-08-04T10:10:33.372800,180,0.053,0.014,0.000,14.9
2026-08-04T10:10:33.381783,181,0.056,0.013,0.000,121.4
2026-08-04T10:10:33.439709,182,0.053,0.014,0.000,17.5
2026-08-04T10:10:33.545541,183,0.053,0.014,0.000,9.5
2026-08-04T10:10:33.556835,184,0.055,0.014,0.000,98.1
2026-08-04T10:10:33.604615,185,0.055,0.014,0.000,21.3
2026-08-04T10:10:33.670400,186,0.054,0.014,0.000,15.4
2026-08-04T10:10:33.703751,187,0.057,0.015,0.000,30.6
2026-08-04T10:10:33.740970,188,0.061,0.014,0.000,27.6
2026-08-04T10:10:33.840760,189,0.059,0.014,0.000,10.1
2026-08-04T10:10:33.849878,190,0.059,0.015,0.000,120.0
2026-08-04T10:10:33.903890,191,0.061,0.015,0.000,18.8
2026-08-04T10:10:33.968250,192,0.063,0.015,0.000,15.8
2026-08-04T10:10:33.979767,193,0.061,0.015,0.000,94.1
2026-08-04T10:10:34.039361,194,0.060,0.015,0.000,17.1
2026-08-04T10:10:34.108799,195,0.059,0.015,0.000,14.8
2026-08-04T10:10:34.133784,196,0.061,0.015,0.000,41.2
2026-08-04T10:10:34.173940,197,0.059,0.015,0.000,25.6
2026-08-04T10:10:34.269106,198,0.057,0.015,0.000,10.6
2026-08-04T10:10:34.282253,199,0.058,0.015,0.000,81.9
2026-08-04T10:10:34.336170,200,0.060,0.016,0.000,18.8
2026-08-04T10:10:34.405295,201,0.067,0.016,0.000,14.7
2026-08-04T10:10:34.435426,202,0.057,0.015,0.000,33.9
2026-08-04T10:10:34.469955,203,0.061,0.015,0.000,29.6
2026-08-04T10:10:34.543405,204,0.063,0.015,0.000,13.8
2026-08-04T10:10:34.552588,205,0.063,0.015,0.000,118.2
2026-08-04T10:10:34.605931,206,0.065,0.015,0.000,19.0
2026-08-04T10:10:34.705558,207,0.060,0.015,0.000,10.1
2026-08-04T10:10:34.717157,208,0.056,0.016,0.000,104.0
2026-08-04T10:10:34.768753,209,0.055,0.017,0.000,19.6
2026-08-04T10:10:34.840841,210,0.055,0.017,0.000,14.1
2026-08-04T10:10:34.866860,211,0.054,0.016,0.000,39.9
2026-08-04T10:10:34.901709,212,0.055,0.015,0.000,29.3
2026-08-04T10:10:35.000322,213,0.054,0.015,0.000,10.2
2026-08-04T10:10:35.011801,214,0.056,0.015,0.000,93.1
2026-08-04T10:10:35.067778,215,0.065,0.012,0.000,18.1
2026-08-04T10:10:35.136578,216,0.063,0.012,0.000,14.8
2026-08-04T10:10:35.147934,217,0.066,0.012,0.000,94.4
2026-08-04T10:10:35.201119,218,0.063,0.012,0.000,19.0
2026-08-04T10:10:35.275597,219,0.079,0.012,0.000,13.6
2026-08-04T10:10:35.296713,220,0.093,0.013,0.000,49.0
2026-08-04T10:10:35.337712,221,0.100,0.013,0.000,24.8
2026-08-04T10:10:35.432001,222,0.134,0.013,0.000,10.7
2026-08-04T10:10:35.442751,223,0.141,0.013,0.000,100.1
2026-08-04T10:10:35.500741,224,0.164,0.014,0.000,17.6
2026-08-04T10:10:35.570379,225,0.166,0.015,0.000,14.5
2026-08-04T10:10:35.598988,226,0.167,0.014,0.000,35.8
2026-08-04T10:10:35.632865,227,0.171,0.014,0.000,30.3
2026-08-04T10:10:35.704034,228,0.178,0.014,0.000,14.2
2026-08-04T10:10:35.714179,229,0.185,0.013,0.000,107.7
2026-08-04T10:10:35.767795,230,0.191,0.014,0.000,19.3
2026-08-04T10:10:35.864471,231,0.199,0.013,0.000,10.5
2026-08-04T10:10:35.877550,232,0.202,0.013,0.000,81.0
2026-08-04T10:10:35.933887,233,0.203,0.014,0.000,18.1
2026-08-04T10:10:36.000522,234,0.207,0.014,0.000,15.3
2026-08-04T10:10:36.030236,235,0.206,0.014,0.000,34.8
2026-08-04T10:10:36.069598,236,0.206,0.014,0.000,26.0
2026-08-04T10:10:36.166571,237,0.206,0.014,0.000,10.4
2026-08-04T10:10:36.178031,238,0.205,0.014,0.000,92.4
2026-08-04T10:10:36.231671,239,0.206,0.014,0.000,19.0
2026-08-04T10:10:36.301520,240,0.204,0.014,0.000,14.6
2026-08-04T10:10:36.309796,241,0.202,0.014,0.000,132.3
2026-08-04T10:10:36.364779,242,0.190,0.014,0.000,18.4
2026-08-04T10:10:36.436313,243,0.190,0.012,0.000,14.1
2026-08-04T10:10:36.463058,244,0.182,0.013,0.000,38.5
2026-08-04T10:10:36.502313,245,0.172,0.013,0.000,25.9
2026-08-04T10:10:36.594250,246,0.065,0.016,0.000,11.0
2026-08-04T10:10:36.603723,247,0.055,0.013,0.000,113.4
2026-08-04T10:10:36.664075,248,0.058,0.012,0.000,16.8
2026-08-04T10:10:36.731010,249,0.052,0.013,0.000,15.1
2026-08-04T10:10:36.761861,250,0.055,0.013,0.000,33.1
2026-08-04T10:10:36.798237,251,0.053,0.014,0.000,28.1
2026-08-04T10:10:36.867325,252,0.048,0.014,0.000,14.8
2026-08-04T10:10:36.879300,253,0.050,0.013,0.000,89.3
2026-08-04T10:10:36.932337,254,0.052,0.013,0.000,19.2
2026-08-04T10:10:37.030814,255,0.052,0.014,0.000,10.3
2026-08-04T10:10:37.041285,256,0.052,0.014,0.000,102.1
2026-08-04T10:10:37.096912,257,0.052,0.013,0.000,18.2
2026-08-04T10:10:37.166636,258,0.052,0.014,0.000,14.5
2026-08-04T10:10:37.194790,259,0.049,0.013,0.000,37.9
2026-08-04T10:10:37.232631,260,0.050,0.014,0.000,26.9
2026-08-04T10:10:37.331020,261,0.054,0.012,0.000,10.3
2026-08-04T10:10:37.343278,262,0.055,0.011,0.000,86.9
2026-08-04T10:10:37.396468,263,0.058,0.011,0.000,19.2
2026-08-04T10:10:37.468535,264,0.058,0.012,0.000,14.0
2026-08-04T10:10:37.477953,265,0.058,0.012,0.000,115.8
2026-08-04T10:10:37.532157,266,0.057,0.013,0.000,18.7
2026-08-04T10:10:37.601351,267,0.057,0.012,0.000,14.7
2026-08-04T10:10:37.625872,268,0.064,0.014,0.000,42.1
2026-08-04T10:10:37.663231,269,0.062,0.013,0.000,27.3
2026-08-04T10:10:37.762841,270,0.060,0.013,0.000,10.1
2026-08-04T10:10:37.775968,271,0.058,0.015,0.000,81.0
2026-08-04T10:10:37.829446,272,0.059,0.015,0.000,19.0
2026-08-04T10:10:37.897300,273,0.057,0.015,0.000,15.0
2026-08-04T10:10:37.925423,274,0.052,0.015,0.000,36.4
2026-08-04T10:10:37.961899,275,0.053,0.016,0.000,28.0
2026-08-04T10:10:38.033678,276,0.054,0.016,0.000,14.1
2026-08-04T10:10:38.045528,277,0.050,0.016,0.000,96.2
2026-08-04T10:10:38.096687,278,0.050,0.016,0.000,19.8
2026-08-04T10:10:38.196219,279,0.061,0.016,0.000,10.2
2026-08-04T10:10:38.207334,280,0.061,0.016,0.000,96.4
2026-08-04T10:10:38.260495,281,0.059,0.016,0.000,19.1
2026-08-04T10:10:38.326293,282,0.062,0.016,0.000,15.4
2026-08-04T10:10:38.362013,283,0.062,0.016,0.000,28.6
2026-08-04T10:10:38.396383,284,0.060,0.015,0.000,30.0
2026-08-04T10:10:38.489680,285,0.060,0.015,0.000,10.8
2026-08-04T10:10:38.498487,286,0.060,0.015,0.000,129.0
2026-08-04T10:10:38.561723,287,0.055,0.014,0.000,16.0
2026-08-04T10:10:38.629752,288,0.048,0.015,0.000,14.9
2026-08-04T10:10:38.641815,289,0.052,0.015,0.000,88.7
2026-08-04T10:10:38.693030,290,0.050,0.014,0.000,19.8
2026-08-04T10:10:38.762837,291,0.058,0.014,0.000,14.6
2026-08-04T10:10:38.791332,292,0.057,0.015,0.000,36.1
2026-08-04T10:10:38.828629,293,0.057,0.015,0.000,27.3
2026-08-04T10:10:38.925211,294,0.058,0.015,0.000,10.5
2026-08-04T10:10:38.935672,295,0.058,0.014,0.000,102.9
2026-08-04T10:10:38.992668,296,0.055,0.015,0.000,17.7
2026-08-04T10:10:39.061861,297,0.060,0.014,0.000,14.6
2026-08-04T10:10:39.089875,298,0.055,0.014,0.000,36.8
2026-08-04T10:10:39.125433,299,0.054,0.015,0.000,28.9
2026-08-04T10:10:39.187705,300,0.055,0.015,0.000,16.2
2026-08-04T10:10:39.196890,301,0.055,0.015,0.000,118.1
2026-08-04T10:10:39.261518,302,0.058,0.015,0.000,15.6
2026-08-04T10:10:39.356023,303,0.063,0.015,0.000,10.7
2026-08-04T10:10:39.367082,304,0.060,0.016,0.000,97.4
2026-08-04T10:10:39.423816,305,0.055,0.016,0.000,17.9
2026-08-04T10:10:39.491736,306,0.054,0.016,0.000,14.9
2026-08-04T10:10:39.521492,307,0.054,0.016,0.000,34.5
2026-08-04T10:10:39.559533,308,0.054,0.016,0.000,26.9
2026-08-04T10:10:39.655005,309,0.056,0.016,0.000,10.6
2026-08-04T10:10:39.663025,310,0.061,0.016,0.000,136.9
2026-08-04T10:10:39.723072,311,0.064,0.015,0.000,16.8
2026-08-04T10:10:39.792362,312,0.064,0.015,0.000,14.6
2026-08-04T10:10:39.803088,313,0.064,0.016,0.000,99.7
2026-08-04T10:10:39.856134,314,0.062,0.017,0.000,19.4
2026-08-04T10:10:39.926503,315,0.060,0.017,0.000,14.4
2026-08-04T10:10:39.954004,316,0.064,0.016,0.000,37.3
2026-08-04T10:10:39.991785,317,0.063,0.016,0.000,27.0
2026-08-04T10:10:40.087854,318,0.069,0.016,0.000,10.5
2026-08-04T10:10:40.098833,319,0.068,0.016,0.000,98.0
2026-08-04T10:10:40.155906,320,0.071,0.017,0.000,17.7
2026-08-04T10:10:40.227012,321,0.066,0.016,0.000,14.3
2026-08-04T10:10:40.253530,322,0.065,0.016,0.000,38.8
2026-08-04T10:10:40.288099,323,0.065,0.016,0.000,29.6
2026-08-04T10:10:40.357122,324,0.060,0.016,0.000,14.7
2026-08-04T10:10:40.365707,325,0.062,0.016,0.000,130.0
2026-08-04T10:10:40.424601,326,0.061,0.017,0.000,17.3
2026-08-04T10:10:40.518597,327,0.060,0.018,0.000,10.7
2026-08-04T10:10:40.531951,328,0.059,0.017,0.000,79.9
2026-08-04T10:10:40.587367,329,0.060,0.016,0.000,18.3
2026-08-04T10:10:40.654543,330,0.060,0.017,0.000,15.1
2026-08-04T10:10:40.687893,331,0.058,0.016,0.000,30.7
2026-08-04T10:10:40.721843,332,0.058,0.016,0.000,30.2
2026-08-04T10:10:40.822267,333,0.057,0.018,0.000,10.0
2026-08-04T10:10:40.833601,334,0.056,0.018,0.000,93.8
2026-08-04T10:10:40.888593,335,0.059,0.018,0.000,18.5
2026-08-04T10:10:40.949862,336,0.061,0.017,0.000,16.5
2026-08-04T10:10:40.958642,337,0.060,0.017,0.000,125.2
2026-08-04T10:10:41.019934,338,0.056,0.015,0.000,16.5
2026-08-04T10:10:41.090177,339,0.055,0.015,0.000,14.4
2026-08-04T10:10:41.119735,340,0.056,0.015,0.000,34.7
2026-08-04T10:10:41.157279,341,0.057,0.015,0.000,27.1
2026-08-04T10:10:41.251301,342,0.060,0.015,0.000,10.8
2026-08-04T10:10:41.262206,343,0.062,0.015,0.000,98.4
2026-08-04T10:10:41.322133,344,0.062,0.016,0.000,17.0
2026-08-04T10:10:41.389759,345,0.056,0.016,0.000,15.0
2026-08-04T10:10:41.418335,346,0.056,0.015,0.000,36.1
2026-08-04T10:10:41.453743,347,0.054,0.015,0.000,29.2
2026-08-04T10:10:41.527560,348,0.052,0.015,0.000,13.8
2026-08-04T10:10:41.539446,349,0.057,0.016,0.000,94.7
2026-08-04T10:10:41.587186,350,0.049,0.016,0.000,21.3
2026-08-04T10:10:41.689098,351,0.050,0.015,0.000,10.0
2026-08-04T10:10:41.699074,352,0.051,0.014,0.000,110.1
2026-08-04T10:10:41.752001,353,0.050,0.013,0.000,19.7
2026-08-04T10:10:41.825739,354,0.049,0.014,0.000,13.7
2026-08-04T10:10:41.851330,355,0.050,0.014,0.000,40.5
2026-08-04T10:10:41.887647,356,0.049,0.014,0.000,28.3
2026-08-04T10:10:41.982703,357,0.051,0.015,0.000,10.6
2026-08-04T10:10:41.992666,358,0.052,0.015,0.000,121.5
2026-08-04T10:10:42.053081,359,0.053,0.015,0.000,16.9
2026-08-04T10:10:42.116674,360,0.053,0.015,0.000,16.0
2026-08-04T10:10:42.127805,361,0.054,0.016,0.000,106.6
2026-08-04T10:10:42.183915,362,0.058,0.015,0.000,18.4
2026-08-04T10:10:42.253501,363,0.062,0.014,0.000,14.6
2026-08-04T10:10:42.285251,364,0.062,0.014,0.000,32.4
2026-08-04T10:10:42.321911,365,0.063,0.014,0.000,28.0
2026-08-04T10:10:42.416054,366,0.061,0.014,0.000,10.7
2026-08-04T10:10:42.426628,367,0.065,0.014,0.000,102.7
2026-08-04T10:10:42.484706,368,0.071,0.013,0.000,17.4
2026-08-04T10:10:42.562731,369,0.069,0.013,0.000,13.0
2026-08-04T10:10:42.582334,370,0.063,0.014,0.000,53.2
2026-08-04T10:10:42.615972,371,0.058,0.014,0.000,30.5
2026-08-04T10:10:42.685747,372,0.058,0.013,0.000,14.6
2026-08-04T10:10:42.697657,373,0.059,0.013,0.000,90.1
2026-08-04T10:10:42.753561,374,0.061,0.014,0.000,18.3
2026-08-04T10:10:42.848961,375,0.058,0.015,0.000,10.6
2026-08-04T10:10:42.860564,376,0.063,0.015,0.000,91.8
2026-08-04T10:10:42.917196,377,0.070,0.015,0.000,17.9
2026-08-04T10:10:42.984964,378,0.068,0.014,0.000,15.0
2026-08-04T10:10:43.016172,379,0.062,0.015,0.000,32.9
2026-08-04T10:10:43.053170,380,0.062,0.015,0.000,28.2
2026-08-04T10:10:43.150994,381,0.065,0.015,0.000,10.3
2026-08-04T10:10:43.162205,382,0.063,0.015,0.000,95.8
2026-08-04T10:10:43.216410,383,0.058,0.015,0.000,18.7
2026-08-04T10:10:43.285890,384,0.059,0.016,0.000,14.6
2026-08-04T10:10:43.297974,385,0.059,0.015,0.000,93.2
2026-08-04T10:10:43.347311,386,0.062,0.014,0.000,20.6
2026-08-04T10:10:43.414350,387,0.060,0.015,0.000,15.2
2026-08-04T10:10:43.449560,388,0.062,0.016,0.000,29.0
2026-08-04T10:10:43.485326,389,0.062,0.016,0.000,28.7
2026-08-04T10:10:43.582785,390,0.070,0.015,0.000,10.4
2026-08-04T10:10:43.594863,391,0.071,0.014,0.000,88.3
2026-08-04T10:10:43.649334,392,0.070,0.015,0.000,18.7
2026-08-04T10:10:43.718898,393,0.065,0.015,0.000,14.5
2026-08-04T10:10:43.746110,394,0.060,0.015,0.000,37.8
2026-08-04T10:10:43.782195,395,0.060,0.015,0.000,28.6
2026-08-04T10:10:43.850301,396,0.062,0.015,0.000,14.9
2026-08-04T10:10:43.863709,397,0.060,0.013,0.000,79.0
2026-08-04T10:10:43.916238,398,0.058,0.014,0.000,19.5
2026-08-04T10:10:44.014809,399,0.071,0.014,0.000,10.3
2026-08-04T10:10:44.023034,400,0.065,0.014,0.000,134.2
2026-08-04T10:10:44.079928,401,0.065,0.014,0.000,17.9
2026-08-04T10:10:44.147940,402,0.066,0.014,0.000,14.9
2026-08-04T10:10:44.179746,403,0.061,0.014,0.000,32.2
2026-08-04T10:10:44.217584,404,0.063,0.014,0.000,27.3
2026-08-04T10:10:44.315134,405,0.064,0.013,0.000,10.4
2026-08-04T10:10:44.326152,406,0.074,0.014,0.000,96.9
2026-08-04T10:10:44.380236,407,0.082,0.013,0.000,19.0
2026-08-04T10:10:44.447301,408,0.091,0.012,0.000,15.2
2026-08-04T10:10:44.458128,409,0.103,0.012,0.000,99.2
2026-08-04T10:10:44.513395,410,0.121,0.013,0.000,18.4
2026-08-04T10:10:44.584561,411,0.131,0.013,0.000,14.3
2026-08-04T10:10:44.612966,412,0.158,0.015,0.000,36.4
2026-08-04T10:10:44.650017,413,0.156,0.015,0.000,27.7
2026-08-04T10:10:44.742625,414,0.182,0.014,0.000,11.0
2026-08-04T10:10:44.753814,415,0.188,0.014,0.000,95.4
2026-08-04T10:10:44.812636,416,0.190,0.014,0.000,17.2
2026-08-04T10:10:44.882416,417,0.191,0.014,0.000,14.6
2026-08-04T10:10:44.911262,418,0.202,0.014,0.000,35.6
2026-08-04T10:10:44.944044,419,0.204,0.014,0.000,31.3
2026-08-04T10:10:45.011614,420,0.203,0.013,0.000,15.1
2026-08-04T10:10:45.020020,421,0.203,0.013,0.000,131.0
2026-08-04T10:10:45.079269,422,0.204,0.013,0.000,17.1
2026-08-04T10:10:45.173708,423,0.201,0.014,0.000,10.7
2026-08-04T10:10:45.184860,424,0.201,0.014,0.000,96.3
2026-08-04T10:10:45.245150,425,0.202,0.014,0.000,16.9
2026-08-04T10:10:45.320671,426,0.206,0.014,0.000,13.4
2026-08-04T10:10:45.343320,427,0.206,0.013,0.000,45.9
2026-08-04T10:10:45.381535,428,0.208,0.013,0.000,26.7
2026-08-04T10:10:45.476474,429,0.206,0.012,0.000,10.7
2026-08-04T10:10:45.485337,430,0.205,0.012,0.000,122.6
2026-08-04T10:10:45.546761,431,0.209,0.012,0.000,17.0
2026-08-04T10:10:45.606566,432,0.211,0.013,0.000,17.0
2026-08-04T10:10:45.616759,433,0.212,0.012,0.000,119.8
2026-08-04T10:10:45.677349,434,0.213,0.012,0.000,16.7
2026-08-04T10:10:45.741229,435,0.214,0.012,0.000,15.9
2026-08-04T10:10:45.778093,436,0.215,0.012,0.000,28.0
2026-08-04T10:10:45.814085,437,0.215,0.012,0.000,28.8
2026-08-04T10:10:45.909433,438,0.213,0.012,0.000,10.6
2026-08-04T10:10:45.920183,439,0.213,0.013,0.000,100.4
2026-08-04T10:10:45.976399,440,0.213,0.012,0.000,18.0
2026-08-04T10:10:46.052297,441,0.213,0.013,0.000,13.3
2026-08-04T10:10:46.074892,442,0.208,0.012,0.000,46.8
2026-08-04T10:10:46.109506,443,0.209,0.012,0.000,29.6
2026-08-04T10:10:46.177677,444,0.208,0.012,0.000,14.9
2026-08-04T10:10:46.187014,445,0.210,0.013,0.000,117.1
2026-08-04T10:10:46.244954,446,0.212,0.013,0.000,17.5
2026-08-04T10:10:46.340938,447,0.207,0.013,0.000,10.5
2026-08-04T10:10:46.355337,448,0.210,0.013,0.000,75.9
2026-08-04T10:10:46.409049,449,0.211,0.014,0.000,19.0
2026-08-04T10:10:46.477616,450,0.212,0.014,0.000,14.8
2026-08-04T10:10:46.508061,451,0.212,0.014,0.000,33.8
2026-08-04T10:10:46.546998,452,0.211,0.013,0.000,26.3
2026-08-04T10:10:46.640997,453,0.211,0.014,0.000,10.8
2026-08-04T10:10:46.652407,454,0.208,0.013,0.000,102.0
2026-08-04T10:10:46.709027,455,0.208,0.013,0.000,17.9
2026-08-04T10:10:46.772429,456,0.208,0.012,0.000,16.1
2026-08-04T10:10:46.785267,457,0.210,0.013,0.000,83.1
2026-08-04T10:10:46.840991,458,0.209,0.014,0.000,18.2
2026-08-04T10:10:46.909142,459,0.187,0.014,0.000,14.9
2026-08-04T10:10:46.939270,460,0.099,0.015,0.000,34.4
2026-08-04T10:10:46.977862,461,0.079,0.012,0.000,27.0
2026-08-04T10:10:47.075455,462,0.076,0.028,0.000,10.3
2026-08-04T10:10:47.086985,463,0.159,0.105,0.000,92.8
2026-08-04T10:10:47.140896,464,0.239,0.185,0.000,18.8
2026-08-04T10:10:47.207665,465,0.274,0.220,0.000,15.2
2026-08-04T10:10:47.241392,466,0.290,0.264,0.000,30.3
2026-08-04T10:10:47.272400,467,0.291,0.313,0.000,33.1
2026-08-04T10:10:47.341948,468,0.291,0.356,0.000,14.6
2026-08-04T10:10:47.351691,469,0.293,0.418,0.000,122.7
2026-08-04T10:10:47.409462,470,0.296,0.498,0.000,17.6
2026-08-04T10:10:47.502631,471,0.305,0.652,0.000,10.8
2026-08-04T10:10:47.514185,472,0.310,0.695,0.000,94.3
2026-08-04T10:10:47.571880,473,0.308,0.787,0.000,17.6
2026-08-04T10:10:47.639113,474,0.308,0.813,0.000,15.1
2026-08-04T10:10:47.673379,475,0.316,0.845,0.000,29.9
2026-08-04T10:10:47.709842,476,0.311,0.835,0.000,28.0
2026-08-04T10:10:47.813606,477,0.312,0.805,0.000,9.7
2026-08-04T10:10:47.826156,478,0.313,0.839,0.000,94.9
2026-08-04T10:10:47.873703,479,0.315,0.834,0.000,21.3
2026-08-04T10:10:47.934418,480,0.313,0.844,0.000,16.7
2026-08-04T10:10:47.943720,481,0.313,0.851,0.000,117.0
2026-08-04T10:10:48.005109,482,0.313,0.876,0.000,16.5
2026-08-04T10:10:48.074930,483,0.310,0.858,0.000,14.5
2026-08-04T10:10:48.102656,484,0.310,0.854,0.000,37.0
2026-08-04T10:10:48.139582,485,0.311,0.854,0.000,27.7
2026-08-04T10:10:48.235382,486,0.310,0.834,0.000,10.6
2026-08-04T10:10:48.247730,487,0.310,0.818,0.000,96.1
2026-08-04T10:10:48.307844,488,0.311,0.804,0.000,16.9
2026-08-04T10:10:48.372360,489,0.311,0.793,0.000,15.8
2026-08-04T10:10:48.402922,490,0.310,0.790,0.000,33.5
2026-08-04T10:10:48.434030,491,0.312,0.779,0.000,32.8
2026-08-04T10:10:48.503697,492,0.310,0.764,0.000,14.5
2026-08-04T10:10:48.515303,493,0.314,0.771,0.000,92.2
2026-08-04T10:10:48.572221,494,0.310,0.768,0.000,17.8
2026-08-04T10:10:48.665082,495,0.311,0.758,0.000,10.9
2026-08-04T10:10:48.676163,496,0.310,0.753,0.000,96.8
2026-08-04T10:10:48.736227,497,0.311,0.738,0.000,17.0
2026-08-04T10:10:48.809662,498,0.310,0.728,0.000,13.8
2026-08-04T10:10:48.835333,499,0.184,0.695,0.000,41.1
2026-08-04T10:10:48.874131,500,0.167,0.676,0.000,26.4
2026-08-04T10:10:48.968668,501,0.201,0.637,0.000,10.7
2026-08-04T10:10:48.979775,502,0.205,0.627,0.000,96.9
2026-08-04T10:10:49.039474,503,0.206,0.610,0.000,17.1
2026-08-04T10:10:49.100414,504,0.208,0.584,0.000,17.0
2026-08-04T10:10:49.111737,505,0.207,0.546,0.000,95.2
2026-08-04T10:10:49.168673,506,0.208,0.476,0.000,17.8
2026-08-04T10:10:49.237102,507,0.209,0.459,0.000,14.8
2026-08-04T10:10:49.267718,508,0.212,0.421,0.000,33.5
2026-08-04T10:10:49.306157,509,0.212,0.422,0.000,26.6
2026-08-04T10:10:49.398090,510,0.212,0.393,0.000,11.0
2026-08-04T10:10:49.409022,511,0.212,0.382,0.000,98.1
2026-08-04T10:10:49.467641,512,0.214,0.376,0.000,17.3
2026-08-04T10:10:49.539618,513,0.213,0.353,0.000,14.1
2026-08-04T10:10:49.567117,514,0.213,0.311,0.000,38.6
2026-08-04T10:10:49.600465,515,0.212,0.303,0.000,30.9
2026-08-04T10:10:49.667125,516,0.213,0.289,0.000,15.2
2026-08-04T10:10:49.678784,517,0.214,0.267,0.000,92.8
2026-08-04T10:10:49.736181,518,0.214,0.240,0.000,17.9
2026-08-04T10:10:49.835621,519,0.071,0.213,0.000,10.2
2026-08-04T10:10:49.848046,520,0.059,0.203,0.000,93.2
2026-08-04T10:10:49.900457,521,0.046,0.192,0.000,19.3
2026-08-04T10:10:49.968387,522,0.049,0.183,0.000,14.9
2026-08-04T10:10:49.999879,523,0.062,0.172,0.000,32.5
2026-08-04T10:10:50.037542,524,0.066,0.163,0.000,27.1
2026-08-04T10:10:50.131705,525,0.083,0.142,0.000,10.8
2026-08-04T10:10:50.142039,526,0.098,0.134,0.000,104.9
2026-08-04T10:10:50.200097,527,0.109,0.107,0.000,17.4
2026-08-04T10:10:50.266641,528,0.125,0.085,0.000,15.2
2026-08-04T10:10:50.278199,529,0.143,0.043,0.000,92.9
2026-08-04T10:10:50.332754,530,0.151,0.033,0.000,18.7
2026-08-04T10:10:50.398790,531,0.155,0.029,0.000,15.4
2026-08-04T10:10:50.433648,532,0.173,0.024,0.000,29.4
2026-08-04T10:10:50.470026,533,0.180,0.020,0.000,28.5
2026-08-04T10:10:50.568966,534,0.182,0.019,0.000,10.2
2026-08-04T10:10:50.578412,535,0.185,0.018,0.000,115.9
2026-08-04T10:10:50.632968,536,0.189,0.016,0.000,18.7
2026-08-04T10:10:50.705978,537,0.191,0.014,0.000,13.9
2026-08-04T10:10:50.728642,538,0.196,0.013,0.000,45.6
2026-08-04T10:10:50.766199,539,0.197,0.012,0.000,27.2
2026-08-04T10:10:50.833130,540,0.198,0.013,0.000,15.2
2026-08-04T10:10:50.842152,541,0.198,0.013,0.000,121.8
2026-08-04T10:10:50.901293,542,0.200,0.013,0.000,17.2
2026-08-04T10:10:50.995723,543,0.195,0.012,0.000,10.7
2026-08-04T10:10:51.004537,544,0.197,0.012,0.000,124.7
2026-08-04T10:10:51.066602,545,0.196,0.013,0.000,16.3
2026-08-04T10:10:51.133700,546,0.200,0.013,0.000,15.1
2026-08-04T10:10:51.163629,547,0.205,0.012,0.000,34.4
2026-08-04T10:10:51.201446,548,0.201,0.012,0.000,27.1
2026-08-04T10:10:51.302375,549,0.202,0.012,0.000,10.0
2026-08-04T10:10:51.313998,550,0.204,0.014,0.000,93.3
2026-08-04T10:10:51.365070,551,0.206,0.016,0.000,19.8
2026-08-04T10:10:51.429189,552,0.206,0.017,0.000,15.8
2026-08-04T10:10:51.440414,553,0.207,0.111,0.000,96.2
2026-08-04T10:10:51.496884,554,0.208,0.233,0.000,17.9
2026-08-04T10:10:51.568482,555,0.208,0.281,0.000,14.1
2026-08-04T10:10:51.596016,556,0.211,0.297,0.000,37.4
2026-08-04T10:10:51.633216,557,0.212,0.311,0.000,27.7
2026-08-04T10:10:51.727296,558,0.209,0.334,0.000,10.7
2026-08-04T10:10:51.739131,559,0.209,0.350,0.000,90.5
2026-08-04T10:10:51.799964,560,0.208,0.428,0.000,16.7
2026-08-04T10:10:51.869497,561,0.211,0.436,0.000,14.7
2026-08-04T10:10:51.895900,562,0.206,0.486,0.000,39.0
2026-08-04T10:10:51.930147,563,0.208,0.534,0.000,30.4
2026-08-04T10:10:51.996879,564,0.207,0.527,0.000,15.3
2026-08-04T10:10:52.009308,565,0.201,0.513,0.000,93.6
2026-08-04T10:10:52.067403,566,0.204,0.491,0.000,17.5
2026-08-04T10:10:52.159009,567,0.205,0.476,0.000,11.0
2026-08-04T10:10:52.168291,568,0.206,0.477,0.000,116.3
2026-08-04T10:10:52.228462,569,0.209,0.477,0.000,17.3
2026-08-04T10:10:52.299063,570,0.215,0.472,0.000,14.3
2026-08-04T10:10:52.325164,571,0.216,0.474,0.000,41.7
2026-08-04T10:10:52.366453,572,0.215,0.474,0.000,24.8
2026-08-04T10:10:52.460279,573,0.220,0.467,0.000,10.8
2026-08-04T10:10:52.470799,574,0.221,0.466,0.000,101.3
2026-08-04T10:10:52.529192,575,0.221,0.462,0.000,17.4
2026-08-04T10:10:52.598542,576,0.220,0.458,0.000,14.6
2026-08-04T10:10:52.607549,577,0.215,0.458,0.000,121.6
2026-08-04T10:10:52.661502,578,0.216,0.458,0.000,19.4
2026-08-04T10:10:52.729147,579,0.216,0.458,0.000,15.0
2026-08-04T10:10:52.758389,580,0.215,0.458,0.000,35.1
2026-08-04T10:10:52.797690,581,0.215,0.456,0.000,26.2
2026-08-04T10:10:52.890270,582,0.215,0.455,0.000,10.9
2026-08-04T10:10:52.902489,583,0.215,0.456,0.000,87.0
2026-08-04T10:10:52.960692,584,0.216,0.460,0.000,17.4
2026-08-04T10:10:53.025842,585,0.218,0.460,0.000,15.5
2026-08-04T10:10:53.061036,586,0.217,0.454,0.000,29.0
2026-08-04T10:10:53.093479,587,0.219,0.450,0.000,31.4
2026-08-04T10:10:53.162541,588,0.218,0.452,0.000,14.6
2026-08-04T10:10:53.173949,589,0.218,0.454,0.000,94.6
2026-08-04T10:10:53.228698,590,0.219,0.444,0.000,18.5
2026-08-04T10:10:53.328294,591,0.214,0.444,0.000,10.1
2026-08-04T10:10:53.341550,592,0.214,0.444,0.000,80.1
2026-08-04T10:10:53.394230,593,0.214,0.450,0.000,19.3
2026-08-04T10:10:53.460899,594,0.216,0.451,0.000,15.2
2026-08-04T10:10:53.493266,595,0.220,0.455,0.000,31.7
2026-08-04T10:10:53.528177,596,0.221,0.455,0.000,29.2
2026-08-04T10:10:53.622553,597,0.222,0.451,0.000,10.7
2026-08-04T10:10:53.633215,598,0.220,0.454,0.000,100.8
2026-08-04T10:10:53.692347,599,0.220,0.455,0.000,17.1
2026-08-04T10:10:53.756709,600,0.219,0.458,0.000,15.8
2026-08-04T10:10:53.768268,601,0.220,0.459,0.000,93.6
2026-08-04T10:10:53.824290,602,0.214,0.462,0.000,18.1
2026-08-04T10:10:53.892069,603,0.216,0.459,0.000,15.0
2026-08-04T10:10:53.926191,604,0.216,0.457,0.000,30.0
2026-08-04T10:10:53.963006,605,0.220,0.453,0.000,28.1
2026-08-04T10:10:54.063913,606,0.223,0.454,0.000,10.0
2026-08-04T10:10:54.076099,607,0.225,0.460,0.000,91.4
2026-08-04T10:10:54.121474,608,0.227,0.452,0.000,22.4
2026-08-04T10:10:54.191700,609,0.228,0.451,0.000,14.4
2026-08-04T10:10:54.224681,610,0.228,0.451,0.000,31.0
2026-08-04T10:10:54.256720,611,0.228,0.443,0.000,31.9
2026-08-04T10:10:54.325612,612,0.226,0.441,0.000,14.7
2026-08-04T10:10:54.336878,613,0.226,0.426,0.000,95.3
2026-08-04T10:10:54.392134,614,0.227,0.422,0.000,18.3
2026-08-04T10:10:54.486052,615,0.227,0.414,0.000,10.8
2026-08-04T10:10:54.494796,616,0.227,0.408,0.000,125.3
2026-08-04T10:10:54.559571,617,0.227,0.407,0.000,15.6
2026-08-04T10:10:54.626686,618,0.227,0.402,0.000,15.2
2026-08-04T10:10:54.654530,619,0.228,0.399,0.000,36.9
2026-08-04T10:10:54.693270,620,0.228,0.397,0.000,26.4
2026-08-04T10:10:54.792372,621,0.227,0.378,0.000,10.2
2026-08-04T10:10:54.802637,622,0.230,0.367,0.000,105.2
2026-08-04T10:10:54.856382,623,0.228,0.355,0.000,18.8
2026-08-04T10:10:54.920665,624,0.230,0.343,0.000,15.8
2026-08-04T10:10:54.931694,625,0.225,0.322,0.000,97.7
2026-08-04T10:10:54.988309,626,0.232,0.305,0.000,17.9
2026-08-04T10:10:55.063380,627,0.231,0.281,0.000,13.5
2026-08-04T10:10:55.086684,628,0.232,0.274,0.000,44.8
2026-08-04T10:10:55.126002,629,0.236,0.246,0.000,26.0
2026-08-04T10:10:55.217414,630,0.232,0.222,0.000,11.1
2026-08-04T10:10:55.228301,631,0.231,0.212,0.000,98.7
2026-08-04T10:10:55.290869,632,0.235,0.189,0.000,16.2
2026-08-04T10:10:55.356660,633,0.237,0.187,0.000,15.6
2026-08-04T10:10:55.388664,634,0.237,0.186,0.000,32.1
2026-08-04T10:10:55.422168,635,0.237,0.176,0.000,30.4
2026-08-04T10:10:55.488313,636,0.238,0.146,0.000,15.3
2026-08-04T10:10:55.499750,637,0.230,0.145,0.000,93.8
2026-08-04T10:10:55.558656,638,0.066,0.116,0.000,17.3
2026-08-04T10:10:55.654684,639,0.068,0.060,0.000,10.6
2026-08-04T10:10:55.666342,640,0.071,0.041,0.000,91.9
2026-08-04T10:10:55.721567,641,0.070,0.032,0.000,18.4
2026-08-04T10:10:55.795516,642,0.086,0.026,0.000,13.7
2026-08-04T10:10:55.820194,643,0.141,0.026,0.000,42.8
2026-08-04T10:10:55.857433,644,0.151,0.018,0.000,27.8
2026-08-04T10:10:55.949718,645,0.118,0.016,0.000,11.0
2026-08-04T10:10:55.961074,646,0.075,0.014,0.000,94.1
2026-08-04T10:10:56.020928,647,0.083,0.010,0.000,17.0
2026-08-04T10:10:56.085462,648,0.068,0.008,0.000,15.7
2026-08-04T10:10:56.096196,649,0.089,0.005,0.000,101.3
2026-08-04T10:10:56.151930,650,0.176,0.005,0.000,18.2
2026-08-04T10:10:56.219613,651,0.205,0.004,0.000,14.9
2026-08-04T10:10:56.252085,652,0.255,0.005,0.000,33.8
2026-08-04T10:10:56.288425,653,0.245,0.002,0.000,28.6
2026-08-04T10:10:56.383670,654,0.261,0.003,0.000,10.6
2026-08-04T10:10:56.391950,655,0.264,0.004,0.000,133.8
2026-08-04T10:10:56.452952,656,0.276,0.002,0.000,16.6
2026-08-04T10:10:56.522137,657,0.283,0.004,0.000,14.7
2026-08-04T10:10:56.552394,658,0.284,0.005,0.000,33.9
2026-08-04T10:10:56.586859,659,0.280,0.004,0.000,30.2
2026-08-04T10:10:56.657978,660,0.282,0.004,0.000,14.3
2026-08-04T10:10:56.670079,661,0.283,0.005,0.000,88.2
2026-08-04T10:10:56.720447,662,0.295,0.005,0.000,20.2
2026-08-04T10:10:56.823621,663,0.292,0.009,0.000,9.8
2026-08-04T10:10:56.832537,664,0.287,0.010,0.000,122.7
2026-08-04T10:10:56.885048,665,0.295,0.035,0.000,19.3
2026-08-04T10:10:56.955575,666,0.287,0.076,0.000,14.4
2026-08-04T10:10:56.984295,667,0.271,0.174,0.000,36.2
2026-08-04T10:10:57.020366,668,0.269,0.292,0.000,28.5
2026-08-04T10:10:57.117828,669,0.267,0.481,0.000,10.4
2026-08-04T10:10:57.127124,670,0.267,0.544,0.000,116.8
2026-08-04T10:10:57.185116,671,0.258,0.629,0.000,17.5
2026-08-04T10:10:57.247148,672,0.267,0.661,0.000,16.5
2026-08-04T10:10:57.258753,673,0.252,0.679,0.000,91.8
2026-08-04T10:10:57.318975,674,0.258,0.753,0.000,17.0
2026-08-04T10:10:57.384290,675,0.263,0.784,0.000,15.5
2026-08-04T10:10:57.417461,676,0.256,0.829,0.000,30.8
2026-08-04T10:10:57.454564,677,0.260,0.836,0.000,27.4
2026-08-04T10:10:57.556636,678,0.259,0.878,0.000,9.9
2026-08-04T10:10:57.569098,679,0.258,0.865,0.000,85.9
2026-08-04T10:10:57.619360,680,0.257,0.881,0.000,20.2
2026-08-04T10:10:57.685287,681,0.257,0.886,0.000,15.4
2026-08-04T10:10:57.715282,682,0.255,0.880,0.000,34.2
2026-08-04T10:10:57.750913,683,0.257,0.869,0.000,28.8
2026-08-04T10:10:57.822861,684,0.257,0.879,0.000,14.1
2026-08-04T10:10:57.832217,685,0.263,0.901,0.000,117.0
2026-08-04T10:10:57.884920,686,0.265,0.893,0.000,19.4
2026-08-04T10:10:57.980312,687,0.258,0.875,0.000,10.6
2026-08-04T10:10:57.992160,688,0.257,0.882,0.000,90.5
2026-08-04T10:10:58.051030,689,0.254,0.879,0.000,17.3
2026-08-04T10:10:58.120551,690,0.256,0.875,0.000,14.7
2026-08-04T10:10:58.148141,691,0.260,0.846,0.000,42.4
2026-08-04T10:10:58.185612,692,0.258,0.842,0.000,27.3
2026-08-04T10:10:58.282253,693,0.258,0.826,0.000,10.4
2026-08-04T10:10:58.295295,694,0.257,0.825,0.000,82.0
2026-08-04T10:10:58.348824,695,0.254,0.824,0.000,19.0
2026-08-04T10:10:58.416861,696,0.255,0.817,0.000,14.9
2026-08-04T10:10:58.429020,697,0.259,0.807,0.000,87.9
2026-08-04T10:10:58.480822,698,0.258,0.774,0.000,19.6
2026-08-04T10:10:58.550811,699,0.257,0.748,0.000,14.5
2026-08-04T10:10:58.579891,700,0.256,0.677,0.000,35.6
2026-08-04T10:10:58.616747,701,0.257,0.616,0.000,27.7
2026-08-04T10:10:58.709868,702,0.257,0.551,0.000,10.9
2026-08-04T10:10:58.720648,703,0.259,0.496,0.000,99.5
2026-08-04T10:10:58.780966,704,0.257,0.443,0.000,16.8
2026-08-04T10:10:58.853413,705,0.255,0.414,0.000,14.0
2026-08-04T10:10:58.880100,706,0.252,0.326,0.000,38.6
2026-08-04T10:10:58.912854,707,0.254,0.286,0.000,31.4
2026-08-04T10:10:58.984657,708,0.259,0.218,0.000,14.2
2026-08-04T10:10:58.994756,709,0.259,0.167,0.000,106.8
2026-08-04T10:10:59.049506,710,0.252,0.084,0.000,18.6
2026-08-04T10:10:59.143458,711,0.269,0.047,0.000,10.8
2026-08-04T10:10:59.152289,712,0.249,0.045,0.000,123.5
2026-08-04T10:10:59.213897,713,0.246,0.054,0.000,16.6
2026-08-04T10:10:59.285768,714,0.243,0.036,0.000,14.1
2026-08-04T10:10:59.310135,715,0.241,0.024,0.000,42.6
2026-08-04T10:10:59.348933,716,0.237,0.021,0.000,26.4
2026-08-04T10:10:59.447868,717,0.237,0.017,0.000,10.2
2026-08-04T10:10:59.457191,718,0.241,0.011,0.000,118.2
2026-08-04T10:10:59.512381,719,0.246,0.003,0.000,18.4
2026-08-04T10:10:59.581486,720,0.244,0.005,0.000,14.6
2026-08-04T10:10:59.590974,721,0.249,0.005,0.000,115.5
2026-08-04T10:10:59.647065,722,0.260,0.003,0.000,18.2
2026-08-04T10:10:59.709567,723,0.253,0.001,0.000,16.3
2026-08-04T10:10:59.742908,724,0.260,0.003,0.000,30.7
2026-08-04T10:10:59.777584,725,0.259,0.003,0.000,29.7
2026-08-04T10:10:59.878976,726,0.257,0.006,0.000,10.0
2026-08-04T10:10:59.890496,727,0.254,0.006,0.000,100.5
2026-08-04T10:10:59.944377,728,0.263,0.006,0.000,18.8
2026-08-04T10:11:00.012714,729,0.260,0.005,0.000,14.8
2026-08-04T10:11:00.043269,730,0.259,0.004,0.000,33.5
2026-08-04T10:11:00.075362,731,0.259,0.004,0.000,31.9
2026-08-04T10:11:00.144676,732,0.256,0.004,0.000,14.6
2026-08-04T10:11:00.152930,733,0.262,0.004,0.000,131.5
2026-08-04T10:11:00.211801,734,0.262,0.006,0.000,17.2
2026-08-04T10:11:00.311479,735,0.264,0.004,0.000,10.1
2026-08-04T10:11:00.320186,736,0.268,0.004,0.000,124.3
2026-08-04T10:11:00.376124,737,0.265,0.004,0.000,18.2
2026-08-04T10:11:00.444608,738,0.265,0.004,0.000,14.8
2026-08-04T10:11:00.475523,739,0.269,0.004,0.000,33.1
2026-08-04T10:11:00.512630,740,0.268,0.003,0.000,27.5
2026-08-04T10:11:00.608950,741,0.270,0.003,0.000,10.4
2026-08-04T10:11:00.618933,742,0.268,0.004,0.000,108.0
2026-08-04T10:11:00.677136,743,0.269,0.003,0.000,17.6
2026-08-04T10:11:00.740241,744,0.265,0.004,0.000,16.2
2026-08-04T10:11:00.749982,745,0.263,0.003,0.000,110.9
2026-08-04T10:11:00.810321,746,0.131,0.003,0.000,16.8
2026-08-04T10:11:00.879078,747,0.106,0.004,0.000,14.8
2026-08-04T10:11:00.906135,748,0.169,0.002,0.000,38.0
2026-08-04T10:11:00.944793,749,0.199,0.001,0.000,26.9
2026-08-04T10:11:01.044412,750,0.233,0.001,0.000,10.1
2026-08-04T10:11:01.055877,751,0.255,0.000,0.000,95.1
2026-08-04T10:11:01.110000,752,0.276,0.001,0.000,18.8
2026-08-04T10:11:01.176386,753,0.291,0.004,0.000,15.3
2026-08-04T10:11:01.207724,754,0.294,0.004,0.000,32.8
2026-08-04T10:11:01.240320,755,0.290,0.005,0.000,31.3
2026-08-04T10:11:01.311081,756,0.275,0.002,0.000,14.3
2026-08-04T10:11:01.321878,757,0.277,0.003,0.000,104.6
2026-08-04T10:11:01.374771,758,0.273,0.002,0.000,19.2
2026-08-04T10:11:01.476118,759,0.285,0.003,0.000,10.0
2026-08-04T10:11:01.485936,760,0.291,0.001,0.000,109.4
2026-08-04T10:11:01.540601,761,0.283,0.003,0.000,18.5
2026-08-04T10:11:01.609780,762,0.281,0.002,0.000,14.6
2026-08-04T10:11:01.638707,763,0.294,0.003,0.000,36.9
2026-08-04T10:11:01.676610,764,0.286,0.004,0.000,26.8
2026-08-04T10:11:01.774670,765,0.293,0.001,0.000,10.3
2026-08-04T10:11:01.783465,766,0.295,0.003,0.000,124.2
2026-08-04T10:11:01.842891,767,0.292,0.003,0.000,17.0
2026-08-04T10:11:01.910764,768,0.293,0.003,0.000,14.9
2026-08-04T10:11:01.919770,769,0.297,0.004,0.000,120.7
2026-08-04T10:11:01.973756,770,0.293,0.002,0.000,18.8
2026-08-04T10:11:02.036054,771,0.293,0.003,0.000,16.3
2026-08-04T10:11:02.074569,772,0.293,0.003,0.000,26.6
2026-08-04T10:11:02.108845,773,0.292,0.003,0.000,30.2
2026-08-04T10:11:02.205903,774,0.297,0.003,0.000,10.4
2026-08-04T10:11:02.216656,775,0.297,0.004,0.000,100.8
2026-08-04T10:11:02.273492,776,0.293,0.004,0.000,17.8
2026-08-04T10:11:02.342263,777,0.291,0.004,0.000,14.7
2026-08-04T10:11:02.369871,778,0.281,0.005,0.000,37.2
2026-08-04T10:11:02.402887,779,0.283,0.005,0.000,30.9
2026-08-04T10:11:02.476202,780,0.286,0.005,0.000,13.8
2026-08-04T10:11:02.487585,781,0.276,0.007,0.000,93.7
2026-08-04T10:11:02.539971,782,0.164,0.005,0.000,19.5
2026-08-04T10:11:02.638947,783,0.198,0.003,0.000,10.2
2026-08-04T10:11:02.650469,784,0.210,0.002,0.000,93.8
2026-08-04T10:11:02.704838,785,0.231,0.002,0.000,18.6
2026-08-04T10:11:02.775382,786,0.244,0.003,0.000,14.3
2026-08-04T10:11:02.801655,787,0.257,0.004,0.000,39.3
2026-08-04T10:11:02.840290,788,0.265,0.004,0.000,26.4
2026-08-04T10:11:02.940712,789,0.275,0.002,0.000,10.1
2026-08-04T10:11:02.950489,790,0.282,0.002,0.000,111.9
2026-08-04T10:11:03.004021,791,0.293,0.004,0.000,19.0
2026-08-04T10:11:03.074580,792,0.296,0.004,0.000,14.3
2026-08-04T10:11:03.084538,793,0.301,0.004,0.000,107.5
2026-08-04T10:11:03.135665,794,0.300,0.004,0.000,19.8
2026-08-04T10:11:03.208778,795,0.302,0.004,0.000,13.8
2026-08-04T10:11:03.235138,796,0.301,0.005,0.000,39.7
2026-08-04T10:11:03.272094,797,0.301,0.005,0.000,27.7
2026-08-04T10:11:03.371645,798,0.299,0.007,0.000,10.1
2026-08-04T10:11:03.381156,799,0.296,0.005,0.000,129.1
2026-08-04T10:11:03.436895,800,0.299,0.004,0.000,18.2
2026-08-04T10:11:03.507559,801,0.300,0.005,0.000,14.3
2026-08-04T10:11:03.538183,802,0.301,0.007,0.000,33.8
2026-08-04T10:11:03.567804,803,0.300,0.007,0.000,36.0
2026-08-04T10:11:03.637005,804,0.299,0.006,0.000,14.6
2026-08-04T10:11:03.646533,805,0.299,0.006,0.000,113.6
2026-08-04T10:11:03.703934,806,0.300,0.006,0.000,17.6
2026-08-04T10:11:03.810230,807,0.307,0.009,0.000,9.5
2026-08-04T10:11:03.822000,808,0.311,0.010,0.000,91.3
2026-08-04T10:11:03.868148,809,0.312,0.054,0.000,22.1
2026-08-04T10:11:03.934421,810,0.318,0.103,0.000,15.3
2026-08-04T10:11:03.969222,811,0.318,0.200,0.000,29.4
2026-08-04T10:11:04.004147,812,0.312,0.213,0.000,29.5
2026-08-04T10:11:04.101131,813,0.294,0.253,0.000,10.4
2026-08-04T10:11:04.111737,814,0.286,0.272,0.000,102.1
2026-08-04T10:11:04.168270,815,0.288,0.341,0.000,17.9
2026-08-04T10:11:04.230435,816,0.282,0.408,0.000,16.3
2026-08-04T10:11:04.241780,817,0.282,0.458,0.000,93.2
2026-08-04T10:11:04.303613,818,0.288,0.498,0.000,16.6
2026-08-04T10:11:04.368511,819,0.284,0.530,0.000,15.7
2026-08-04T10:11:04.401450,820,0.278,0.566,0.000,31.0
2026-08-04T10:11:04.436623,821,0.281,0.576,0.000,29.2
2026-08-04T10:11:04.529552,822,0.280,0.608,0.000,10.9
2026-08-04T10:11:04.540418,823,0.279,0.625,0.000,97.8
2026-08-04T10:11:04.601096,824,0.283,0.681,0.000,16.8
2026-08-04T10:11:04.669228,825,0.280,0.675,0.000,14.9
2026-08-04T10:11:04.701752,826,0.281,0.690,0.000,31.5
2026-08-04T10:11:04.731982,827,0.282,0.687,0.000,34.4
2026-08-04T10:11:04.803920,828,0.283,0.669,0.000,14.0
2026-08-04T10:11:04.815778,829,0.281,0.655,0.000,94.6
2026-08-04T10:11:04.871221,830,0.281,0.655,0.000,18.3
2026-08-04T10:11:04.965804,831,0.281,0.650,0.000,10.7
2026-08-04T10:11:04.975174,832,0.281,0.649,0.000,118.9
2026-08-04T10:11:05.033596,833,0.281,0.648,0.000,17.3
2026-08-04T10:11:05.102570,834,0.283,0.651,0.000,14.8
2026-08-04T10:11:05.133224,835,0.280,0.652,0.000,33.4
2026-08-04T10:11:05.170885,836,0.279,0.646,0.000,27.2
2026-08-04T10:11:05.268072,837,0.280,0.642,0.000,10.4
2026-08-04T10:11:05.279010,838,0.279,0.637,0.000,99.6
2026-08-04T10:11:05.333876,839,0.278,0.643,0.000,18.4
2026-08-04T10:11:05.399123,840,0.280,0.639,0.000,15.5
2026-08-04T10:11:05.411230,841,0.279,0.634,0.000,89.4
2026-08-04T10:11:05.462919,842,0.281,0.621,0.000,19.7
2026-08-04T10:11:05.535046,843,0.284,0.624,0.000,14.0
2026-08-04T10:11:05.562639,844,0.286,0.626,0.000,37.5
2026-08-04T10:11:05.601066,845,0.287,0.628,0.000,26.6
2026-08-04T10:11:05.698877,846,0.287,0.612,0.000,10.3
2026-08-04T10:11:05.709581,847,0.286,0.613,0.000,100.2
2026-08-04T10:11:05.765083,848,0.286,0.613,0.000,18.3
2026-08-04T10:11:05.836895,849,0.286,0.613,0.000,14.1
2026-08-04T10:11:05.862954,850,0.287,0.620,0.000,39.5
2026-08-04T10:11:05.898082,851,0.287,0.618,0.000,29.1
2026-08-04T10:11:05.967460,852,0.287,0.618,0.000,14.6
2026-08-04T10:11:05.976524,853,0.287,0.618,0.000,119.3
2026-08-04T10:11:06.032936,854,0.288,0.604,0.000,18.0
2026-08-04T10:11:06.128366,855,0.288,0.591,0.000,10.6
2026-08-04T10:11:06.137333,856,0.287,0.587,0.000,120.8
2026-08-04T10:11:06.195578,857,0.286,0.550,0.000,17.4
2026-08-04T10:11:06.264028,858,0.287,0.531,0.000,14.8
2026-08-04T10:11:06.295864,859,0.287,0.410,0.000,32.1
2026-08-04T10:11:06.332904,860,0.289,0.323,0.000,27.6
2026-08-04T10:11:06.430209,861,0.297,0.222,0.000,10.4
2026-08-04T10:11:06.439794,862,0.306,0.173,0.000,113.3
2026-08-04T10:11:06.496204,863,0.309,0.077,0.000,17.9
2026-08-04T10:11:06.561547,864,0.316,0.051,0.000,15.5
2026-08-04T10:11:06.570422,865,0.325,0.033,0.000,121.8
2026-08-04T10:11:06.628690,866,0.326,0.016,0.000,17.3
2026-08-04T10:11:06.697298,867,0.330,0.009,0.000,14.8
2026-08-04T10:11:06.727676,868,0.333,0.003,0.000,33.7
2026-08-04T10:11:06.764415,869,0.335,0.006,0.000,27.7
2026-08-04T10:11:06.861922,870,0.335,0.009,0.000,10.3
2026-08-04T10:11:06.871244,871,0.337,0.007,0.000,116.4
2026-08-04T10:11:06.929102,872,0.350,0.008,0.000,18.0
2026-08-04T10:11:06.994931,873,0.348,0.008,0.000,15.4
2026-08-04T10:11:07.027157,874,0.330,0.005,0.000,31.8
2026-08-04T10:11:07.062168,875,0.191,0.004,0.000,29.2
2026-08-04T10:11:07.127550,876,0.126,0.004,0.000,15.5
2026-08-04T10:11:07.136679,877,0.174,0.003,0.000,119.0
2026-08-04T10:11:07.196348,878,0.187,0.004,0.000,17.5
2026-08-04T10:11:07.296719,879,0.217,0.002,0.000,10.1
2026-08-04T10:11:07.307112,880,0.231,0.003,0.000,105.3
2026-08-04T10:11:07.360047,881,0.249,0.002,0.000,19.2
2026-08-04T10:11:07.429486,882,0.256,0.002,0.000,14.6
2026-08-04T10:11:07.459135,883,0.263,0.002,0.000,34.6
2026-08-04T10:11:07.496019,884,0.270,0.002,0.000,27.7
2026-08-04T10:11:07.596577,885,0.276,0.002,0.000,10.1
2026-08-04T10:11:07.605717,886,0.279,0.003,0.000,120.1
2026-08-04T10:11:07.660630,887,0.280,0.003,0.000,18.5
2026-08-04T10:11:07.727083,888,0.283,0.003,0.000,15.3
2026-08-04T10:11:07.737742,889,0.286,0.003,0.000,100.1
2026-08-04T10:11:07.792353,890,0.291,0.004,0.000,18.7
2026-08-04T10:11:07.864603,891,0.293,0.003,0.000,14.1
2026-08-04T10:11:07.890508,892,0.299,0.004,0.000,40.0
2026-08-04T10:11:07.928810,893,0.301,0.004,0.000,26.7
2026-08-04T10:11:08.023371,894,0.302,0.003,0.000,10.7
2026-08-04T10:11:08.034814,895,0.303,0.003,0.000,93.0
2026-08-04T10:11:08.094383,896,0.304,0.003,0.000,17.0
2026-08-04T10:11:08.161878,897,0.305,0.003,0.000,15.0
2026-08-04T10:11:08.190038,898,0.310,0.004,0.000,36.5
2026-08-04T10:11:08.224146,899,0.314,0.003,0.000,30.0
2026-08-04T10:11:08.300939,900,0.315,0.004,0.000,13.2
2026-08-04T10:11:08.312613,901,0.314,0.005,0.000,93.3
2026-08-04T10:11:08.361664,902,0.316,0.004,0.000,20.8
2026-08-04T10:11:08.456600,903,0.315,0.004,0.000,10.6
2026-08-04T10:11:08.466391,904,0.316,0.004,0.000,109.8
2026-08-04T10:11:08.524291,905,0.316,0.004,0.000,17.5
2026-08-04T10:11:08.597946,906,0.316,0.004,0.000,13.8
2026-08-04T10:11:08.623987,907,0.318,0.003,0.000,39.5
2026-08-04T10:11:08.662295,908,0.318,0.004,0.000,26.9
2026-08-04T10:11:08.753679,909,0.318,0.003,0.000,11.0
2026-08-04T10:11:08.764572,910,0.318,0.003,0.000,99.2
2026-08-04T10:11:08.824316,911,0.318,0.002,0.000,17.0
2026-08-04T10:11:08.891362,912,0.319,0.003,0.000,15.1
2026-08-04T10:11:08.900246,913,0.320,0.003,0.000,123.3
2026-08-04T10:11:08.957167,914,0.323,0.003,0.000,17.8
2026-08-04T10:11:09.023277,915,0.324,0.003,0.000,15.3
2026-08-04T10:11:09.056441,916,0.326,0.002,0.000,30.8
2026-08-04T10:11:09.093740,917,0.326,0.003,0.000,27.7
2026-08-04T10:11:09.188574,918,0.326,0.003,0.000,10.6
2026-08-04T10:11:09.197146,919,0.326,0.004,0.000,129.4
2026-08-04T10:11:09.256222,920,0.325,0.004,0.000,17.1
2026-08-04T10:11:09.328168,921,0.325,0.003,0.000,14.1
2026-08-04T10:11:09.353968,922,0.326,0.003,0.000,40.2
2026-08-04T10:11:09.388914,923,0.324,0.004,0.000,29.2
2026-08-04T10:11:09.454080,924,0.288,0.004,0.000,15.5
2026-08-04T10:11:09.463654,925,0.100,0.004,0.000,112.5
2026-08-04T10:11:09.525519,926,0.089,0.006,0.000,16.3
2026-08-04T10:11:09.623435,927,0.173,0.008,0.000,10.3
2026-08-04T10:11:09.633982,928,0.197,0.006,0.000,101.4
2026-08-04T10:11:09.687757,929,0.227,0.005,0.000,18.9
2026-08-04T10:11:09.756371,930,0.245,0.002,0.000,14.8
2026-08-04T10:11:09.787925,931,0.262,0.003,0.000,32.5
2026-08-04T10:11:09.826856,932,0.272,0.002,0.000,26.1
2026-08-04T10:11:09.919568,933,0.277,0.003,0.000,10.9
2026-08-04T10:11:09.930819,934,0.286,0.003,0.000,95.2
2026-08-04T10:11:09.987979,935,0.290,0.006,0.000,17.7
2026-08-04T10:11:10.056030,936,0.294,0.005,0.000,14.9
2026-08-04T10:11:10.068930,937,0.292,0.005,0.000,81.8
2026-08-04T10:11:10.120699,938,0.293,0.006,0.000,19.8
2026-08-04T10:11:10.190805,939,0.291,0.006,0.000,14.5
2026-08-04T10:11:10.217798,940,0.301,0.003,0.000,38.1
2026-08-04T10:11:10.256856,941,0.299,0.004,0.000,26.4
2026-08-04T10:11:10.357653,942,0.295,0.004,0.000,10.0
2026-08-04T10:11:10.368839,943,0.299,0.005,0.000,106.3
2026-08-04T10:11:10.419876,944,0.302,0.005,0.000,19.9
2026-08-04T10:11:10.487824,945,0.300,0.005,0.000,14.9
2026-08-04T10:11:10.520387,946,0.302,0.003,0.000,31.4
2026-08-04T10:11:10.555112,947,0.296,0.004,0.000,29.5
2026-08-04T10:11:10.622152,948,0.297,0.004,0.000,15.1
2026-08-04T10:11:10.630253,949,0.295,0.004,0.000,135.2
2026-08-04T10:11:10.688777,950,0.285,0.005,0.000,17.4
2026-08-04T10:11:10.782432,951,0.290,0.003,0.317,10.8
2026-08-04T10:11:10.793508,952,0.292,0.003,0.317,97.0
2026-08-04T10:11:10.851977,953,0.290,0.005,0.317,17.3
2026-08-04T10:11:10.918085,954,0.294,0.004,0.554,15.3
2026-08-04T10:11:10.953674,955,0.309,0.006,0.554,28.8
2026-08-04T10:11:10.989539,956,0.312,0.004,0.554,28.8
2026-08-04T10:11:11.086770,957,0.303,0.014,0.432,10.4
2026-08-04T10:11:11.096673,958,0.291,0.008,0.432,110.9
2026-08-04T10:11:11.154287,959,0.284,0.009,0.432,17.6
2026-08-04T10:11:11.217561,960,0.285,0.012,0.253,16.0
2026-08-04T10:11:11.228207,961,0.285,0.010,0.253,100.3
2026-08-04T10:11:11.285736,962,0.289,0.008,0.253,17.7
2026-08-04T10:11:11.355694,963,0.288,0.005,0.000,14.5
2026-08-04T10:11:11.383772,964,0.288,0.005,0.000,36.5
2026-08-04T10:11:11.421396,965,0.288,0.007,0.000,27.0
2026-08-04T10:11:11.521430,966,0.296,0.007,0.000,10.1
2026-08-04T10:11:11.531875,967,0.291,0.007,0.000,105.5
2026-08-04T10:11:11.584579,968,0.304,0.007,0.000,19.3
2026-08-04T10:11:11.654987,969,0.302,0.007,0.000,14.4
2026-08-04T10:11:11.683519,970,0.296,0.004,0.000,36.0
2026-08-04T10:11:11.717129,971,0.301,0.007,0.000,30.4
2026-08-04T10:11:11.783320,972,0.298,0.006,0.000,15.3
2026-08-04T10:11:11.792870,973,0.301,0.005,0.000,112.3
2026-08-04T10:11:11.852320,974,0.305,0.005,0.000,17.1
2026-08-04T10:11:11.951500,975,0.297,0.006,0.000,10.2
2026-08-04T10:11:11.960465,976,0.294,0.006,0.000,121.0
2026-08-04T10:11:12.013707,977,0.291,0.006,0.000,19.1
2026-08-04T10:11:12.084865,978,0.291,0.005,0.000,14.2
2026-08-04T10:11:12.117122,979,0.291,0.005,0.000,31.7
2026-08-04T10:11:12.152329,980,0.290,0.005,0.000,29.1
2026-08-04T10:11:12.247996,981,0.290,0.004,0.000,10.5
2026-08-04T10:11:12.256864,982,0.290,0.004,0.000,123.9
2026-08-04T10:11:12.316327,983,0.295,0.005,0.000,17.0
2026-08-04T10:11:12.381508,984,0.297,0.004,0.000,15.5
2026-08-04T10:11:12.391746,985,0.300,0.004,0.000,104.2
2026-08-04T10:11:12.450436,986,0.308,0.004,0.000,17.8
2026-08-04T10:11:12.521300,987,0.309,0.004,0.000,14.3
2026-08-04T10:11:12.547561,988,0.313,0.003,0.000,39.4
2026-08-04T10:11:12.586746,989,0.314,0.003,0.000,26.0
2026-08-04T10:11:12.679293,990,0.320,0.004,0.000,10.9
2026-08-04T10:11:12.688322,991,0.318,0.005,0.000,120.3
2026-08-04T10:11:12.749541,992,0.317,0.004,0.000,16.5
2026-08-04T10:11:12.827163,993,0.318,0.004,0.295,13.0
2026-08-04T10:11:12.847548,994,0.320,0.003,0.295,51.0
2026-08-04T10:11:12.882260,995,0.321,0.003,0.295,29.5
2026-08-04T10:11:12.947810,996,0.321,0.004,0.000,15.4
2026-08-04T10:11:12.958245,997,0.321,0.004,0.000,102.4
2026-08-04T10:11:13.017482,998,0.321,0.005,0.000,17.4
2026-08-04T10:11:13.117065,999,0.321,0.007,0.000,10.1
2026-08-04T10:11:13.125778,1000,0.319,0.007,0.000,124.7
2026-08-04T10:11:13.180918,1001,0.322,0.007,0.000,18.4
2026-08-04T10:11:13.251016,1002,0.323,0.007,0.294,14.5
2026-08-04T10:11:13.279559,1003,0.324,0.005,0.294,36.1
2026-08-04T10:11:13.317163,1004,0.321,0.006,0.294,27.2
2026-08-04T10:11:13.411449,1005,0.319,0.007,0.000,10.7
2026-08-04T10:11:13.422654,1006,0.320,0.007,0.000,95.2
2026-08-04T10:11:13.481835,1007,0.320,0.010,0.000,17.1
2026-08-04T10:11:13.543984,1008,0.320,0.010,0.000,16.3
2026-08-04T10:11:13.554550,1009,0.319,0.009,0.000,103.6
2026-08-04T10:11:13.614493,1010,0.318,0.009,0.000,16.9
2026-08-04T10:11:13.685589,1011,0.319,0.010,0.251,14.2
2026-08-04T10:11:13.709598,1012,0.316,0.008,0.251,42.9
2026-08-04T10:11:13.748414,1013,0.316,0.008,0.251,26.2
2026-08-04T10:11:13.849364,1014,0.312,0.007,0.269,10.0
2026-08-04T10:11:13.858289,1015,0.274,0.006,0.269,122.2
2026-08-04T10:11:13.912427,1016,0.075,0.005,0.269,18.7
2026-08-04T10:11:13.984656,1017,0.090,0.004,0.310,14.0
2026-08-04T10:11:14.010443,1018,0.173,0.007,0.310,43.8
2026-08-04T10:11:14.045291,1019,0.199,0.007,0.310,29.6
2026-08-04T10:11:14.115678,1020,0.214,0.009,0.300,14.4
2026-08-04T10:11:14.125897,1021,0.247,0.008,0.300,117.0
2026-08-04T10:11:14.180778,1022,0.289,0.011,0.300,18.5
2026-08-04T10:11:14.278310,1023,0.290,0.015,0.000,10.4
2026-08-04T10:11:14.290920,1024,0.260,0.023,0.000,84.4
2026-08-04T10:11:14.347292,1025,0.239,0.026,0.000,18.1
2026-08-04T10:11:14.411074,1026,0.245,0.020,0.000,15.9
2026-08-04T10:11:14.445223,1027,0.257,0.053,0.000,29.9
2026-08-04T10:11:14.482009,1028,0.256,0.029,0.000,27.7
2026-08-04T10:11:14.583801,1029,0.278,0.016,0.000,9.9
2026-08-04T10:11:14.592435,1030,0.306,0.024,0.000,127.3
2026-08-04T10:11:14.645162,1031,0.322,0.012,0.000,19.2
2026-08-04T10:11:14.707103,1032,0.343,0.022,0.000,16.3
2026-08-04T10:11:14.719698,1033,0.343,0.020,0.000,83.7
2026-08-04T10:11:14.777207,1034,0.330,0.007,0.000,17.6
2026-08-04T10:11:14.852111,1035,0.335,0.007,0.000,13.5
2026-08-04T10:11:14.874413,1036,0.309,0.010,0.000,46.4
2026-08-04T10:11:14.913338,1037,0.168,0.023,0.000,26.4
2026-08-04T10:11:15.008590,1038,0.052,0.022,0.000,10.6
2026-08-04T10:11:15.019590,1039,0.063,0.020,0.000,98.7
2026-08-04T10:11:15.078871,1040,0.180,0.008,0.000,17.1
2026-08-04T10:11:15.145470,1041,0.224,0.005,0.000,15.3
2026-08-04T10:11:15.178021,1042,0.266,0.003,0.000,31.5
2026-08-04T10:11:15.208973,1043,0.279,0.005,0.000,33.6
2026-08-04T10:11:15.275322,1044,0.290,0.005,0.000,15.3
2026-08-04T10:11:15.285960,1045,0.294,0.004,0.000,100.8
2026-08-04T10:11:15.345617,1046,0.300,0.004,0.000,17.0
2026-08-04T10:11:15.440863,1047,0.284,0.005,0.000,10.6
2026-08-04T10:11:15.450894,1048,0.095,0.005,0.000,108.3
2026-08-04T10:11:15.509415,1049,0.025,0.006,0.000,17.3
2026-08-04T10:11:15.582659,1050,0.028,0.008,0.344,13.9
2026-08-04T10:11:15.606346,1051,0.135,0.008,0.344,43.7
2026-08-04T10:11:15.641763,1052,0.194,0.006,0.344,29.0
2026-08-04T10:11:15.740903,1053,0.260,0.006,0.279,10.2
2026-08-04T10:11:15.750526,1054,0.280,0.006,0.279,112.6
2026-08-04T10:11:15.810393,1055,0.300,0.008,0.279,16.9
2026-08-04T10:11:15.874806,1056,0.299,0.006,0.286,15.8
2026-08-04T10:11:15.883857,1057,0.295,0.005,0.286,121.8
2026-08-04T10:11:15.940654,1058,0.294,0.005,0.286,18.0
2026-08-04T10:11:16.010566,1059,0.293,0.006,0.000,14.5
2026-08-04T10:11:16.039251,1060,0.293,0.007,0.000,35.8
2026-08-04T10:11:16.079372,1061,0.292,0.006,0.000,25.4
2026-08-04T10:11:16.173738,1062,0.295,0.005,0.288,10.7
2026-08-04T10:11:16.184724,1063,0.294,0.006,0.288,100.5
2026-08-04T10:11:16.240411,1064,0.293,0.005,0.288,18.2
2026-08-04T10:11:16.313402,1065,0.291,0.005,0.000,14.0
2026-08-04T10:11:16.339443,1066,0.289,0.005,0.000,39.7
2026-08-04T10:11:16.372917,1067,0.289,0.005,0.000,30.9
2026-08-04T10:11:16.445323,1068,0.290,0.005,0.000,14.1
2026-08-04T10:11:16.455923,1069,0.289,0.005,0.000,101.2
2026-08-04T10:11:16.509766,1070,0.288,0.005,0.000,19.0
2026-08-04T10:11:16.609290,1071,0.289,0.007,0.000,10.2
2026-08-04T10:11:16.618402,1072,0.291,0.007,0.000,118.8
2026-08-04T10:11:16.673510,1073,0.291,0.006,0.000,18.4
2026-08-04T10:11:16.739798,1074,0.294,0.007,0.000,15.3
2026-08-04T10:11:16.773409,1075,0.295,0.007,0.000,30.4
2026-08-04T10:11:16.808052,1076,0.294,0.006,0.000,29.8
2026-08-04T10:11:16.908951,1077,0.293,0.006,0.000,10.0
2026-08-04T10:11:16.919149,1078,0.293,0.009,0.000,107.6
2026-08-04T10:11:16.972746,1079,0.293,0.010,0.000,19.0
2026-08-04T10:11:17.037744,1080,0.292,0.009,0.000,15.6
2026-08-04T10:11:17.050193,1081,0.292,0.009,0.000,86.3
2026-08-04T10:11:17.104218,1082,0.291,0.009,0.000,18.8
2026-08-04T10:11:17.175922,1083,0.292,0.009,0.000,14.1
2026-08-04T10:11:17.202801,1084,0.288,0.008,0.000,38.6
2026-08-04T10:11:17.240886,1085,0.288,0.008,0.000,26.9
2026-08-04T10:11:17.340327,1086,0.288,0.008,0.000,10.2
2026-08-04T10:11:17.351379,1087,0.287,0.008,0.000,98.4
2026-08-04T10:11:17.403628,1088,0.288,0.009,0.000,19.4
2026-08-04T10:11:17.472390,1089,0.287,0.010,0.000,14.8
2026-08-04T10:11:17.504754,1090,0.287,0.009,0.000,32.0
2026-08-04T10:11:17.538279,1091,0.287,0.011,0.000,30.5
2026-08-04T10:11:17.608324,1092,0.287,0.011,0.000,14.4
2026-08-04T10:11:17.620145,1093,0.290,0.010,0.000,91.0
2026-08-04T10:11:17.673078,1094,0.290,0.009,0.000,19.2
2026-08-04T10:11:17.768641,1095,0.287,0.009,0.000,10.6
2026-08-04T10:11:17.778754,1096,0.261,0.008,0.000,106.8
2026-08-04T10:11:17.839423,1097,0.257,0.008,0.000,16.7
2026-08-04T10:11:17.901910,1098,0.255,0.009,0.308,16.2
2026-08-04T10:11:17.937093,1099,0.262,0.008,0.308,29.0
2026-08-04T10:11:17.972376,1100,0.268,0.007,0.308,28.9
2026-08-04T10:11:18.082829,1101,0.281,0.007,0.254,9.1
2026-08-04T10:11:18.092343,1102,0.293,0.007,0.254,114.3
2026-08-04T10:11:18.136915,1103,0.300,0.007,0.254,22.9
2026-08-04T10:11:18.203406,1104,0.303,0.008,0.000,15.3
2026-08-04T10:11:18.212287,1105,0.305,0.022,0.000,122.1
2026-08-04T10:11:18.269638,1106,0.308,0.164,0.000,17.7
2026-08-04T10:11:18.343970,1107,0.308,0.194,0.341,13.6
2026-08-04T10:11:18.368155,1108,0.309,0.256,0.341,42.6
2026-08-04T10:11:18.405145,1109,0.307,0.307,0.341,27.8
2026-08-04T10:11:18.500282,1110,0.304,0.374,0.000,10.6
2026-08-04T10:11:18.511545,1111,0.304,0.410,0.000,96.1
2026-08-04T10:11:18.571483,1112,0.308,0.445,0.000,16.9
2026-08-04T10:11:18.644850,1113,0.307,0.460,0.000,13.8
2026-08-04T10:11:18.666018,1114,0.303,0.475,0.000,49.4
2026-08-04T10:11:18.702636,1115,0.298,0.484,0.000,28.0
2026-08-04T10:11:18.770171,1116,0.298,0.509,0.264,15.0
2026-08-04T10:11:18.782789,1117,0.301,0.505,0.264,84.2
2026-08-04T10:11:18.838212,1118,0.298,0.509,0.264,18.4
2026-08-04T10:11:18.903180,1119,0.295,0.505,0.000,15.6
2026-08-04T10:11:18.913934,1120,0.293,0.513,0.000,99.2
2026-08-04T10:11:18.968480,1121,0.268,0.517,0.000,18.6
2026-08-04T10:11:19.035455,1122,0.100,0.532,0.000,15.3
2026-08-04T10:11:19.047305,1123,0.017,0.540,0.000,89.9
2026-08-04T10:11:19.100882,1124,0.038,0.558,0.000,18.9
2026-08-04T10:11:19.169268,1125,0.054,0.561,0.000,14.8
2026-08-04T10:11:19.202369,1126,0.157,0.564,0.000,30.9
2026-08-04T10:11:19.238120,1127,0.196,0.588,0.000,28.8
2026-08-04T10:11:19.334025,1128,0.231,0.593,0.259,10.5
2026-08-04T10:11:19.342590,1129,0.243,0.600,0.259,127.3
2026-08-04T10:11:19.401825,1130,0.261,0.611,0.259,17.1
2026-08-04T10:11:19.465588,1131,0.272,0.612,0.256,15.9
2026-08-04T10:11:19.475389,1132,0.283,0.615,0.256,110.2
2026-08-04T10:11:19.532292,1133,0.261,0.631,0.256,17.8
2026-08-04T10:11:19.608451,1134,0.097,0.641,0.362,13.3
2026-08-04T10:11:19.630933,1135,0.050,0.654,0.362,46.2
2026-08-04T10:11:19.668709,1136,0.020,0.628,0.362,27.0
2026-08-04T10:11:19.768664,1137,0.152,0.629,0.332,10.1
2026-08-04T10:11:19.779411,1138,0.199,0.605,0.332,100.2
2026-08-04T10:11:19.833776,1139,0.223,0.625,0.332,18.6
2026-08-04T10:11:19.900792,1140,0.228,0.625,0.353,15.1
2026-08-04T10:11:19.913122,1141,0.237,0.628,0.353,87.8
2026-08-04T10:11:19.964880,1142,0.247,0.632,0.353,19.8
2026-08-04T10:11:20.034601,1143,0.253,0.638,0.278,14.5
2026-08-04T10:11:20.046459,1144,0.252,0.623,0.278,90.2
2026-08-04T10:11:20.101271,1145,0.256,0.629,0.278,18.5
2026-08-04T10:11:20.196535,1146,0.259,0.626,0.000,10.6
2026-08-04T10:11:20.208644,1147,0.252,0.621,0.000,89.5
2026-08-04T10:11:20.265931,1148,0.251,0.579,0.000,17.7
2026-08-04T10:11:20.340136,1149,0.253,0.555,0.000,13.6
2026-08-04T10:11:20.362451,1150,0.251,0.470,0.000,46.4
2026-08-04T10:11:20.402539,1151,0.251,0.436,0.000,25.5
2026-08-04T10:11:20.495639,1152,0.251,0.329,0.262,10.8
2026-08-04T10:11:20.505453,1153,0.253,0.281,0.262,110.0
2026-08-04T10:11:20.567633,1154,0.255,0.233,0.262,16.7
2026-08-04T10:11:20.626973,1155,0.257,0.206,0.259,17.0
2026-08-04T10:11:20.636218,1156,0.261,0.188,0.259,118.0
2026-08-04T10:11:20.697048,1157,0.268,0.146,0.259,16.6
2026-08-04T10:11:20.766948,1158,0.271,0.121,0.262,14.5
2026-08-04T10:11:20.795851,1159,0.276,0.057,0.262,35.8
2026-08-04T10:11:20.832435,1160,0.276,0.045,0.262,27.8
2026-08-04T10:11:20.934416,1161,0.274,0.026,0.000,9.9
2026-08-04T10:11:20.944405,1162,0.275,0.021,0.000,108.2
2026-08-04T10:11:20.996535,1163,0.275,0.014,0.000,19.4
2026-08-04T10:11:21.064593,1164,0.276,0.012,0.000,14.9
2026-08-04T10:11:21.075193,1165,0.274,0.008,0.000,101.3
2026-08-04T10:11:21.128124,1166,0.276,0.005,0.000,19.4
2026-08-04T10:11:21.198832,1167,0.280,0.008,0.000,14.3
2026-08-04T10:11:21.207229,1168,0.282,0.008,0.000,130.4
2026-08-04T10:11:21.263077,1169,0.262,0.008,0.000,18.1
2026-08-04T10:11:21.360233,1170,0.261,0.009,0.000,10.4
2026-08-04T10:11:21.369027,1171,0.257,0.009,0.000,124.7
2026-08-04T10:11:21.427782,1172,0.256,0.006,0.000,17.3
2026-08-04T10:11:21.496636,1173,0.255,0.006,0.000,14.7
2026-08-04T10:11:21.527649,1174,0.253,0.008,0.000,33.2
2026-08-04T10:11:21.565578,1175,0.249,0.008,0.000,26.8
2026-08-04T10:11:21.661444,1176,0.246,0.006,0.000,10.5
2026-08-04T10:11:21.674045,1177,0.248,0.006,0.000,83.6
2026-08-04T10:11:21.729695,1178,0.247,0.006,0.000,18.5
2026-08-04T10:11:21.795666,1179,0.246,0.006,0.000,15.4
2026-08-04T10:11:21.806738,1180,0.245,0.006,0.000,96.4
2026-08-04T10:11:21.860832,1181,0.244,0.008,0.000,18.8
2026-08-04T10:11:21.927090,1182,0.244,0.008,0.267,15.3
2026-08-04T10:11:21.960202,1183,0.232,0.008,0.267,31.0
2026-08-04T10:11:21.996233,1184,0.234,0.009,0.267,28.4
2026-08-04T10:11:22.096017,1185,0.240,0.008,0.000,10.1
2026-08-04T10:11:22.107393,1186,0.242,0.008,0.000,93.6
2026-08-04T10:11:22.160086,1187,0.245,0.009,0.000,19.3
2026-08-04T10:11:22.224534,1188,0.246,0.009,0.270,15.7
2026-08-04T10:11:22.236510,1189,0.246,0.009,0.270,90.9
2026-08-04T10:11:22.292020,1190,0.232,0.009,0.270,18.3
2026-08-04T10:11:22.366965,1191,0.043,0.012,0.000,13.6
2026-08-04T10:11:22.376042,1192,0.019,0.015,0.000,120.4
2026-08-04T10:11:22.428981,1193,0.020,0.015,0.000,19.3
2026-08-04T10:11:22.525141,1194,0.059,0.013,0.000,10.5
2026-08-04T10:11:22.536131,1195,0.108,0.013,0.000,97.1
2026-08-04T10:11:22.593643,1196,0.160,0.017,0.000,17.7
2026-08-04T10:11:22.661864,1197,0.189,0.015,0.000,14.8
2026-08-04T10:11:22.693434,1198,0.222,0.016,0.000,32.4
2026-08-04T10:11:22.728447,1199,0.229,0.014,0.000,29.2
2026-08-04T10:11:22.830318,1200,0.240,0.013,0.000,9.9
2026-08-04T10:11:22.839078,1201,0.244,0.013,0.000,126.0
2026-08-04T10:11:22.892568,1202,0.250,0.012,0.000,19.0
2026-08-04T10:11:22.959830,1203,0.251,0.012,0.000,15.1
2026-08-04T10:11:22.969949,1204,0.256,0.011,0.000,109.3
2026-08-04T10:11:23.025628,1205,0.257,0.008,0.000,18.7
2026-08-04T10:11:23.097787,1206,0.258,0.008,0.000,14.0
2026-08-04T10:11:23.123061,1207,0.261,0.008,0.000,40.8
2026-08-04T10:11:23.160199,1208,0.263,0.009,0.000,27.5
2026-08-04T10:11:23.253970,1209,0.265,0.008,0.263,10.8
2026-08-04T10:11:23.264353,1210,0.270,0.009,0.263,105.1
2026-08-04T10:11:23.328016,1211,0.276,0.009,0.263,15.9
2026-08-04T10:11:23.391401,1212,0.282,0.009,0.000,16.1
2026-08-04T10:11:23.424605,1213,0.285,0.010,0.000,30.8
2026-08-04T10:11:23.457630,1214,0.287,0.010,0.000,31.1
2026-08-04T10:11:23.523298,1215,0.287,0.009,0.000,15.4
2026-08-04T10:11:23.534569,1216,0.288,0.009,0.000,94.8
2026-08-04T10:11:23.592379,1217,0.288,0.010,0.000,17.6
2026-08-04T10:11:23.685473,1218,0.288,0.009,0.000,10.8
2026-08-04T10:11:23.694476,1219,0.289,0.010,0.000,120.5
2026-08-04T10:11:23.756581,1220,0.289,0.009,0.000,16.3
2026-08-04T10:11:23.831867,1221,0.289,0.009,0.000,13.4
2026-08-04T10:11:23.854062,1222,0.289,0.009,0.000,46.8
2026-08-04T10:11:23.890724,1223,0.289,0.009,0.000,28.1
2026-08-04T10:11:23.985580,1224,0.290,0.008,0.260,10.6
2026-08-04T10:11:23.997204,1225,0.285,0.008,0.260,91.6
2026-08-04T10:11:24.059761,1226,0.283,0.008,0.260,16.2
2026-08-04T10:11:24.120651,1227,0.283,0.007,0.278,16.8
2026-08-04T10:11:24.132509,1228,0.284,0.007,0.278,90.8
2026-08-04T10:11:24.187873,1229,0.285,0.007,0.278,18.5
2026-08-04T10:11:24.257367,1230,0.286,0.006,0.253,14.6
2026-08-04T10:11:24.286412,1231,0.285,0.007,0.253,35.4
2026-08-04T10:11:24.323450,1232,0.286,0.008,0.253,27.8
2026-08-04T10:11:24.420591,1233,0.287,0.009,0.310,10.4
2026-08-04T10:11:24.429387,1234,0.290,0.008,0.310,126.7
2026-08-04T10:11:24.488774,1235,0.282,0.008,0.310,17.0
2026-08-04T10:11:24.558929,1236,0.281,0.008,0.258,14.4
2026-08-04T10:11:24.588680,1237,0.282,0.008,0.258,35.0
2026-08-04T10:11:24.621479,1238,0.283,0.009,0.258,31.6
2026-08-04T10:11:24.687399,1239,0.285,0.009,0.000,15.4
2026-08-04T10:11:24.696245,1240,0.285,0.009,0.000,122.5
2026-08-04T10:11:24.755769,1241,0.247,0.009,0.000,17.5
2026-08-04T10:11:24.851299,1242,0.239,0.007,0.257,10.6
2026-08-04T10:11:24.861604,1243,0.237,0.007,0.257,104.6
2026-08-04T10:11:24.920293,1244,0.248,0.007,0.257,17.3
2026-08-04T10:11:24.988432,1245,0.250,0.008,0.000,14.9
2026-08-04T10:11:25.021886,1246,0.252,0.008,0.000,30.5
2026-08-04T10:11:25.056305,1247,0.252,0.008,0.000,30.2
2026-08-04T10:11:25.152142,1248,0.253,0.007,0.329,10.6
2026-08-04T10:11:25.163029,1249,0.250,0.007,0.329,98.8
2026-08-04T10:11:25.220427,1250,0.249,0.008,0.329,17.7
2026-08-04T10:11:25.284802,1251,0.249,0.009,0.254,15.8
2026-08-04T10:11:25.295343,1252,0.244,0.009,0.254,101.8
2026-08-04T10:11:25.352532,1253,0.126,0.010,0.254,17.8
2026-08-04T10:11:25.420117,1254,0.066,0.010,0.266,15.0
2026-08-04T10:11:25.454145,1255,0.103,0.010,0.266,30.0
2026-08-04T10:11:25.488351,1256,0.117,0.009,0.266,30.2
2026-08-04T10:11:25.594038,1257,0.171,0.009,0.290,9.6
2026-08-04T10:11:25.602081,1258,0.198,0.009,0.290,136.2
2026-08-04T10:11:25.652585,1259,0.214,0.008,0.290,20.2
2026-08-04T10:11:25.721926,1260,0.229,0.009,0.334,14.6
2026-08-04T10:11:25.753916,1261,0.242,0.008,0.334,31.9
2026-08-04T10:11:25.784186,1262,0.246,0.009,0.334,34.3
2026-08-04T10:11:25.853305,1263,0.249,0.012,0.000,14.7
2026-08-04T10:11:25.861162,1264,0.249,0.012,0.000,140.1
2026-08-04T10:11:25.920740,1265,0.253,0.011,0.000,17.5
2026-08-04T10:11:26.014089,1266,0.255,0.010,0.277,10.8
2026-08-04T10:11:26.021861,1267,0.257,0.010,0.277,142.3
2026-08-04T10:11:26.085754,1268,0.258,0.010,0.277,15.9
2026-08-04T10:11:26.151416,1269,0.258,0.010,0.000,15.4
2026-08-04T10:11:26.184102,1270,0.257,0.010,0.000,31.2
2026-08-04T10:11:26.221314,1271,0.250,0.009,0.000,27.3
2026-08-04T10:11:26.322297,1272,0.066,0.010,0.000,10.0
2026-08-04T10:11:26.333593,1273,0.027,0.010,0.000,99.7
2026-08-04T10:11:26.384083,1274,0.013,0.010,0.000,20.1
2026-08-04T10:11:26.448639,1275,0.013,0.010,0.330,15.7
2026-08-04T10:11:26.459781,1276,0.015,0.011,0.330,96.1
2026-08-04T10:11:26.516445,1277,0.015,0.011,0.330,18.0
2026-08-04T10:11:26.591541,1278,0.015,0.011,0.000,13.5
2026-08-04T10:11:26.615664,1279,0.015,0.011,0.000,43.0
2026-08-04T10:11:26.654188,1280,0.014,0.011,0.000,26.4
2026-08-04T10:11:26.747621,1281,0.013,0.011,0.000,10.8
2026-08-04T10:11:26.756302,1282,0.012,0.011,0.000,125.7
2026-08-04T10:11:26.819212,1283,0.013,0.011,0.000,16.1
2026-08-04T10:11:26.884089,1284,0.014,0.011,0.290,15.7
2026-08-04T10:11:26.918629,1285,0.013,0.011,0.290,29.6
2026-08-04T10:11:26.950531,1286,0.013,0.011,0.290,32.2
2026-08-04T10:11:27.015588,1287,0.013,0.011,0.267,15.5
2026-08-04T10:11:27.024967,1288,0.013,0.011,0.267,115.4
2026-08-04T10:11:27.087637,1289,0.014,0.011,0.267,16.6
2026-08-04T10:11:27.178539,1290,0.014,0.010,0.279,11.1
2026-08-04T10:11:27.187785,1291,0.014,0.009,0.279,117.5
2026-08-04T10:11:27.249346,1292,0.014,0.010,0.279,16.7
2026-08-04T10:11:27.324282,1293,0.015,0.010,0.316,13.5
2026-08-04T10:11:27.347248,1294,0.016,0.010,0.316,46.6
2026-08-04T10:11:27.385962,1295,0.016,0.010,0.316,26.4
2026-08-04T10:11:27.478740,1296,0.016,0.010,0.317,10.9
2026-08-04T10:11:27.488739,1297,0.015,0.010,0.317,107.1
2026-08-04T10:11:27.548173,1298,0.015,0.010,0.317,17.1
2026-08-04T10:11:27.615481,1299,0.015,0.010,0.000,15.1
2026-08-04T10:11:27.624702,1300,0.015,0.010,0.000,117.6
2026-08-04T10:11:27.680808,1301,0.015,0.010,0.000,18.2
2026-08-04T10:11:27.748111,1302,0.016,0.011,0.346,15.1
2026-08-04T10:11:27.778542,1303,0.017,0.010,0.346,34.3
2026-08-04T10:11:27.815376,1304,0.017,0.010,0.346,27.8
2026-08-04T10:11:27.915599,1305,0.016,0.010,0.285,10.1
2026-08-04T10:11:27.924373,1306,0.016,0.010,0.285,125.9
2026-08-04T10:11:27.979443,1307,0.017,0.011,0.285,18.4
2026-08-04T10:11:28.049080,1308,0.015,0.011,0.278,14.6
2026-08-04T10:11:28.081616,1309,0.018,0.011,0.278,31.5
2026-08-04T10:11:28.112346,1310,0.016,0.011,0.278,33.4
2026-08-04T10:11:28.181207,1311,0.056,0.011,0.305,14.7
2026-08-04T10:11:28.192049,1312,0.123,0.010,0.305,100.0
2026-08-04T10:11:28.248553,1313,0.184,0.010,0.305,17.9
2026-08-04T10:11:28.345895,1314,0.214,0.010,0.000,10.4
2026-08-04T10:11:28.354357,1315,0.228,0.010,0.000,129.2
2026-08-04T10:11:28.412010,1316,0.249,0.010,0.000,17.6
2026-08-04T10:11:28.480976,1317,0.262,0.010,0.000,14.7
2026-08-04T10:11:28.511521,1318,0.271,0.010,0.000,33.6
2026-08-04T10:11:28.548007,1319,0.273,0.009,0.000,28.1
2026-08-04T10:11:28.645526,1320,0.277,0.009,0.000,10.3
2026-08-04T10:11:28.654414,1321,0.278,0.008,0.000,123.4
2026-08-04T10:11:28.712102,1322,0.281,0.008,0.000,17.5
2026-08-04T10:11:28.775529,1323,0.281,0.008,0.000,16.0
2026-08-04T10:11:28.784214,1324,0.282,0.008,0.000,125.9
2026-08-04T10:11:28.844680,1325,0.285,0.008,0.000,16.8
2026-08-04T10:11:28.912743,1326,0.286,0.010,0.000,14.9
2026-08-04T10:11:28.943979,1327,0.285,0.010,0.000,32.8
2026-08-04T10:11:28.979695,1328,0.286,0.010,0.000,28.6
2026-08-04T10:11:29.078440,1329,0.290,0.009,0.000,10.2
2026-08-04T10:11:29.088418,1330,0.290,0.009,0.000,108.5
2026-08-04T10:11:29.143859,1331,0.292,0.009,0.000,18.3
2026-08-04T10:11:29.214696,1332,0.292,0.009,0.000,14.3
2026-08-04T10:11:29.242915,1333,0.293,0.009,0.000,36.3
2026-08-04T10:11:29.277091,1334,0.293,0.009,0.000,29.8
2026-08-04T10:11:29.349578,1335,0.294,0.009,0.000,13.9
2026-08-04T10:11:29.359929,1336,0.294,0.007,0.000,104.7
2026-08-04T10:11:29.408903,1337,0.293,0.008,0.000,21.3
2026-08-04T10:11:29.507770,1338,0.281,0.008,0.000,10.2
2026-08-04T10:11:29.519188,1339,0.252,0.009,0.000,95.5
2026-08-04T10:11:29.573214,1340,0.238,0.012,0.000,18.8
2026-08-04T10:11:29.650223,1341,0.234,0.013,0.000,13.1
2026-08-04T10:11:29.675738,1342,0.232,0.009,0.000,40.2
2026-08-04T10:11:29.713600,1343,0.236,0.009,0.000,27.0
2026-08-04T10:11:29.812602,1344,0.233,0.010,0.000,10.2
2026-08-04T10:11:29.824476,1345,0.242,0.009,0.000,94.3
2026-08-04T10:11:29.877499,1346,0.243,0.009,0.000,19.1
2026-08-04T10:11:29.943322,1347,0.239,0.009,0.000,15.5
2026-08-04T10:11:29.952301,1348,0.238,0.010,0.000,121.2
2026-08-04T10:11:30.008601,1349,0.237,0.011,0.000,18.5
2026-08-04T10:11:30.080052,1350,0.239,0.012,0.000,14.2
2026-08-04T10:11:30.108192,1351,0.236,0.013,0.000,37.3
2026-08-04T10:11:30.146707,1352,0.236,0.012,0.000,26.6
2026-08-04T10:11:30.243431,1353,0.238,0.011,0.000,10.5
2026-08-04T10:11:30.256242,1354,0.238,0.011,0.000,82.9
2026-08-04T10:11:30.309800,1355,0.241,0.011,0.000,19.1
2026-08-04T10:11:30.379189,1356,0.240,0.011,0.000,14.7
2026-08-04T10:11:30.408313,1357,0.241,0.011,0.000,35.1
2026-08-04T10:11:30.442042,1358,0.241,0.012,0.000,30.5
2026-08-04T10:11:30.507341,1359,0.243,0.012,0.000,15.5
2026-08-04T10:11:30.516479,1360,0.247,0.011,0.000,121.0
2026-08-04T10:11:30.578688,1361,0.248,0.011,0.000,16.2
2026-08-04T10:11:30.678128,1362,0.248,0.014,0.000,10.2
2026-08-04T10:11:30.687406,1363,0.250,0.013,0.000,117.5
2026-08-04T10:11:30.739815,1364,0.246,0.012,0.000,19.3
2026-08-04T10:11:30.817780,1365,0.246,0.011,0.000,13.0
2026-08-04T10:11:30.839491,1366,0.246,0.012,0.000,48.4
2026-08-04T10:11:30.876898,1367,0.244,0.011,0.000,27.8
2026-08-04T10:11:30.968096,1368,0.247,0.011,0.000,11.1
2026-08-04T10:11:30.978768,1369,0.246,0.011,0.000,99.5
2026-08-04T10:11:31.039214,1370,0.246,0.010,0.000,16.8
2026-08-04T10:11:31.103742,1371,0.246,0.009,0.000,15.7
2026-08-04T10:11:31.114711,1372,0.244,0.009,0.000,99.2
2026-08-04T10:11:31.169872,1373,0.241,0.009,0.000,18.3
2026-08-04T10:11:31.238687,1374,0.225,0.011,0.000,14.7
2026-08-04T10:11:31.275382,1375,0.032,0.014,0.000,27.8
2026-08-04T10:11:31.311985,1376,0.019,0.016,0.000,29.0
2026-08-04T10:11:31.402404,1377,0.021,0.020,0.000,11.2
2026-08-04T10:11:31.411429,1378,0.019,0.023,0.000,121.0
2026-08-04T10:11:31.473301,1379,0.020,0.021,0.000,16.3
2026-08-04T10:11:31.544814,1380,0.018,0.020,0.000,14.2
2026-08-04T10:11:31.572215,1381,0.020,0.021,0.000,37.5
2026-08-04T10:11:31.607236,1382,0.019,0.022,0.000,29.5
2026-08-04T10:11:31.674843,1383,0.020,0.022,0.000,15.0
2026-08-04T10:11:31.685808,1384,0.019,0.023,0.000,108.5
2026-08-04T10:11:31.741291,1385,0.020,0.024,0.000,18.3
2026-08-04T10:11:31.845521,1386,0.020,0.021,0.000,9.7
2026-08-04T10:11:31.854361,1387,0.021,0.017,0.000,124.3
2026-08-04T10:11:31.905881,1388,0.021,0.018,0.000,20.0
2026-08-04T10:11:31.974094,1389,0.021,0.016,0.000,14.9
2026-08-04T10:11:32.004237,1390,0.021,0.018,0.000,34.2
2026-08-04T10:11:32.042423,1391,0.022,0.022,0.000,26.6
2026-08-04T10:11:32.135731,1392,0.023,0.030,0.000,10.8
2026-08-04T10:11:32.144343,1393,0.022,0.028,0.000,126.3
2026-08-04T10:11:32.204632,1394,0.022,0.025,0.000,16.8
2026-08-04T10:11:32.270875,1395,0.023,0.022,0.259,15.3
2026-08-04T10:11:32.280178,1396,0.023,0.022,0.259,117.2
2026-08-04T10:11:32.338693,1397,0.023,0.022,0.259,17.3
2026-08-04T10:11:32.403457,1398,0.023,0.022,0.265,15.7
2026-08-04T10:11:32.438187,1399,0.023,0.022,0.265,29.6
2026-08-04T10:11:32.472110,1400,0.022,0.021,0.265,30.9
2026-08-04T10:11:32.579675,1401,0.023,0.017,0.290,9.4
2026-08-04T10:11:32.592095,1402,0.022,0.017,0.290,90.3
2026-08-04T10:11:32.638133,1403,0.022,0.018,0.290,22.1
2026-08-04T10:11:32.703867,1404,0.022,0.019,0.268,15.5
2026-08-04T10:11:32.735759,1405,0.022,0.019,0.268,32.2
2026-08-04T10:11:32.768895,1406,0.022,0.023,0.268,30.9
2026-08-04T10:11:32.847344,1407,0.022,0.021,0.323,12.9
2026-08-04T10:11:32.856265,1408,0.022,0.020,0.323,121.7
2026-08-04T10:11:32.904048,1409,0.027,0.020,0.323,21.2
2026-08-04T10:11:32.999115,1410,0.075,0.017,0.000,10.6
2026-08-04T10:11:33.011018,1411,0.160,0.016,0.000,89.4
2026-08-04T10:11:33.071076,1412,0.238,0.014,0.000,17.0
2026-08-04T10:11:33.139157,1413,0.263,0.013,0.000,14.9
2026-08-04T10:11:33.167236,1414,0.291,0.017,0.000,36.7
2026-08-04T10:11:33.206553,1415,0.297,0.015,0.000,25.9
2026-08-04T10:11:33.299114,1416,0.285,0.015,0.000,10.9
2026-08-04T10:11:33.309317,1417,0.278,0.014,0.000,105.3
2026-08-04T10:11:33.368274,1418,0.275,0.014,0.000,17.6
2026-08-04T10:11:33.434688,1419,0.276,0.014,0.000,15.3
2026-08-04T10:11:33.445600,1420,0.276,0.015,0.000,98.7
2026-08-04T10:11:33.501558,1421,0.276,0.015,0.000,18.1
2026-08-04T10:11:33.570562,1422,0.275,0.014,0.000,14.7
2026-08-04T10:11:33.602776,1423,0.275,0.014,0.000,32.5
2026-08-04T10:11:33.637314,1424,0.275,0.016,0.000,30.1
2026-08-04T10:11:33.734081,1425,0.275,0.014,0.272,10.4
2026-08-04T10:11:33.745414,1426,0.275,0.014,0.272,95.0
2026-08-04T10:11:33.801983,1427,0.275,0.015,0.272,18.0
2026-08-04T10:11:33.873988,1428,0.274,0.015,0.000,14.1
2026-08-04T10:11:33.899467,1429,0.274,0.018,0.000,40.4
2026-08-04T10:11:33.934917,1430,0.273,0.015,0.000,29.3
2026-08-04T10:11:34.004272,1431,0.276,0.016,0.000,14.7
2026-08-04T10:11:34.015894,1432,0.279,0.018,0.000,91.8
2026-08-04T10:11:34.070696,1433,0.280,0.017,0.000,18.6
2026-08-04T10:11:34.164779,1434,0.281,0.014,0.000,10.8
2026-08-04T10:11:34.174723,1435,0.280,0.013,0.000,108.8
2026-08-04T10:11:34.233493,1436,0.280,0.012,0.000,17.2
2026-08-04T10:11:34.305672,1437,0.280,0.012,0.264,14.0
2026-08-04T10:11:34.329841,1438,0.281,0.012,0.264,42.7
2026-08-04T10:11:34.371332,1439,0.280,0.012,0.264,24.6
2026-08-04T10:11:34.464193,1440,0.281,0.012,0.000,10.9
2026-08-04T10:11:34.477548,1441,0.282,0.011,0.000,78.9
2026-08-04T10:11:34.531944,1442,0.284,0.012,0.000,18.8
2026-08-04T10:11:34.601464,1443,0.286,0.011,0.000,14.6
2026-08-04T10:11:34.610381,1444,0.289,0.011,0.000,121.7
2026-08-04T10:11:34.665107,1445,0.290,0.010,0.000,19.0
2026-08-04T10:11:34.732552,1446,0.294,0.013,0.000,15.0
2026-08-04T10:11:34.766432,1447,0.297,0.012,0.000,30.2
2026-08-04T10:11:34.802869,1448,0.299,0.011,0.000,28.4
2026-08-04T10:11:34.896088,1449,0.298,0.018,0.000,10.9
2026-08-04T10:11:34.904267,1450,0.303,0.016,0.000,134.1
2026-08-04T10:11:34.964367,1451,0.299,0.013,0.000,16.8
2026-08-04T10:11:35.033078,1452,0.300,0.014,0.000,14.7
2026-08-04T10:11:35.064930,1453,0.301,0.011,0.000,32.1
2026-08-04T10:11:35.097385,1454,0.304,0.009,0.000,32.1
2026-08-04T10:11:35.164132,1455,0.303,0.010,0.000,15.2
2026-08-04T10:11:35.172176,1456,0.304,0.009,0.000,135.1
2026-08-04T10:11:35.232043,1457,0.306,0.009,0.000,17.0
2026-08-04T10:11:35.332973,1458,0.302,0.009,0.000,10.0
2026-08-04T10:11:35.344690,1459,0.296,0.009,0.000,100.7
2026-08-04T10:11:35.396088,1460,0.087,0.009,0.000,19.7
2026-08-04T10:11:35.462359,1461,0.037,0.013,0.000,15.2
2026-08-04T10:11:35.496736,1462,0.025,0.015,0.000,29.7
2026-08-04T10:11:35.532913,1463,0.025,0.016,0.000,28.2
2026-08-04T10:11:35.630488,1464,0.022,0.019,0.000,10.3
2026-08-04T10:11:35.643300,1465,0.022,0.018,0.000,82.0
2026-08-04T10:11:35.695759,1466,0.018,0.017,0.000,19.3
2026-08-04T10:11:35.758005,1467,0.020,0.016,0.000,16.3
2026-08-04T10:11:35.768646,1468,0.021,0.017,0.000,100.8
2026-08-04T10:11:35.830435,1469,0.023,0.016,0.000,16.4
2026-08-04T10:11:35.896554,1470,0.023,0.019,0.000,15.5
2026-08-04T10:11:35.929840,1471,0.023,0.026,0.000,30.7
2026-08-04T10:11:35.965089,1472,0.022,0.019,0.000,28.9
2026-08-04T10:11:36.056617,1473,0.024,0.017,0.000,11.1
2026-08-04T10:11:36.069312,1474,0.023,0.018,0.000,83.7
2026-08-04T10:11:36.129084,1475,0.024,0.018,0.000,16.9
2026-08-04T10:11:36.195739,1476,0.024,0.019,0.000,15.2
2026-08-04T10:11:36.228431,1477,0.024,0.020,0.000,31.2
2026-08-04T10:11:36.261465,1478,0.025,0.020,0.000,31.2
2026-08-04T10:11:36.333580,1479,0.025,0.017,0.000,14.0
2026-08-04T10:11:36.346145,1480,0.025,0.014,0.000,88.1
2026-08-04T10:11:36.395990,1481,0.025,0.015,0.000,20.3
2026-08-04T10:11:36.489750,1482,0.025,0.015,0.000,10.8
2026-08-04T10:11:36.498553,1483,0.025,0.016,0.000,124.7
2026-08-04T10:11:36.560084,1484,0.024,0.013,0.000,16.4
2026-08-04T10:11:36.632090,1485,0.024,0.012,0.000,14.1
2026-08-04T10:11:36.658127,1486,0.025,0.012,0.000,39.5
2026-08-04T10:11:36.696917,1487,0.025,0.014,0.000,26.5
2026-08-04T10:11:36.793645,1488,0.025,0.013,0.000,10.4
2026-08-04T10:11:36.804666,1489,0.025,0.013,0.000,97.4
2026-08-04T10:11:36.861382,1490,0.025,0.012,0.000,17.9
2026-08-04T10:11:36.923332,1491,0.024,0.012,0.000,16.4
2026-08-04T10:11:36.933018,1492,0.024,0.012,0.000,110.9
2026-08-04T10:11:36.993309,1493,0.025,0.012,0.000,16.8
2026-08-04T10:11:37.059969,1494,0.025,0.012,0.000,15.3
2026-08-04T10:11:37.094767,1495,0.025,0.016,0.000,29.4
2026-08-04T10:11:37.130020,1496,0.025,0.018,0.000,29.4
2026-08-04T10:11:37.222539,1497,0.024,0.018,0.000,10.9
2026-08-04T10:11:37.234685,1498,0.024,0.017,0.000,87.3
2026-08-04T10:11:37.293509,1499,0.025,0.018,0.000,17.3
2026-08-04T10:11:37.368434,1500,0.025,0.017,0.000,13.5
2026-08-04T10:11:37.392651,1501,0.025,0.016,0.000,42.6
2026-08-04T10:11:37.426185,1502,0.025,0.016,0.000,30.5
2026-08-04T10:11:37.497061,1503,0.025,0.016,0.000,14.4
2026-08-04T10:11:37.507052,1504,0.025,0.014,0.000,109.0
2026-08-04T10:11:37.560077,1505,0.025,0.014,0.000,19.1
2026-08-04T10:11:37.655479,1506,0.025,0.014,0.000,10.6
2026-08-04T10:11:37.666020,1507,0.025,0.017,0.000,101.7
2026-08-04T10:11:37.725052,1508,0.025,0.018,0.000,17.2
2026-08-04T10:11:37.791747,1509,0.025,0.017,0.000,15.2
2026-08-04T10:11:37.825288,1510,0.024,0.019,0.000,30.6
2026-08-04T10:11:37.860424,1511,0.024,0.017,0.000,29.5
2026-08-04T10:11:37.955180,1512,0.024,0.015,0.000,10.6
2026-08-04T10:11:37.965861,1513,0.025,0.018,0.000,99.9
2026-08-04T10:11:38.024472,1514,0.026,0.019,0.000,17.3
2026-08-04T10:11:38.094874,1515,0.028,0.019,0.000,14.4
2026-08-04T10:11:38.103982,1516,0.039,0.019,0.000,120.2
2026-08-04T10:11:38.156089,1517,0.151,0.017,0.000,19.5
2026-08-04T10:11:38.224864,1518,0.207,0.017,0.000,14.8
2026-08-04T10:11:38.254348,1519,0.252,0.014,0.000,34.8
2026-08-04T10:11:38.293718,1520,0.256,0.011,0.000,25.9
2026-08-04T10:11:38.387888,1521,0.270,0.008,0.000,10.7
2026-08-04T10:11:38.395953,1522,0.282,0.006,0.000,138.1
2026-08-04T10:11:38.456091,1523,0.292,0.008,0.000,16.8
2026-08-04T10:11:38.522681,1524,0.286,0.005,0.000,15.3
2026-08-04T10:11:38.557352,1525,0.290,0.006,0.000,29.4
2026-08-04T10:11:38.590397,1526,0.283,0.005,0.000,31.1
2026-08-04T10:11:38.656323,1527,0.277,0.002,0.000,15.6
2026-08-04T10:11:38.668449,1528,0.274,0.001,0.000,88.5
2026-08-04T10:11:38.724403,1529,0.276,0.001,0.000,18.2
2026-08-04T10:11:38.823762,1530,0.278,0.001,0.000,10.2
2026-08-04T10:11:38.835017,1531,0.284,0.004,0.000,105.9
2026-08-04T10:11:38.888494,1532,0.283,0.002,0.000,18.9
2026-08-04T10:11:38.956474,1533,0.276,0.007,0.000,15.0
2026-08-04T10:11:38.988351,1534,0.252,0.011,0.000,32.2
2026-08-04T10:11:39.025168,1535,0.239,0.012,0.000,27.8
2026-08-04T10:11:39.121998,1536,0.231,0.012,0.000,10.4
2026-08-04T10:11:39.130300,1537,0.234,0.010,0.000,133.2
2026-08-04T10:11:39.188498,1538,0.235,0.011,0.000,17.4
2026-08-04T10:11:39.252956,1539,0.237,0.017,0.000,15.8
2026-08-04T10:11:39.263627,1540,0.239,0.014,0.000,100.4
2026-08-04T10:11:39.322594,1541,0.234,0.013,0.000,17.2
2026-08-04T10:11:39.387620,1542,0.232,0.013,0.285,15.7
2026-08-04T10:11:39.421807,1543,0.235,0.018,0.285,29.9
2026-08-04T10:11:39.458793,1544,0.235,0.046,0.285,27.9
2026-08-04T10:11:39.556997,1545,0.235,0.075,0.000,10.3
2026-08-04T10:11:39.570865,1546,0.238,0.086,0.000,76.9
2026-08-04T10:11:39.621275,1547,0.242,0.079,0.000,20.2
2026-08-04T10:11:39.688203,1548,0.217,0.090,0.000,15.1
2026-08-04T10:11:39.721840,1549,0.224,0.091,0.000,30.4
2026-08-04T10:11:39.753840,1550,0.225,0.082,0.000,32.3
2026-08-04T10:11:39.824942,1551,0.224,0.078,0.000,14.3
2026-08-04T10:11:39.837112,1552,0.142,0.085,0.000,86.8
2026-08-04T10:11:39.888071,1553,0.027,0.069,0.000,20.0
2026-08-04T10:11:39.982897,1554,0.028,0.071,0.000,10.7
2026-08-04T10:11:39.993031,1555,0.031,0.034,0.000,106.5
2026-08-04T10:11:40.053799,1556,0.035,0.037,0.000,16.8
2026-08-04T10:11:40.121631,1557,0.038,0.028,0.000,15.0
2026-08-04T10:11:40.152566,1558,0.040,0.027,0.000,33.1
2026-08-04T10:11:40.190413,1559,0.043,0.019,0.000,27.0
2026-08-04T10:11:40.283292,1560,0.046,0.035,0.000,10.9
2026-08-04T10:11:40.294207,1561,0.046,0.038,0.000,97.6
2026-08-04T10:11:40.353627,1562,0.035,0.029,0.000,17.1
2026-08-04T10:11:40.414965,1563,0.034,0.028,0.000,16.5
2026-08-04T10:11:40.426454,1564,0.032,0.041,0.000,92.3
2026-08-04T10:11:40.484235,1565,0.032,0.019,0.000,17.7
2026-08-04T10:11:40.552408,1566,0.025,0.020,0.000,14.9
2026-08-04T10:11:40.586562,1567,0.064,0.029,0.000,29.9
2026-08-04T10:11:40.622472,1568,0.089,0.046,0.000,28.7
2026-08-04T10:11:40.718721,1569,0.133,0.098,0.000,10.5
2026-08-04T10:11:40.730381,1570,0.121,0.144,0.000,92.1
2026-08-04T10:11:40.784341,1571,0.109,0.138,0.000,18.9
2026-08-04T10:11:40.858138,1572,0.111,0.116,0.000,13.7
2026-08-04T10:11:40.881312,1573,0.120,0.076,0.000,44.8
2026-08-04T10:11:40.917031,1574,0.122,0.061,0.000,28.6
2026-08-04T10:11:40.984771,1575,0.144,0.065,0.000,15.0
2026-08-04T10:11:40.994865,1576,0.188,0.078,0.000,106.5
2026-08-04T10:11:41.051802,1577,0.275,0.035,0.000,17.9
2026-08-04T10:11:41.145789,1578,0.283,0.060,0.000,10.7
2026-08-04T10:11:41.154641,1579,0.187,0.037,0.000,122.7
2026-08-04T10:11:41.215096,1580,0.116,0.054,0.000,17.3
2026-08-04T10:11:41.284643,1581,0.110,0.046,0.000,14.5
2026-08-04T10:11:41.316094,1582,0.157,0.023,0.000,32.5
2026-08-04T10:11:41.352620,1583,0.182,0.025,0.000,27.9
2026-08-04T10:11:41.449485,1584,0.204,0.024,0.000,10.4
2026-08-04T10:11:41.458098,1585,0.240,0.024,0.000,125.3
2026-08-04T10:11:41.515431,1586,0.263,0.003,0.000,17.8
2026-08-04T10:11:41.583498,1587,0.267,0.004,0.000,14.9
2026-08-04T10:11:41.593237,1588,0.273,0.003,0.000,110.6
2026-08-04T10:11:41.647088,1589,0.307,0.007,0.000,18.8
2026-08-04T10:11:41.715867,1590,0.306,0.009,0.263,14.7
2026-08-04T10:11:41.746093,1591,0.314,0.007,0.263,33.9
2026-08-04T10:11:41.783688,1592,0.315,0.010,0.263,27.1
2026-08-04T10:11:41.880752,1593,0.313,0.006,0.000,10.4
2026-08-04T10:11:41.890084,1594,0.308,0.006,0.000,115.5
2026-08-04T10:11:41.948536,1595,0.306,0.005,0.000,17.3
2026-08-04T10:11:42.016379,1596,0.297,0.006,0.000,14.9
2026-08-04T10:11:42.049223,1597,0.100,0.004,0.000,31.2
2026-08-04T10:11:42.080912,1598,0.088,0.007,0.000,32.5
2026-08-04T10:11:42.150713,1599,0.089,0.015,0.000,14.5
2026-08-04T10:11:42.162111,1600,0.116,0.004,0.000,94.7
2026-08-04T10:11:42.216123,1601,0.125,0.026,0.000,18.8
2026-08-04T10:11:42.310639,1602,0.135,0.030,0.000,10.7
2026-08-04T10:11:42.322565,1603,0.153,0.037,0.000,89.3
2026-08-04T10:11:42.381004,1604,0.149,0.039,0.000,17.4
2026-08-04T10:11:42.448608,1605,0.151,0.035,0.000,15.0
2026-08-04T10:11:42.479136,1606,0.147,0.026,0.000,33.6
2026-08-04T10:11:42.518049,1607,0.137,0.027,0.000,26.2
2026-08-04T10:11:42.618496,1608,0.114,0.009,0.000,10.0
2026-08-04T10:11:42.651410,1609,0.198,0.026,0.000,94.1
2026-08-04T10:11:42.680156,1610,0.280,0.014,0.000,35.3
2026-08-04T10:11:42.752339,1611,0.292,0.026,0.000,13.9
2026-08-04T10:11:42.761427,1612,0.295,0.018,0.000,114.2
2026-08-04T10:11:42.812458,1613,0.293,0.011,0.000,19.7
2026-08-04T10:11:42.885393,1614,0.307,0.021,0.000,13.8
2026-08-04T10:11:42.911291,1615,0.297,0.023,0.000,39.4
2026-08-04T10:11:42.947841,1616,0.298,0.021,0.000,27.5
2026-08-04T10:11:43.043710,1617,0.289,0.013,0.000,10.5
2026-08-04T10:11:43.051204,1618,0.283,0.025,0.000,138.8
2026-08-04T10:11:43.112868,1619,0.281,0.020,0.000,16.3
2026-08-04T10:11:43.188871,1620,0.285,0.028,0.000,13.2
2026-08-04T10:11:43.211310,1621,0.282,0.034,0.000,45.2
2026-08-04T10:11:43.240906,1622,0.282,0.024,0.000,34.0
2026-08-04T10:11:43.315010,1623,0.284,0.019,0.000,13.5
2026-08-04T10:11:43.325512,1624,0.281,0.016,0.000,97.7
2026-08-04T10:11:43.377207,1625,0.275,0.013,0.000,19.4
2026-08-04T10:11:43.473857,1626,0.268,0.014,0.000,10.4
2026-08-04T10:11:43.482425,1627,0.268,0.014,0.000,120.6
2026-08-04T10:11:43.545252,1628,0.267,0.011,0.000,16.0
2026-08-04T10:11:43.616291,1629,0.282,0.007,0.000,14.1
2026-08-04T10:11:43.643203,1630,0.290,0.004,0.000,37.5
2026-08-04T10:11:43.679587,1631,0.282,0.005,0.000,27.6
2026-08-04T10:11:43.774509,1632,0.274,0.006,0.000,10.6
2026-08-04T10:11:43.782610,1633,0.275,0.006,0.000,128.3
2026-08-04T10:11:43.847162,1634,0.283,0.007,0.000,15.5
2026-08-04T10:11:43.910077,1635,0.289,0.007,0.000,16.0
2026-08-04T10:11:43.919309,1636,0.293,0.007,0.000,111.8
2026-08-04T10:11:43.976803,1637,0.299,0.004,0.000,17.5
2026-08-04T10:11:44.058581,1638,0.301,0.006,0.000,12.3
2026-08-04T10:11:44.076406,1639,0.298,0.005,0.000,57.1
2026-08-04T10:11:44.110700,1640,0.300,0.006,0.000,29.4
2026-08-04T10:11:44.208198,1641,0.311,0.007,0.000,10.3
2026-08-04T10:11:44.216551,1642,0.316,0.007,0.000,124.2
2026-08-04T10:11:44.276044,1643,0.328,0.007,0.000,16.9
2026-08-04T10:11:44.350610,1644,0.329,0.008,0.000,13.4
2026-08-04T10:11:44.374006,1645,0.335,0.008,0.000,43.3
2026-08-04T10:11:44.408705,1646,0.339,0.009,0.000,29.0
2026-08-04T10:11:44.479855,1647,0.344,0.019,0.000,14.1
2026-08-04T10:11:44.489953,1648,0.344,0.034,0.000,102.1
2026-08-04T10:11:44.543446,1649,0.358,0.082,0.000,18.8
2026-08-04T10:11:44.649777,1650,0.357,0.125,0.000,9.4
2026-08-04T10:11:44.660194,1651,0.361,0.143,0.000,98.4
2026-08-04T10:11:44.707146,1652,0.360,0.149,0.000,21.5
2026-08-04T10:11:44.786599,1653,0.363,0.136,0.000,12.7
2026-08-04T10:11:44.806324,1654,0.354,0.077,0.000,51.5
2026-08-04T10:11:44.842582,1655,0.347,0.060,0.000,27.9
2026-08-04T10:11:44.949007,1656,0.341,0.028,0.000,9.4
2026-08-04T10:11:44.958837,1657,0.346,0.022,0.000,106.7
2026-08-04T10:11:45.006838,1658,0.342,0.019,0.000,21.0
2026-08-04T10:11:45.082287,1659,0.341,0.017,0.000,13.3
2026-08-04T10:11:45.093357,1660,0.337,0.013,0.000,94.4
2026-08-04T10:11:45.142381,1661,0.336,0.013,0.000,20.5
2026-08-04T10:11:45.216531,1662,0.336,0.013,0.000,13.5
2026-08-04T10:11:45.238187,1663,0.339,0.011,0.000,47.0
2026-08-04T10:11:45.277861,1664,0.339,0.010,0.000,25.3
2026-08-04T10:11:45.386207,1665,0.338,0.010,0.000,9.2
2026-08-04T10:11:45.396127,1666,0.340,0.009,0.000,104.8
2026-08-04T10:11:45.438902,1667,0.338,0.008,0.000,23.5
2026-08-04T10:11:45.515424,1668,0.340,0.009,0.000,13.1
2026-08-04T10:11:45.538468,1669,0.339,0.009,0.000,44.1
2026-08-04T10:11:45.574598,1670,0.337,0.009,0.000,27.9
2026-08-04T10:11:45.641997,1671,0.336,0.009,0.000,14.9
2026-08-04T10:11:45.649927,1672,0.339,0.009,0.000,130.3
2026-08-04T10:11:45.709007,1673,0.341,0.009,0.000,17.0
2026-08-04T10:11:45.805780,1674,0.336,0.010,0.000,10.4
2026-08-04T10:11:45.815244,1675,0.337,0.010,0.000,108.6
2026-08-04T10:11:45.873756,1676,0.335,0.009,0.000,17.2
2026-08-04T10:11:45.941374,1677,0.334,0.008,0.000,14.9
2026-08-04T10:11:45.970367,1678,0.337,0.008,0.000,34.8
2026-08-04T10:11:46.006324,1679,0.338,0.008,0.000,28.0
2026-08-04T10:11:46.114603,1680,0.341,0.008,0.000,9.3
2026-08-04T10:11:46.124374,1681,0.344,0.009,0.000,105.7
2026-08-04T10:11:46.170269,1682,0.345,0.009,0.000,22.0
2026-08-04T10:11:46.238713,1683,0.345,0.010,0.000,14.7
2026-08-04T10:11:46.248726,1684,0.345,0.009,0.000,102.6
2026-08-04T10:11:46.305744,1685,0.348,0.009,0.000,17.7
2026-08-04T10:11:46.378218,1686,0.347,0.009,0.000,13.8
2026-08-04T10:11:46.401644,1687,0.346,0.009,0.000,43.2
2026-08-04T10:11:46.440382,1688,0.345,0.009,0.000,26.0
2026-08-04T10:11:46.536983,1689,0.344,0.009,0.000,10.4
2026-08-04T10:11:46.545220,1690,0.343,0.009,0.000,127.3
2026-08-04T10:11:46.606183,1691,0.342,0.010,0.000,16.5
2026-08-04T10:11:46.682033,1692,0.341,0.010,0.000,13.2
2026-08-04T10:11:46.702569,1693,0.341,0.010,0.000,49.5
2026-08-04T10:11:46.733663,1694,0.341,0.010,0.000,32.4
2026-08-04T10:11:46.815410,1695,0.342,0.010,0.000,12.3
2026-08-04T10:11:46.825460,1696,0.338,0.010,0.000,103.0
2026-08-04T10:11:46.872098,1697,0.336,0.010,0.000,21.5
2026-08-04T10:11:46.970223,1698,0.343,0.010,0.000,10.2
2026-08-04T10:11:46.979459,1699,0.344,0.009,0.000,111.7
2026-08-04T10:11:47.037252,1700,0.344,0.008,0.000,17.4
2026-08-04T10:11:47.113341,1701,0.343,0.009,0.000,13.2
2026-08-04T10:11:47.134540,1702,0.343,0.011,0.000,47.8
2026-08-04T10:11:47.174187,1703,0.344,0.011,0.000,25.4
2026-08-04T10:11:47.275977,1704,0.344,0.011,0.000,9.8
2026-08-04T10:11:47.286125,1705,0.342,0.011,0.000,102.3
2026-08-04T10:11:47.334393,1706,0.343,0.010,0.000,20.8
2026-08-04T10:11:47.406750,1707,0.343,0.010,0.000,13.9
2026-08-04T10:11:47.416739,1708,0.343,0.010,0.000,104.3
2026-08-04T10:11:47.469250,1709,0.343,0.010,0.000,19.1
2026-08-04T10:11:47.538798,1710,0.343,0.010,0.000,14.4
2026-08-04T10:11:47.568599,1711,0.343,0.012,0.000,33.9
2026-08-04T10:11:47.606547,1712,0.343,0.012,0.000,26.5
2026-08-04T10:11:47.712192,1713,0.346,0.011,0.000,9.5
2026-08-04T10:11:47.721446,1714,0.342,0.012,0.000,112.6
2026-08-04T10:11:47.767879,1715,0.343,0.011,0.000,21.6
2026-08-04T10:11:47.844539,1716,0.341,0.011,0.000,13.1
2026-08-04T10:11:47.866991,1717,0.341,0.011,0.000,45.2
2026-08-04T10:11:47.897895,1718,0.341,0.011,0.000,32.6
2026-08-04T10:11:47.970087,1719,0.341,0.011,0.000,13.9
2026-08-04T10:11:47.978294,1720,0.342,0.011,0.000,126.2
2026-08-04T10:11:48.036099,1721,0.343,0.011,0.000,17.4
2026-08-04T10:11:48.142222,1722,0.342,0.010,0.000,9.4
2026-08-04T10:11:48.152158,1723,0.342,0.010,0.000,105.7
2026-08-04T10:11:48.198358,1724,0.341,0.009,0.000,21.7
2026-08-04T10:11:48.273809,1725,0.342,0.010,0.000,13.3
2026-08-04T10:11:48.298948,1726,0.343,0.011,0.000,40.2
2026-08-04T10:11:48.339127,1727,0.344,0.010,0.000,25.0
2026-08-04T10:11:48.435378,1728,0.346,0.009,0.000,10.4
2026-08-04T10:11:48.443804,1729,0.346,0.010,0.000,122.3
2026-08-04T10:11:48.500679,1730,0.346,0.010,0.000,17.7
2026-08-04T10:11:48.574861,1731,0.345,0.010,0.000,13.5
2026-08-04T10:11:48.584909,1732,0.349,0.010,0.000,104.7
2026-08-04T10:11:48.632243,1733,0.350,0.010,0.000,21.2
2026-08-04T10:11:48.709849,1734,0.351,0.009,0.000,12.9
2026-08-04T10:11:48.731566,1735,0.350,0.010,0.000,46.9
2026-08-04T10:11:48.766545,1736,0.350,0.009,0.000,28.8
2026-08-04T10:11:48.869065,1737,0.352,0.009,0.000,9.8
2026-08-04T10:11:48.878303,1738,0.352,0.010,0.000,113.4
2026-08-04T10:11:48.932504,1739,0.354,0.010,0.000,18.5
2026-08-04T10:11:48.999714,1740,0.353,0.010,0.000,14.9
2026-08-04T10:11:49.032813,1741,0.360,0.009,0.000,30.5
2026-08-04T10:11:49.064082,1742,0.358,0.009,0.000,32.2
2026-08-04T10:11:49.134585,1743,0.358,0.009,0.000,14.2
2026-08-04T10:11:49.142698,1744,0.358,0.009,0.000,127.4
2026-08-04T10:11:49.200129,1745,0.358,0.009,0.000,17.5
2026-08-04T10:11:49.293171,1746,0.357,0.010,0.000,10.8
2026-08-04T10:11:49.301500,1747,0.355,0.010,0.000,124.8
2026-08-04T10:11:49.365231,1748,0.357,0.010,0.000,15.7
2026-08-04T10:11:49.434343,1749,0.358,0.010,0.000,14.5
2026-08-04T10:11:49.464837,1750,0.356,0.012,0.000,33.1
2026-08-04T10:11:49.500114,1751,0.355,0.013,0.000,28.5
2026-08-04T10:11:49.611112,1752,0.355,0.012,0.000,9.0
2026-08-04T10:11:49.619718,1753,0.355,0.010,0.000,120.0
2026-08-04T10:11:49.665041,1754,0.355,0.011,0.000,22.2
2026-08-04T10:11:49.727471,1755,0.354,0.011,0.000,16.1
2026-08-04T10:11:49.735833,1756,0.353,0.010,0.000,123.5
2026-08-04T10:11:49.796820,1757,0.355,0.011,0.000,16.4
2026-08-04T10:11:49.871009,1758,0.354,0.011,0.000,13.5
2026-08-04T10:11:49.893825,1759,0.355,0.012,0.000,44.4
2026-08-04T10:11:49.932640,1760,0.353,0.012,0.000,25.9
2026-08-04T10:11:50.026864,1761,0.346,0.011,0.000,10.6
2026-08-04T10:11:50.035088,1762,0.348,0.011,0.000,125.8
2026-08-04T10:11:50.098635,1763,0.353,0.011,0.000,15.8
2026-08-04T10:11:50.161692,1764,0.353,0.011,0.000,16.0
2026-08-04T10:11:50.194297,1765,0.353,0.011,0.000,30.9
2026-08-04T10:11:50.226503,1766,0.353,0.011,0.000,31.2
2026-08-04T10:11:50.302011,1767,0.353,0.011,0.000,13.3
2026-08-04T10:11:50.311444,1768,0.353,0.010,0.000,110.6
2026-08-04T10:11:50.363301,1769,0.352,0.010,0.000,19.4
2026-08-04T10:11:50.466731,1770,0.352,0.010,0.000,9.7
2026-08-04T10:11:50.476936,1771,0.352,0.010,0.000,100.9
2026-08-04T10:11:50.526541,1772,0.353,0.010,0.000,20.2
2026-08-04T10:11:50.608035,1773,0.352,0.011,0.000,12.3
2026-08-04T10:11:50.626804,1774,0.355,0.010,0.000,54.2
2026-08-04T10:11:50.665726,1775,0.357,0.009,0.000,25.9
2026-08-04T10:11:50.763394,1776,0.355,0.010,0.000,10.3
2026-08-04T10:11:50.771791,1777,0.355,0.009,0.000,123.1
2026-08-04T10:11:50.831921,1778,0.354,0.009,0.000,16.7
2026-08-04T10:11:50.895450,1779,0.353,0.008,0.000,15.8
2026-08-04T10:11:50.903976,1780,0.352,0.007,0.000,121.2
2026-08-04T10:11:50.961673,1781,0.145,0.007,0.000,17.4
2026-08-04T10:11:51.027628,1782,0.093,0.008,0.000,15.2
2026-08-04T10:11:51.058317,1783,0.155,0.007,0.000,32.9
2026-08-04T10:11:51.099336,1784,0.196,0.008,0.000,24.5
2026-08-04T10:11:51.191229,1785,0.274,0.008,0.000,10.9
2026-08-04T10:11:51.198599,1786,0.301,0.008,0.000,141.6
2026-08-04T10:11:51.261981,1787,0.324,0.008,0.000,15.8
2026-08-04T10:11:51.330479,1788,0.325,0.009,0.000,14.6
2026-08-04T10:11:51.360928,1789,0.330,0.008,0.000,33.2
2026-08-04T10:11:51.391562,1790,0.333,0.009,0.000,32.9
2026-08-04T10:11:51.461647,1791,0.331,0.009,0.000,14.3
2026-08-04T10:11:51.471105,1792,0.333,0.010,0.000,110.3
2026-08-04T10:11:51.530146,1793,0.337,0.010,0.000,17.0
2026-08-04T10:11:51.632173,1794,0.341,0.010,0.000,9.8
2026-08-04T10:11:51.641361,1795,0.344,0.010,0.000,112.5
2026-08-04T10:11:51.693524,1796,0.341,0.010,0.000,19.2
2026-08-04T10:11:51.764128,1797,0.339,0.009,0.000,14.2
2026-08-04T10:11:51.790152,1798,0.336,0.008,0.000,38.9
2026-08-04T10:11:51.828491,1799,0.328,0.008,0.000,26.3
2026-08-04T10:11:51.933121,1800,0.332,0.009,0.000,9.6
2026-08-04T10:11:51.943234,1801,0.322,0.006,0.000,101.9
2026-08-04T10:11:51.992449,1802,0.329,0.006,0.000,20.4
2026-08-04T10:11:52.066990,1803,0.332,0.007,0.000,13.5
2026-08-04T10:11:52.077546,1804,0.333,0.007,0.000,97.6
2026-08-04T10:11:52.123990,1805,0.331,0.008,0.000,21.6
2026-08-04T10:11:52.202020,1806,0.336,0.008,0.000,12.9
2026-08-04T10:11:52.222173,1807,0.336,0.009,0.000,50.4
2026-08-04T10:11:52.258804,1808,0.336,0.009,0.000,27.6
2026-08-04T10:11:52.365047,1809,0.335,0.009,0.000,9.4
2026-08-04T10:11:52.374073,1810,0.336,0.010,0.000,115.4
2026-08-04T10:11:52.424650,1811,0.339,0.010,0.000,19.9
2026-08-04T10:11:52.492379,1812,0.337,0.009,0.000,14.8
2026-08-04T10:11:52.521925,1813,0.338,0.009,0.000,34.1
2026-08-04T10:11:52.556372,1814,0.339,0.008,0.000,29.2
2026-08-04T10:11:52.623564,1815,0.339,0.008,0.000,15.0
2026-08-04T10:11:52.631075,1816,0.339,0.008,0.000,138.1
2026-08-04T10:11:52.694254,1817,0.337,0.008,0.000,15.9
2026-08-04T10:11:52.788991,1818,0.336,0.008,0.000,10.6
2026-08-04T10:11:52.797323,1819,0.336,0.009,0.000,124.0
2026-08-04T10:11:52.854059,1820,0.337,0.009,0.000,17.7
2026-08-04T10:11:52.930791,1821,0.337,0.009,0.271,13.1
2026-08-04T10:11:52.953575,1822,0.336,0.007,0.271,44.5
2026-08-04T10:11:52.990353,1823,0.336,0.008,0.271,27.4
2026-08-04T10:11:53.111052,1824,0.314,0.007,0.000,8.3
2026-08-04T10:11:53.122506,1825,0.318,0.007,0.000,90.2
2026-08-04T10:11:53.156804,1826,0.316,0.007,0.000,29.4
2026-08-04T10:11:53.219949,1827,0.316,0.007,0.000,15.9
2026-08-04T10:11:53.229792,1828,0.320,0.009,0.000,104.4
2026-08-04T10:11:53.289794,1829,0.325,0.013,0.000,16.7
2026-08-04T10:11:53.363913,1830,0.330,0.015,0.000,13.6
2026-08-04T10:11:53.386411,1831,0.330,0.045,0.000,45.0
2026-08-04T10:11:53.425166,1832,0.334,0.092,0.000,25.9
2026-08-04T10:11:53.527521,1833,0.344,0.084,0.000,9.8
2026-08-04T10:11:53.536617,1834,0.344,0.067,0.000,114.8
2026-08-04T10:11:53.590447,1835,0.343,0.060,0.000,18.7
2026-08-04T10:11:53.661789,1836,0.344,0.060,0.000,14.1
2026-08-04T10:11:53.687050,1837,0.350,0.038,0.000,40.1
2026-08-04T10:11:53.718983,1838,0.348,0.024,0.000,31.6
2026-08-04T10:11:53.796604,1839,0.352,0.013,0.000,12.9
2026-08-04T10:11:53.805734,1840,0.345,0.009,0.000,115.3
2026-08-04T10:11:53.858620,1841,0.347,0.009,0.000,19.0
2026-08-04T10:11:53.951843,1842,0.343,0.008,0.000,10.8
2026-08-04T10:11:53.959411,1843,0.342,0.007,0.000,136.8
2026-08-04T10:11:54.020871,1844,0.341,0.007,0.000,16.3
2026-08-04T10:11:54.097933,1845,0.341,0.008,0.000,13.0
2026-08-04T10:11:54.119536,1846,0.343,0.008,0.000,47.0
2026-08-04T10:11:54.154939,1847,0.345,0.008,0.000,28.5
2026-08-04T10:11:54.257107,1848,0.345,0.009,0.000,9.8
2026-08-04T10:11:54.265591,1849,0.346,0.013,0.000,123.1
2026-08-04T10:11:54.320450,1850,0.344,0.011,0.000,18.3
2026-08-04T10:11:54.393129,1851,0.344,0.010,0.000,13.8
2026-08-04T10:11:54.401414,1852,0.342,0.009,0.000,125.1
2026-08-04T10:11:54.454442,1853,0.341,0.007,0.000,18.9
2026-08-04T10:11:54.522903,1854,0.341,0.008,0.000,14.7
2026-08-04T10:11:54.550494,1855,0.344,0.009,0.000,37.0
2026-08-04T10:11:54.587044,1856,0.345,0.009,0.000,27.5
2026-08-04T10:11:54.688129,1857,0.344,0.009,0.000,9.9
2026-08-04T10:11:54.697536,1858,0.344,0.009,0.000,109.7
2026-08-04T10:11:54.753766,1859,0.343,0.009,0.000,17.8
2026-08-04T10:11:54.821479,1860,0.346,0.008,0.000,14.8
2026-08-04T10:11:54.850010,1861,0.346,0.008,0.000,35.5
2026-08-04T10:11:54.883485,1862,0.347,0.008,0.000,30.1
2026-08-04T10:11:54.957772,1863,0.344,0.009,0.000,13.5
2026-08-04T10:11:54.966947,1864,0.341,0.009,0.000,116.1
2026-08-04T10:11:55.019098,1865,0.343,0.009,0.000,19.3
2026-08-04T10:11:55.132487,1866,0.338,0.009,0.000,8.8
2026-08-04T10:11:55.145090,1867,0.335,0.010,0.000,82.7
2026-08-04T10:11:55.182390,1868,0.342,0.009,0.000,27.0
2026-08-04T10:11:55.254720,1869,0.340,0.008,0.000,13.9
2026-08-04T10:11:55.284784,1870,0.345,0.008,0.000,33.7
2026-08-04T10:11:55.320799,1871,0.346,0.008,0.000,27.9
2026-08-04T10:11:55.420573,1872,0.341,0.009,0.000,10.0
2026-08-04T10:11:55.429263,1873,0.340,0.009,0.000,118.8
2026-08-04T10:11:55.483061,1874,0.335,0.009,0.000,18.7
2026-08-04T10:11:55.551655,1875,0.336,0.009,0.000,14.6
2026-08-04T10:11:55.560706,1876,0.337,0.009,0.000,116.9
2026-08-04T10:11:55.617533,1877,0.304,0.009,0.000,17.7
2026-08-04T10:11:55.684973,1878,0.207,0.009,0.000,14.9
2026-08-04T10:11:55.716264,1879,0.237,0.011,0.000,32.3
2026-08-04T10:11:55.752767,1880,0.255,0.009,0.000,27.5
2026-08-04T10:11:55.849283,1881,0.276,0.009,0.000,10.4
2026-08-04T10:11:55.859930,1882,0.291,0.009,0.000,98.9
2026-08-04T10:11:55.918796,1883,0.306,0.009,0.000,17.0
2026-08-04T10:11:55.991273,1884,0.312,0.007,0.000,13.9
2026-08-04T10:11:56.015074,1885,0.317,0.006,0.000,42.5
2026-08-04T10:11:56.049542,1886,0.322,0.005,0.000,29.2
2026-08-04T10:11:56.124104,1887,0.331,0.003,0.000,13.4
2026-08-04T10:11:56.132042,1888,0.328,0.002,0.000,130.8
2026-08-04T10:11:56.185449,1889,0.273,0.008,0.000,18.8
2026-08-04T10:11:56.280295,1890,0.225,0.004,0.000,10.6
2026-08-04T10:11:56.287854,1891,0.210,0.008,0.000,137.1
2026-08-04T10:11:56.350954,1892,0.219,0.003,0.000,15.9
2026-08-04T10:11:56.419899,1893,0.257,0.002,0.000,14.6
2026-08-04T10:11:56.447972,1894,0.250,0.003,0.000,36.0
2026-08-04T10:11:56.483700,1895,0.257,0.003,0.000,28.2
2026-08-04T10:11:56.579055,1896,0.258,0.003,0.000,10.5
2026-08-04T10:11:56.590865,1897,0.242,0.004,0.000,86.8
2026-08-04T10:11:56.651179,1898,0.213,0.003,0.000,16.6
2026-08-04T10:11:56.710485,1899,0.233,0.004,0.000,16.9
2026-08-04T10:11:56.718840,1900,0.217,0.006,0.000,123.7
2026-08-04T10:11:56.779972,1901,0.209,0.005,0.000,16.4
2026-08-04T10:11:56.858683,1902,0.205,0.006,0.000,12.8
2026-08-04T10:11:56.878045,1903,0.156,0.006,0.000,52.4
2026-08-04T10:11:56.918210,1904,0.128,0.005,0.000,25.0
2026-08-04T10:11:57.011082,1905,0.268,0.009,0.000,10.8
2026-08-04T10:11:57.020602,1906,0.298,0.008,0.000,108.4
2026-08-04T10:11:57.082639,1907,0.321,0.007,0.000,16.2
2026-08-04T10:11:57.153319,1908,0.315,0.008,0.000,14.2
2026-08-04T10:11:57.180282,1909,0.327,0.006,0.000,38.1
2026-08-04T10:11:57.212731,1910,0.327,0.006,0.000,31.0
2026-08-04T10:11:57.285970,1911,0.327,0.006,0.000,13.7
2026-08-04T10:11:57.295952,1912,0.331,0.006,0.000,104.8
2026-08-04T10:11:57.350895,1913,0.333,0.010,0.000,18.3
2026-08-04T10:11:57.444287,1914,0.328,0.012,0.000,10.7
2026-08-04T10:11:57.453266,1915,0.328,0.011,0.000,114.8
2026-08-04T10:11:57.509274,1916,0.329,0.013,0.000,17.9
2026-08-04T10:11:57.582686,1917,0.330,0.010,0.000,13.7
2026-08-04T10:11:57.610767,1918,0.329,0.012,0.000,36.0
2026-08-04T10:11:57.646985,1919,0.325,0.011,0.000,27.8
2026-08-04T10:11:57.749582,1920,0.330,0.007,0.000,9.8
2026-08-04T10:11:57.758095,1921,0.333,0.007,0.000,121.6
2026-08-04T10:11:57.812728,1922,0.330,0.012,0.000,18.4
2026-08-04T10:11:57.878373,1923,0.328,0.012,0.000,15.3
2026-08-04T10:11:57.887698,1924,0.328,0.012,0.000,110.7
2026-08-04T10:11:57.948062,1925,0.322,0.011,0.000,16.6
2026-08-04T10:11:58.016736,1926,0.330,0.011,0.000,14.6
2026-08-04T10:11:58.045667,1927,0.323,0.011,0.000,34.9
2026-08-04T10:11:58.082948,1928,0.323,0.009,0.000,27.0
2026-08-04T10:11:58.179379,1929,0.317,0.009,0.000,10.4
2026-08-04T10:11:58.187944,1930,0.328,0.012,0.000,121.4
2026-08-04T10:11:58.242195,1931,0.338,0.011,0.000,18.5
2026-08-04T10:11:58.316927,1932,0.343,0.011,0.000,13.4
2026-08-04T10:11:58.341698,1933,0.336,0.012,0.000,40.8
2026-08-04T10:11:58.375984,1934,0.342,0.012,0.000,29.3
2026-08-04T10:11:58.450177,1935,0.352,0.011,0.000,13.5
2026-08-04T10:11:58.460125,1936,0.348,0.012,0.000,106.1
2026-08-04T10:11:58.514238,1937,0.344,0.013,0.000,18.5
2026-08-04T10:11:58.610424,1938,0.321,0.011,0.000,10.4
2026-08-04T10:11:58.620104,1939,0.313,0.013,0.000,106.3
2026-08-04T10:11:58.677103,1940,0.307,0.012,0.000,17.6
2026-08-04T10:11:58.748529,1941,0.309,0.012,0.000,14.1
2026-08-04T10:11:58.776197,1942,0.328,0.011,0.000,36.8
2026-08-04T10:11:58.813394,1943,0.327,0.009,0.000,27.1
2026-08-04T10:11:58.916592,1944,0.313,0.011,0.000,9.7
2026-08-04T10:11:58.926274,1945,0.318,0.013,0.000,107.3
2026-08-04T10:11:58.978341,1946,0.315,0.011,0.000,19.3
2026-08-04T10:11:59.043886,1947,0.317,0.009,0.000,15.3
2026-08-04T10:11:59.054366,1948,0.322,0.009,0.000,97.9
2026-08-04T10:11:59.111846,1949,0.317,0.009,0.000,17.5
2026-08-04T10:11:59.175098,1950,0.321,0.009,0.000,15.9
2026-08-04T10:11:59.209159,1951,0.324,0.010,0.000,29.7
2026-08-04T10:11:59.244922,1952,0.320,0.009,0.000,28.1
2026-08-04T10:11:59.350764,1953,0.327,0.008,0.000,9.5
2026-08-04T10:11:59.360909,1954,0.333,0.005,0.000,101.6
2026-08-04T10:11:59.410211,1955,0.330,0.005,0.000,20.4
2026-08-04T10:11:59.481792,1956,0.329,0.006,0.000,14.0
2026-08-04T10:11:59.507478,1957,0.330,0.004,0.000,39.6
2026-08-04T10:11:59.542542,1958,0.331,0.004,0.000,28.8
2026-08-04T10:11:59.612952,1959,0.337,0.006,0.000,14.3
2026-08-04T10:11:59.622584,1960,0.337,0.006,0.000,109.4
2026-08-04T10:11:59.677168,1961,0.284,0.005,0.000,18.4
2026-08-04T10:11:59.774466,1962,0.162,0.001,0.000,10.3
2026-08-04T10:11:59.782908,1963,0.142,0.002,0.000,122.7
2026-08-04T10:11:59.843377,1964,0.157,0.003,0.000,16.6
2026-08-04T10:11:59.911802,1965,0.152,0.002,0.000,14.7
2026-08-04T10:11:59.939036,1966,0.189,0.003,0.000,37.1
2026-08-04T10:11:59.977370,1967,0.174,0.005,0.000,26.2
2026-08-04T10:12:00.081378,1968,0.136,0.004,0.000,9.6
2026-08-04T10:12:00.090436,1969,0.135,0.003,0.000,114.5
2026-08-04T10:12:00.140962,1970,0.261,0.003,0.000,20.0
2026-08-04T10:12:00.209912,1971,0.308,0.005,0.000,14.5
2026-08-04T10:12:00.217599,1972,0.321,0.007,0.000,134.7
2026-08-04T10:12:00.273047,1973,0.334,0.008,0.000,18.1
2026-08-04T10:12:00.346884,1974,0.334,0.007,0.000,13.6
2026-08-04T10:12:00.369801,1975,0.335,0.008,0.000,44.2
2026-08-04T10:12:00.408137,1976,0.331,0.007,0.000,26.2
2026-08-04T10:12:00.507604,1977,0.334,0.009,0.000,10.1
2026-08-04T10:12:00.516008,1978,0.333,0.009,0.000,123.6
2026-08-04T10:12:00.570712,1979,0.334,0.010,0.000,18.4
2026-08-04T10:12:00.651996,1980,0.333,0.009,0.000,12.4
2026-08-04T10:12:00.669772,1981,0.332,0.009,0.000,57.8
2026-08-04T10:12:00.703543,1982,0.334,0.009,0.000,29.8
2026-08-04T10:12:00.776418,1983,0.340,0.008,0.000,13.8
2026-08-04T10:12:00.784897,1984,0.340,0.008,0.000,122.3
2026-08-04T10:12:00.838427,1985,0.347,0.008,0.000,18.8
2026-08-04T10:12:00.947841,1986,0.342,0.008,0.000,9.2
2026-08-04T10:12:00.957570,1987,0.341,0.008,0.000,106.2
2026-08-04T10:12:01.002151,1988,0.342,0.009,0.000,22.6
2026-08-04T10:12:01.083270,1989,0.340,0.009,0.000,12.4
2026-08-04T10:12:01.104085,1990,0.341,0.011,0.000,48.8
2026-08-04T10:12:01.138916,1991,0.343,0.011,0.000,28.9
2026-08-04T10:12:01.250837,1992,0.345,0.008,0.000,9.0
2026-08-04T10:12:01.261099,1993,0.346,0.008,0.000,102.5
2026-08-04T10:12:01.302523,1994,0.346,0.008,0.000,24.3
2026-08-04T10:12:01.382359,1995,0.346,0.008,0.000,12.6
2026-08-04T10:12:01.394425,1996,0.341,0.007,0.000,85.4
2026-08-04T10:12:01.434310,1997,0.342,0.007,0.000,25.2
2026-08-04T10:12:01.514061,1998,0.344,0.008,0.000,12.6
2026-08-04T10:12:01.534424,1999,0.343,0.009,0.000,49.9
2026-08-04T10:12:01.572713,2000,0.342,0.008,0.000,26.3
2026-08-04T10:12:01.679409,2001,0.347,0.008,0.000,9.4
2026-08-04T10:12:01.689453,2002,0.341,0.008,0.000,103.8
2026-08-04T10:12:01.736312,2003,0.346,0.006,0.000,21.4
2026-08-04T10:12:01.809100,2004,0.347,0.007,0.000,13.8
2026-08-04T10:12:01.835163,2005,0.348,0.008,0.000,38.8
2026-08-04T10:12:01.868743,2006,0.346,0.008,0.000,30.0
2026-08-04T10:12:01.948853,2007,0.342,0.008,0.000,12.5
2026-08-04T10:12:01.959025,2008,0.339,0.008,0.000,101.1
2026-08-04T10:12:02.002464,2009,0.333,0.008,0.000,23.2
2026-08-04T10:12:02.123914,2010,0.331,0.008,0.000,8.2
2026-08-04T10:12:02.134997,2011,0.333,0.008,0.000,97.5
2026-08-04T10:12:02.166805,2012,0.340,0.009,0.000,31.8
2026-08-04T10:12:02.245649,2013,0.343,0.008,0.000,12.7
2026-08-04T10:12:02.266649,2014,0.345,0.009,0.000,48.3
2026-08-04T10:12:02.303385,2015,0.348,0.009,0.000,27.4
2026-08-04T10:12:02.407391,2016,0.348,0.008,0.000,9.6
2026-08-04T10:12:02.416878,2017,0.350,0.009,0.000,108.7
2026-08-04T10:12:02.466248,2018,0.346,0.007,0.000,20.3
2026-08-04T10:12:02.534329,2019,0.347,0.006,0.000,14.7
2026-08-04T10:12:02.543583,2020,0.346,0.007,0.000,112.3
2026-08-04T10:12:02.601045,2021,0.347,0.005,0.000,17.5
2026-08-04T10:12:02.670875,2022,0.347,0.007,0.000,14.4
2026-08-04T10:12:02.697958,2023,0.353,0.007,0.000,37.3
2026-08-04T10:12:02.736516,2024,0.352,0.008,0.000,26.1
2026-08-04T10:12:02.837387,2025,0.350,0.006,0.000,9.9
2026-08-04T10:12:02.846519,2026,0.348,0.006,0.000,113.3
2026-08-04T10:12:02.899343,2027,0.348,0.007,0.000,19.1
2026-08-04T10:12:02.973483,2028,0.347,0.008,0.000,13.5
2026-08-04T10:12:02.999116,2029,0.313,0.010,0.000,39.7
2026-08-04T10:12:03.031618,2030,0.170,0.008,0.000,31.0
2026-08-04T10:12:03.116976,2031,0.130,0.008,0.000,11.7
2026-08-04T10:12:03.127115,2032,0.163,0.007,0.000,104.1
2026-08-04T10:12:03.166281,2033,0.269,0.010,0.000,25.7
2026-08-04T10:12:03.263085,2034,0.317,0.010,0.000,10.4
2026-08-04T10:12:03.271679,2035,0.333,0.011,0.000,120.2
2026-08-04T10:12:03.330341,2036,0.334,0.007,0.000,17.1
2026-08-04T10:12:03.401150,2037,0.329,0.006,0.000,14.2
2026-08-04T10:12:03.432127,2038,0.331,0.007,0.000,32.7
2026-08-04T10:12:03.468009,2039,0.329,0.006,0.000,28.0
2026-08-04T10:12:03.567637,2040,0.329,0.009,0.000,10.1
2026-08-04T10:12:03.576294,2041,0.333,0.011,0.000,120.6
2026-08-04T10:12:03.633819,2042,0.328,0.010,0.000,17.5
2026-08-04T10:12:03.699567,2043,0.330,0.010,0.000,15.3
2026-08-04T10:12:03.707346,2044,0.331,0.010,0.000,132.8
2026-08-04T10:12:03.764512,2045,0.333,0.009,0.000,17.6
2026-08-04T10:12:03.835855,2046,0.336,0.009,0.000,14.1
2026-08-04T10:12:03.865544,2047,0.336,0.009,0.000,34.4
2026-08-04T10:12:03.901153,2048,0.336,0.009,0.000,28.2
2026-08-04T10:12:03.995546,2049,0.339,0.009,0.000,10.6
2026-08-04T10:12:04.003708,2050,0.341,0.009,0.000,126.6
2026-08-04T10:12:04.065197,2051,0.340,0.009,0.000,16.3
2026-08-04T10:12:04.134846,2052,0.340,0.010,0.000,14.4
2026-08-04T10:12:04.164516,2053,0.344,0.010,0.000,34.0
2026-08-04T10:12:04.194497,2054,0.348,0.011,0.000,33.6
2026-08-04T10:12:04.271642,2055,0.346,0.011,0.000,13.0
2026-08-04T10:12:04.282155,2056,0.347,0.011,0.000,98.1
2026-08-04T10:12:04.332285,2057,0.340,0.011,0.000,20.1
2026-08-04T10:12:04.430525,2058,0.342,0.013,0.000,10.2
2026-08-04T10:12:04.439909,2059,0.343,0.013,0.000,109.8
2026-08-04T10:12:04.496175,2060,0.338,0.012,0.000,17.9
2026-08-04T10:12:04.565539,2061,0.338,0.013,0.000,14.5
2026-08-04T10:12:04.596091,2062,0.339,0.012,0.000,33.1
2026-08-04T10:12:04.632716,2063,0.339,0.011,0.000,27.5
2026-08-04T10:12:04.730322,2064,0.339,0.010,0.000,10.3
2026-08-04T10:12:04.739678,2065,0.338,0.008,0.000,111.6
2026-08-04T10:12:04.796226,2066,0.340,0.008,0.000,17.8
2026-08-04T10:12:04.871681,2067,0.339,0.009,0.000,13.3
2026-08-04T10:12:04.880799,2068,0.332,0.008,0.000,114.5
2026-08-04T10:12:04.929003,2069,0.335,0.008,0.000,20.8
2026-08-04T10:12:05.003803,2070,0.336,0.009,0.000,13.4
2026-08-04T10:12:05.026154,2071,0.336,0.009,0.000,45.5
2026-08-04T10:12:05.065390,2072,0.338,0.009,0.000,25.6
2026-08-04T10:12:05.163742,2073,0.338,0.010,0.000,10.2
2026-08-04T10:12:05.173189,2074,0.338,0.009,0.000,109.9
2026-08-04T10:12:05.228732,2075,0.335,0.009,0.000,18.1
2026-08-04T10:12:05.295545,2076,0.336,0.008,0.000,15.0
2026-08-04T10:12:05.329703,2077,0.335,0.008,0.000,29.5
2026-08-04T10:12:05.362602,2078,0.335,0.008,0.000,30.6
2026-08-04T10:12:05.429018,2079,0.334,0.009,0.000,15.1
2026-08-04T10:12:05.437640,2080,0.338,0.009,0.000,119.7
2026-08-04T10:12:05.496731,2081,0.341,0.007,0.000,17.0
2026-08-04T10:12:05.595749,2082,0.341,0.008,0.000,10.1
2026-08-04T10:12:05.606779,2083,0.341,0.009,0.000,94.7
2026-08-04T10:12:05.660557,2084,0.341,0.009,0.000,18.7
2026-08-04T10:12:05.731192,2085,0.339,0.009,0.000,14.2
2026-08-04T10:12:05.760596,2086,0.340,0.009,0.000,34.3
2026-08-04T10:12:05.797739,2087,0.338,0.010,0.000,27.1
2026-08-04T10:12:05.894890,2088,0.337,0.009,0.000,10.3
2026-08-04T10:12:05.903203,2089,0.338,0.009,0.000,124.2
2026-08-04T10:12:05.960836,2090,0.343,0.009,0.000,17.4
2026-08-04T10:12:06.022312,2091,0.342,0.009,0.000,16.3
2026-08-04T10:12:06.031294,2092,0.340,0.009,0.000,114.6
2026-08-04T10:12:06.093564,2093,0.342,0.009,0.000,16.1
2026-08-04T10:12:06.160164,2094,0.343,0.009,0.000,15.1
2026-08-04T10:12:06.190632,2095,0.336,0.010,0.000,33.1
2026-08-04T10:12:06.225774,2096,0.334,0.010,0.000,28.7
2026-08-04T10:12:06.327248,2097,0.333,0.010,0.000,9.9
2026-08-04T10:12:06.336082,2098,0.332,0.010,0.000,117.1
2026-08-04T10:12:06.389471,2099,0.333,0.009,0.000,18.8
2026-08-04T10:12:06.466322,2100,0.335,0.009,0.000,13.0
2026-08-04T10:12:06.489731,2101,0.338,0.009,0.000,43.3
2026-08-04T10:12:06.523545,2102,0.338,0.010,0.000,29.9
2026-08-04T10:12:06.593790,2103,0.334,0.010,0.000,14.3
2026-08-04T10:12:06.602056,2104,0.335,0.007,0.000,125.1
2026-08-04T10:12:06.659017,2105,0.338,0.008,0.000,17.6
2026-08-04T10:12:06.755216,2106,0.343,0.006,0.000,10.4
2026-08-04T10:12:06.764538,2107,0.310,0.009,0.000,110.5
2026-08-04T10:12:06.826533,2108,0.182,0.006,0.000,16.2
2026-08-04T10:12:06.894005,2109,0.177,0.002,0.000,14.9
2026-08-04T10:12:06.925048,2110,0.204,0.001,0.000,32.5
2026-08-04T10:12:06.962471,2111,0.211,0.000,0.000,26.9
2026-08-04T10:12:07.057487,2112,0.186,0.001,0.000,10.5
2026-08-04T10:12:07.066279,2113,0.199,0.004,0.000,117.5
2026-08-04T10:12:07.127070,2114,0.203,0.004,0.000,16.5
2026-08-04T10:12:07.192050,2115,0.200,0.004,0.000,15.5
2026-08-04T10:12:07.202153,2116,0.200,0.005,0.000,102.6
2026-08-04T10:12:07.258841,2117,0.184,0.004,0.000,18.2
2026-08-04T10:12:07.322050,2118,0.192,0.005,0.000,15.9
2026-08-04T10:12:07.356923,2119,0.295,0.009,0.000,28.9
2026-08-04T10:12:07.391324,2120,0.311,0.011,0.000,29.2
2026-08-04T10:12:07.497917,2121,0.319,0.011,0.000,9.4
2026-08-04T10:12:07.508365,2122,0.318,0.010,0.000,98.8
2026-08-04T10:12:07.554270,2123,0.318,0.010,0.000,21.9
2026-08-04T10:12:07.626454,2124,0.318,0.011,0.000,13.9
2026-08-04T10:12:07.655129,2125,0.332,0.007,0.000,35.2
2026-08-04T10:12:07.686697,2126,0.333,0.008,0.000,31.9
2026-08-04T10:12:07.756889,2127,0.336,0.007,0.000,14.3
2026-08-04T10:12:07.765823,2128,0.346,0.006,0.000,115.4
2026-08-04T10:12:07.824647,2129,0.346,0.008,0.000,17.1
2026-08-04T10:12:07.925387,2130,0.349,0.009,0.000,10.0
2026-08-04T10:12:07.934978,2131,0.346,0.007,0.000,107.6
2026-08-04T10:12:07.987817,2132,0.338,0.010,0.000,19.0
2026-08-04T10:12:08.056486,2133,0.191,0.006,0.000,14.6
2026-08-04T10:12:08.086452,2134,0.154,0.015,0.000,33.8
2026-08-04T10:12:08.123220,2135,0.132,0.011,0.000,27.4
2026-08-04T10:12:08.223162,2136,0.272,0.007,0.000,10.0
2026-08-04T10:12:08.232562,2137,0.300,0.010,0.000,113.4
2026-08-04T10:12:08.288513,2138,0.315,0.009,0.000,17.9
2026-08-04T10:12:08.355420,2139,0.330,0.009,0.000,15.0
2026-08-04T10:12:08.364669,2140,0.324,0.011,0.000,111.4
2026-08-04T10:12:08.420272,2141,0.336,0.009,0.000,18.1
2026-08-04T10:12:08.488487,2142,0.337,0.011,0.000,14.7
2026-08-04T10:12:08.518230,2143,0.330,0.009,0.000,34.0
2026-08-04T10:12:08.554183,2144,0.333,0.010,0.000,28.0
2026-08-04T10:12:08.662295,2145,0.339,0.009,0.000,9.3
2026-08-04T10:12:08.672915,2146,0.340,0.008,0.000,97.1
2026-08-04T10:12:08.718674,2147,0.338,0.009,0.000,22.1
2026-08-04T10:12:08.801768,2148,0.340,0.009,0.000,12.1
2026-08-04T10:12:08.818906,2149,0.341,0.009,0.000,59.4
2026-08-04T10:12:08.850344,2150,0.342,0.009,0.000,32.0
2026-08-04T10:12:08.934065,2151,0.341,0.007,0.000,12.0
2026-08-04T10:12:08.943393,2152,0.338,0.009,0.000,110.7
2026-08-04T10:12:08.987443,2153,0.342,0.007,0.000,22.8
2026-08-04T10:12:09.095254,2154,0.345,0.009,0.000,9.3
2026-08-04T10:12:09.105059,2155,0.341,0.009,0.000,106.5
2026-08-04T10:12:09.150892,2156,0.340,0.011,0.000,22.0
2026-08-04T10:12:09.231657,2157,0.340,0.010,0.000,12.5
2026-08-04T10:12:09.250406,2158,0.334,0.010,0.000,54.3
2026-08-04T10:12:09.285479,2159,0.332,0.010,0.000,28.7
2026-08-04T10:12:09.396726,2160,0.319,0.010,0.000,9.0
2026-08-04T10:12:09.406287,2161,0.318,0.007,0.000,112.0
2026-08-04T10:12:09.450575,2162,0.324,0.011,0.000,22.7
2026-08-04T10:12:09.524527,2163,0.329,0.010,0.000,13.6
2026-08-04T10:12:09.534451,2164,0.334,0.011,0.000,103.5
2026-08-04T10:12:09.582850,2165,0.333,0.009,0.000,20.7
2026-08-04T10:12:09.663863,2166,0.336,0.010,0.000,12.4
2026-08-04T10:12:09.683163,2167,0.340,0.008,0.000,52.5
2026-08-04T10:12:09.719873,2168,0.340,0.008,0.000,27.4
2026-08-04T10:12:09.822402,2169,0.341,0.008,0.000,9.8
2026-08-04T10:12:09.832774,2170,0.338,0.008,0.000,99.6
2026-08-04T10:12:09.884754,2171,0.340,0.007,0.000,19.3
2026-08-04T10:12:09.958912,2172,0.340,0.007,0.000,13.5
2026-08-04T10:12:09.982580,2173,0.342,0.008,0.000,42.8
2026-08-04T10:12:10.015840,2174,0.341,0.008,0.000,30.3
2026-08-04T10:12:10.089181,2175,0.340,0.008,0.000,13.7
2026-08-04T10:12:10.099775,2176,0.340,0.009,0.000,102.6
2026-08-04T10:12:10.152650,2177,0.340,0.010,0.000,19.0
2026-08-04T10:12:10.253828,2178,0.340,0.010,0.000,9.9
2026-08-04T10:12:10.263871,2179,0.339,0.010,0.000,102.1
2026-08-04T10:12:10.314919,2180,0.341,0.010,0.000,19.7
2026-08-04T10:12:10.389366,2181,0.340,0.010,0.000,13.5
2026-08-04T10:12:10.415184,2182,0.337,0.010,0.000,39.5
2026-08-04T10:12:10.451032,2183,0.337,0.010,0.000,28.1
2026-08-04T10:12:10.546527,2184,0.337,0.010,0.000,10.5
2026-08-04T10:12:10.556955,2185,0.335,0.011,0.000,98.2
2026-08-04T10:12:10.614424,2186,0.336,0.011,0.000,17.5
2026-08-04T10:12:10.731826,2187,0.338,0.016,0.000,8.5
2026-08-04T10:12:10.743021,2188,0.339,0.014,0.000,93.2
2026-08-04T10:12:10.784908,2189,0.333,0.012,0.000,24.0
2026-08-04T10:12:10.880137,2190,0.336,0.012,0.000,10.5
2026-08-04T10:12:10.889279,2191,0.339,0.008,0.000,113.4
2026-08-04T10:12:10.946553,2192,0.334,0.006,0.000,17.6
2026-08-04T10:12:11.016782,2193,0.329,0.007,0.000,14.3
2026-08-04T10:12:11.047896,2194,0.329,0.009,0.000,32.4
2026-08-04T10:12:11.085065,2195,0.332,0.007,0.000,27.1
2026-08-04T10:12:11.187582,2196,0.334,0.006,0.000,9.8
2026-08-04T10:12:11.198036,2197,0.339,0.008,0.000,98.7
2026-08-04T10:12:11.250043,2198,0.340,0.008,0.000,19.3
2026-08-04T10:12:11.316482,2199,0.341,0.008,0.000,15.1
2026-08-04T10:12:11.326242,2200,0.340,0.008,0.000,105.8
2026-08-04T10:12:11.381331,2201,0.339,0.007,0.000,18.3
2026-08-04T10:12:11.449884,2202,0.339,0.007,0.000,14.6
2026-08-04T10:12:11.478600,2203,0.338,0.008,0.000,35.2
2026-08-04T10:12:11.516845,2204,0.337,0.008,0.000,26.3
2026-08-04T10:12:11.614685,2205,0.334,0.008,0.000,10.2
2026-08-04T10:12:11.624191,2206,0.334,0.008,0.000,108.0
2026-08-04T10:12:11.680376,2207,0.333,0.007,0.000,17.9
2026-08-04T10:12:11.747837,2208,0.332,0.007,0.000,14.9
2026-08-04T10:12:11.756765,2209,0.331,0.007,0.000,115.3
2026-08-04T10:12:11.812926,2210,0.333,0.007,0.000,17.9
2026-08-04T10:12:11.879475,2211,0.335,0.007,0.000,15.1
2026-08-04T10:12:11.888110,2212,0.336,0.007,0.000,119.3
2026-08-04T10:12:11.949285,2213,0.336,0.008,0.000,16.4
2026-08-04T10:12:12.046624,2214,0.336,0.007,0.000,10.3
2026-08-04T10:12:12.054988,2215,0.336,0.007,0.000,123.2
2026-08-04T10:12:12.113733,2216,0.333,0.007,0.000,17.1
2026-08-04T10:12:12.184526,2217,0.334,0.008,0.000,14.2
2026-08-04T10:12:12.210975,2218,0.335,0.009,0.000,38.6
2026-08-04T10:12:12.246943,2219,0.335,0.011,0.000,27.9
2026-08-04T10:12:12.346699,2220,0.336,0.011,0.000,10.0
2026-08-04T10:12:12.357240,2221,0.333,0.010,0.000,99.5
2026-08-04T10:12:12.414182,2222,0.256,0.012,0.000,17.6
2026-08-04T10:12:12.481372,2223,0.180,0.009,0.000,14.9
2026-08-04T10:12:12.491097,2224,0.143,0.010,0.000,106.3
2026-08-04T10:12:12.544162,2225,0.142,0.004,0.000,18.9
2026-08-04T10:12:12.621716,2226,0.152,0.001,0.000,12.9
2026-08-04T10:12:12.642414,2227,0.158,0.006,0.000,49.4
2026-08-04T10:12:12.680123,2228,0.179,0.006,0.000,26.6
2026-08-04T10:12:12.776773,2229,0.178,0.005,0.000,10.4
2026-08-04T10:12:12.785150,2230,0.171,0.005,0.000,122.9
2026-08-04T10:12:12.847801,2231,0.152,0.007,0.000,16.0
2026-08-04T10:12:12.912889,2232,0.130,0.007,0.000,15.4
2026-08-04T10:12:12.942484,2233,0.284,0.005,0.000,34.1
2026-08-04T10:12:12.977557,2234,0.318,0.006,0.000,28.7
2026-08-04T10:12:13.043080,2235,0.334,0.006,0.000,15.3
2026-08-04T10:12:13.050708,2236,0.336,0.009,0.000,135.5
2026-08-04T10:12:13.112286,2237,0.336,0.009,0.000,16.3
2026-08-04T10:12:13.212718,2238,0.335,0.010,0.000,10.0
2026-08-04T10:12:13.222449,2239,0.340,0.008,0.000,105.4
2026-08-04T10:12:13.276707,2240,0.343,0.009,0.000,18.5
2026-08-04T10:12:13.346567,2241,0.340,0.009,0.000,14.4
2026-08-04T10:12:13.376856,2242,0.333,0.007,0.000,33.3
2026-08-04T10:12:13.412987,2243,0.336,0.007,0.000,27.8
2026-08-04T10:12:13.508668,2244,0.336,0.009,0.000,10.5
2026-08-04T10:12:13.517206,2245,0.336,0.008,0.000,120.5
2026-08-04T10:12:13.574661,2246,0.331,0.008,0.000,17.5
2026-08-04T10:12:13.648607,2247,0.303,0.008,0.000,13.6
2026-08-04T10:12:13.658628,2248,0.295,0.009,0.000,103.3
2026-08-04T10:12:13.705759,2249,0.298,0.008,0.000,21.3
2026-08-04T10:12:13.781552,2250,0.300,0.009,0.000,13.2
2026-08-04T10:12:13.807083,2251,0.304,0.008,0.000,39.6
2026-08-04T10:12:13.842824,2252,0.307,0.008,0.000,28.2
2026-08-04T10:12:13.943384,2253,0.308,0.007,0.000,10.0
2026-08-04T10:12:13.952909,2254,0.303,0.006,0.000,108.8
2026-08-04T10:12:14.009876,2255,0.293,0.005,0.000,17.6
2026-08-04T10:12:14.079883,2256,0.273,0.005,0.000,14.3
2026-08-04T10:12:14.106515,2257,0.171,0.005,0.000,37.9
2026-08-04T10:12:14.138165,2258,0.162,0.007,0.000,31.9
2026-08-04T10:12:14.214417,2259,0.176,0.004,0.000,13.1
2026-08-04T10:12:14.224309,2260,0.176,0.004,0.000,104.0
2026-08-04T10:12:14.278523,2261,0.179,0.004,0.000,18.5
2026-08-04T10:12:14.377146,2262,0.192,0.006,0.000,10.2
2026-08-04T10:12:14.385644,2263,0.187,0.007,0.000,121.9
2026-08-04T10:12:14.439547,2264,0.186,0.006,0.000,18.6
2026-08-04T10:12:14.510101,2265,0.178,0.006,0.000,14.2
2026-08-04T10:12:14.538992,2266,0.169,0.006,0.000,34.9
2026-08-04T10:12:14.576394,2267,0.146,0.006,0.000,26.9
2026-08-04T10:12:14.672714,2268,0.149,0.005,0.000,10.4
2026-08-04T10:12:14.681357,2269,0.155,0.004,0.000,120.6
2026-08-04T10:12:14.742272,2270,0.239,0.005,0.000,16.5
2026-08-04T10:12:14.807639,2271,0.260,0.006,0.000,15.3
2026-08-04T10:12:14.816045,2272,0.281,0.008,0.000,122.6
2026-08-04T10:12:14.875946,2273,0.289,0.006,0.000,16.7
2026-08-04T10:12:14.939712,2274,0.298,0.004,0.000,15.7
2026-08-04T10:12:14.973453,2275,0.327,0.007,0.000,29.9
2026-08-04T10:12:15.009447,2276,0.335,0.008,0.000,28.0
2026-08-04T10:12:15.111774,2277,0.331,0.007,0.000,9.8
2026-08-04T10:12:15.122604,2278,0.330,0.006,0.000,94.6
2026-08-04T10:12:15.173878,2279,0.327,0.005,0.000,19.6
2026-08-04T10:12:15.249510,2280,0.322,0.008,0.000,13.3
2026-08-04T10:12:15.269635,2281,0.318,0.007,0.000,50.6
2026-08-04T10:12:15.301467,2282,0.321,0.009,0.000,31.6
2026-08-04T10:12:15.371653,2283,0.319,0.009,0.000,14.3
2026-08-04T10:12:15.380915,2284,0.311,0.010,0.000,110.9
2026-08-04T10:12:15.438104,2285,0.318,0.009,0.000,17.5
2026-08-04T10:12:15.541115,2286,0.317,0.007,0.000,9.7
2026-08-04T10:12:15.550304,2287,0.321,0.007,0.000,112.2
2026-08-04T10:12:15.603289,2288,0.337,0.007,0.000,18.9
2026-08-04T10:12:15.674799,2289,0.347,0.007,0.000,14.0
2026-08-04T10:12:15.703350,2290,0.350,0.009,0.000,35.4
2026-08-04T10:12:15.740496,2291,0.355,0.008,0.000,27.1
2026-08-04T10:12:15.840157,2292,0.356,0.009,0.000,10.1
2026-08-04T10:12:15.848944,2293,0.357,0.008,0.000,121.7
2026-08-04T10:12:15.902178,2294,0.361,0.007,0.000,18.9
2026-08-04T10:12:15.973564,2295,0.357,0.009,0.000,14.0
2026-08-04T10:12:15.982393,2296,0.358,0.008,0.000,119.4
2026-08-04T10:12:16.040741,2297,0.361,0.009,0.000,17.2
2026-08-04T10:12:16.110295,2298,0.364,0.010,0.000,14.5
2026-08-04T10:12:16.135041,2299,0.361,0.011,0.000,40.8
2026-08-04T10:12:16.169567,2300,0.351,0.012,0.000,29.1
2026-08-04T10:12:16.268569,2301,0.351,0.011,0.000,10.1
2026-08-04T10:12:16.279835,2302,0.349,0.009,0.000,90.8
2026-08-04T10:12:16.334383,2303,0.351,0.008,0.000,18.4
2026-08-04T10:12:16.412693,2304,0.350,0.009,0.000,12.8
2026-08-04T10:12:16.436281,2305,0.347,0.008,0.000,42.9
2026-08-04T10:12:16.466484,2306,0.346,0.006,0.000,33.3
2026-08-04T10:12:16.547197,2307,0.346,0.007,0.000,12.4
2026-08-04T10:12:16.556382,2308,0.343,0.006,0.000,114.7
2026-08-04T10:12:16.607063,2309,0.347,0.009,0.000,19.8
2026-08-04T10:12:16.706483,2310,0.348,0.009,0.000,10.1
2026-08-04T10:12:16.716640,2311,0.348,0.009,0.000,101.7
2026-08-04T10:12:16.766978,2312,0.348,0.010,0.000,19.9
2026-08-04T10:12:16.844211,2313,0.348,0.010,0.000,13.0
2026-08-04T10:12:16.867039,2314,0.346,0.010,0.000,44.4
2026-08-04T10:12:16.904762,2315,0.345,0.009,0.000,26.7
2026-08-04T10:12:17.000522,2316,0.344,0.010,0.000,10.5
2026-08-04T10:12:17.008458,2317,0.344,0.009,0.000,130.0
2026-08-04T10:12:17.070715,2318,0.343,0.008,0.000,16.1
2026-08-04T10:12:17.137205,2319,0.342,0.007,0.000,15.1
2026-08-04T10:12:17.149388,2320,0.347,0.011,0.000,85.5
2026-08-04T10:12:17.200937,2321,0.345,0.013,0.000,19.5
2026-08-04T10:12:17.271108,2322,0.340,0.011,0.000,14.3
2026-08-04T10:12:17.301773,2323,0.348,0.017,0.000,32.9
2026-08-04T10:12:17.337099,2324,0.341,0.013,0.000,28.6
2026-08-04T10:12:17.439824,2325,0.340,0.013,0.000,9.8
2026-08-04T10:12:17.449040,2326,0.346,0.012,0.000,114.3
2026-08-04T10:12:17.502451,2327,0.351,0.012,0.000,18.8
2026-08-04T10:12:17.576982,2328,0.351,0.010,0.000,13.5
2026-08-04T10:12:17.599994,2329,0.355,0.010,0.000,43.9
2026-08-04T10:12:17.634552,2330,0.351,0.012,0.000,29.1
2026-08-04T10:12:17.704187,2331,0.342,0.013,0.000,14.4
2026-08-04T10:12:17.711930,2332,0.343,0.014,0.000,133.9
2026-08-04T10:12:17.769704,2333,0.334,0.012,0.000,17.4
2026-08-04T10:12:17.870631,2334,0.338,0.007,0.000,9.9
2026-08-04T10:12:17.881008,2335,0.328,0.006,0.000,99.6
2026-08-04T10:12:17.932692,2336,0.332,0.008,0.000,19.4
2026-08-04T10:12:18.010783,2337,0.328,0.006,0.000,12.8
2026-08-04T10:12:18.030708,2338,0.331,0.007,0.000,50.9
2026-08-04T10:12:18.066857,2339,0.329,0.008,0.000,27.8
2026-08-04T10:12:18.168978,2340,0.330,0.009,0.000,9.8
2026-08-04T10:12:18.177859,2341,0.330,0.009,0.000,116.8
2026-08-04T10:12:18.233888,2342,0.332,0.009,0.000,17.9
2026-08-04T10:12:18.296916,2343,0.333,0.008,0.000,15.9
2026-08-04T10:12:18.307064,2344,0.330,0.008,0.000,104.2
2026-08-04T10:12:18.368633,2345,0.329,0.008,0.000,16.3
2026-08-04T10:12:18.440361,2346,0.330,0.008,0.000,14.0
2026-08-04T10:12:18.462856,2347,0.321,0.008,0.000,45.0
2026-08-04T10:12:18.505219,2348,0.279,0.008,0.000,23.7
2026-08-04T10:12:18.602498,2349,0.129,0.005,0.000,10.3
2026-08-04T10:12:18.613381,2350,0.146,0.005,0.000,94.2
2026-08-04T10:12:18.664884,2351,0.172,0.004,0.000,19.5
2026-08-04T10:12:18.737242,2352,0.154,0.005,0.000,13.9
2026-08-04T10:12:18.764074,2353,0.161,0.007,0.000,38.0
2026-08-04T10:12:18.798017,2354,0.155,0.005,0.000,29.7
2026-08-04T10:12:18.867038,2355,0.159,0.005,0.000,14.6
2026-08-04T10:12:18.876039,2356,0.168,0.003,0.000,115.0
2026-08-04T10:12:18.931665,2357,0.123,0.004,0.000,18.0
2026-08-04T10:12:19.033949,2358,0.271,0.003,0.000,9.8
2026-08-04T10:12:19.046755,2359,0.315,0.009,0.000,80.5
2026-08-04T10:12:19.095268,2360,0.336,0.006,0.000,20.8
2026-08-04T10:12:19.171160,2361,0.337,0.005,0.000,13.2
2026-08-04T10:12:19.194785,2362,0.337,0.007,0.000,42.9
2026-08-04T10:12:19.230772,2363,0.340,0.009,0.000,28.0
2026-08-04T10:12:19.334438,2364,0.340,0.010,0.000,9.7
2026-08-04T10:12:19.346690,2365,0.339,0.010,0.000,89.2
2026-08-04T10:12:19.400263,2366,0.340,0.011,0.000,18.8
2026-08-04T10:12:19.460004,2367,0.339,0.010,0.000,16.8
2026-08-04T10:12:19.467674,2368,0.332,0.010,0.000,134.7
2026-08-04T10:12:19.530590,2369,0.333,0.009,0.000,15.9
2026-08-04T10:12:19.608070,2370,0.332,0.009,0.000,12.9
2026-08-04T10:12:19.631881,2371,0.334,0.008,0.000,42.8
2026-08-04T10:12:19.667445,2372,0.332,0.009,0.000,28.5
2026-08-04T10:12:19.766802,2373,0.333,0.009,0.000,10.1
2026-08-04T10:12:19.777770,2374,0.316,0.011,0.000,94.3
2026-08-04T10:12:19.826319,2375,0.321,0.012,0.000,20.7
2026-08-04T10:12:19.898729,2376,0.324,0.012,0.000,13.9
2026-08-04T10:12:19.926990,2377,0.326,0.012,0.000,35.7
2026-08-04T10:12:19.958595,2378,0.325,0.012,0.000,31.9
2026-08-04T10:12:20.036796,2379,0.324,0.012,0.000,12.8
2026-08-04T10:12:20.046452,2380,0.325,0.012,0.000,106.5
2026-08-04T10:12:20.094969,2381,0.330,0.012,0.000,20.7
2026-08-04T10:12:20.204346,2382,0.333,0.010,0.000,9.2
2026-08-04T10:12:20.215010,2383,0.333,0.012,0.000,96.6
2026-08-04T10:12:20.259303,2384,0.334,0.013,0.000,22.7
2026-08-04T10:12:20.337294,2385,0.334,0.013,0.000,12.9
2026-08-04T10:12:20.358242,2386,0.333,0.011,0.000,48.5
2026-08-04T10:12:20.394438,2387,0.331,0.009,0.000,27.9
2026-08-04T10:12:20.505987,2388,0.324,0.010,0.000,9.0
2026-08-04T10:12:20.515895,2389,0.323,0.009,0.000,103.9
2026-08-04T10:12:20.560174,2390,0.324,0.008,0.000,22.7
2026-08-04T10:12:20.636313,2391,0.325,0.009,0.000,13.2
2026-08-04T10:12:20.646021,2392,0.322,0.010,0.000,105.9
2026-08-04T10:12:20.689285,2393,0.321,0.010,0.000,23.2
2026-08-04T10:12:20.764081,2394,0.323,0.009,0.000,13.4
2026-08-04T10:12:20.790696,2395,0.320,0.009,0.000,37.9
2026-08-04T10:12:20.829452,2396,0.318,0.009,0.000,25.9
2026-08-04T10:12:20.932024,2397,0.317,0.010,0.000,9.8
2026-08-04T10:12:20.941564,2398,0.320,0.011,0.000,108.8
2026-08-04T10:12:20.990818,2399,0.317,0.011,0.000,20.4
2026-08-04T10:12:21.083608,2400,0.317,0.011,0.000,10.8
2026-08-04T10:12:21.093851,2401,0.321,0.011,0.000,100.4
2026-08-04T10:12:21.122703,2402,0.324,0.010,0.000,34.9
2026-08-04T10:12:21.200216,2403,0.322,0.010,0.000,12.9
2026-08-04T10:12:21.209415,2404,0.328,0.011,0.000,112.0
2026-08-04T10:12:21.258775,2405,0.333,0.012,0.000,20.4
2026-08-04T10:12:21.361874,2406,0.336,0.011,0.000,9.7
2026-08-04T10:12:21.371166,2407,0.335,0.007,0.000,110.6
2026-08-04T10:12:21.425153,2408,0.333,0.004,0.000,18.6
2026-08-04T10:12:21.497051,2409,0.337,0.004,0.000,13.9
2026-08-04T10:12:21.523523,2410,0.336,0.003,0.000,38.2
2026-08-04T10:12:21.560991,2411,0.337,0.005,0.000,26.9
2026-08-04T10:12:21.665239,2412,0.340,0.004,0.000,9.6
2026-08-04T10:12:21.673741,2413,0.338,0.005,0.000,121.4
2026-08-04T10:12:21.724768,2414,0.338,0.005,0.000,19.7
2026-08-04T10:12:21.789815,2415,0.337,0.005,0.000,15.4
2026-08-04T10:12:21.797280,2416,0.336,0.006,0.000,139.3
2026-08-04T10:12:21.859888,2417,0.337,0.005,0.000,16.0
2026-08-04T10:12:21.922634,2418,0.340,0.004,0.000,16.0
2026-08-04T10:12:21.957390,2419,0.341,0.003,0.000,29.0
2026-08-04T10:12:21.992581,2420,0.341,0.003,0.000,28.6
2026-08-04T10:12:22.085939,2421,0.343,0.002,0.000,10.7
2026-08-04T10:12:22.093740,2422,0.344,0.003,0.000,132.6
2026-08-04T10:12:22.156811,2423,0.344,0.003,0.000,15.9
2026-08-04T10:12:22.222355,2424,0.345,0.004,0.000,15.3
2026-08-04T10:12:22.256667,2425,0.345,0.004,0.000,29.4
2026-08-04T10:12:22.289968,2426,0.344,0.004,0.000,30.2
2026-08-04T10:12:22.359585,2427,0.345,0.004,0.000,14.4
2026-08-04T10:12:22.371122,2428,0.345,0.004,0.000,88.5
2026-08-04T10:12:22.425145,2429,0.346,0.004,0.000,18.6
2026-08-04T10:12:22.518497,2430,0.342,0.003,0.000,10.7
2026-08-04T10:12:22.526652,2431,0.339,0.004,0.000,126.4
2026-08-04T10:12:22.588682,2432,0.340,0.005,0.000,16.2
2026-08-04T10:12:22.660664,2433,0.341,0.004,0.000,13.9
2026-08-04T10:12:22.687094,2434,0.341,0.004,0.000,38.2
2026-08-04T10:12:22.724042,2435,0.342,0.005,0.000,27.2
2026-08-04T10:12:22.826359,2436,0.342,0.005,0.000,9.8
2026-08-04T10:12:22.836140,2437,0.341,0.005,0.000,105.2
2026-08-04T10:12:22.888800,2438,0.342,0.005,0.000,19.1
2026-08-04T10:12:22.954694,2439,0.342,0.005,0.000,15.2
2026-08-04T10:12:22.964554,2440,0.342,0.006,0.000,104.4
2026-08-04T10:12:23.020771,2441,0.341,0.005,0.000,17.9
2026-08-04T10:12:23.087414,2442,0.342,0.005,0.000,15.1
2026-08-04T10:12:23.122472,2443,0.344,0.005,0.000,28.7
2026-08-04T10:12:23.156684,2444,0.344,0.005,0.000,29.5
2026-08-04T10:12:23.265735,2445,0.345,0.006,0.000,9.2
2026-08-04T10:12:23.275275,2446,0.344,0.006,0.000,108.2
2026-08-04T10:12:23.319830,2447,0.340,0.007,0.000,22.6
2026-08-04T10:12:23.402327,2448,0.336,0.007,0.000,12.2
2026-08-04T10:12:23.419201,2449,0.329,0.007,0.000,60.9
2026-08-04T10:12:23.450473,2450,0.329,0.008,0.000,32.2
2026-08-04T10:12:23.518778,2451,0.325,0.007,0.000,14.7
2026-08-04T10:12:23.527157,2452,0.327,0.008,0.000,123.5
2026-08-04T10:12:23.586608,2453,0.331,0.006,0.000,16.9
2026-08-04T10:12:23.688266,2454,0.324,0.008,0.000,9.9
2026-08-04T10:12:23.696117,2455,0.297,0.012,0.000,131.4
2026-08-04T10:12:23.751047,2456,0.121,0.003,0.000,18.3
2026-08-04T10:12:23.821063,2457,0.100,0.007,0.000,14.3
2026-08-04T10:12:23.852146,2458,0.104,0.002,0.000,32.4
2026-08-04T10:12:23.889849,2459,0.129,0.005,0.000,26.7
2026-08-04T10:12:23.987990,2460,0.158,0.010,0.000,10.2
2026-08-04T10:12:23.997241,2461,0.152,0.008,0.000,111.1
2026-08-04T10:12:24.054322,2462,0.167,0.008,0.000,17.6
2026-08-04T10:12:24.121253,2463,0.170,0.008,0.000,15.0
2026-08-04T10:12:24.132729,2464,0.173,0.007,0.000,89.1
2026-08-04T10:12:24.181647,2465,0.161,0.007,0.000,20.5
2026-08-04T10:12:24.254116,2466,0.168,0.008,0.000,13.8
2026-08-04T10:12:24.284031,2467,0.160,0.008,0.000,33.8
2026-08-04T10:12:24.322343,2468,0.186,0.009,0.000,26.2
2026-08-04T10:12:24.418497,2469,0.294,0.011,0.000,10.4
2026-08-04T10:12:24.427761,2470,0.311,0.011,0.000,111.0
2026-08-04T10:12:24.485489,2471,0.317,0.011,0.000,17.4
2026-08-04T10:12:24.551356,2472,0.309,0.011,0.000,15.2
2026-08-04T10:12:24.585039,2473,0.309,0.010,0.000,29.9
2026-08-04T10:12:24.619157,2474,0.318,0.010,0.000,29.5
2026-08-04T10:12:24.702685,2475,0.322,0.011,0.000,12.0
2026-08-04T10:12:24.715036,2476,0.338,0.016,0.000,83.2
2026-08-04T10:12:24.751048,2477,0.341,0.013,0.000,28.2
2026-08-04T10:12:24.853941,2478,0.346,0.014,0.000,9.7
2026-08-04T10:12:24.863681,2479,0.348,0.013,0.000,105.9
2026-08-04T10:12:24.916063,2480,0.349,0.012,0.000,19.2
2026-08-04T10:12:24.985617,2481,0.348,0.012,0.000,14.4
2026-08-04T10:12:25.015116,2482,0.339,0.013,0.000,34.2
2026-08-04T10:12:25.052086,2483,0.339,0.013,0.000,27.2
2026-08-04T10:12:25.155586,2484,0.335,0.012,0.000,9.7
2026-08-04T10:12:25.165716,2485,0.333,0.012,0.000,101.0
2026-08-04T10:12:25.218303,2486,0.335,0.011,0.000,19.1
2026-08-04T10:12:25.285756,2487,0.335,0.012,0.000,14.9
2026-08-04T10:12:25.294583,2488,0.329,0.014,0.000,116.8
2026-08-04T10:12:25.349340,2489,0.328,0.012,0.000,18.3
2026-08-04T10:12:25.427004,2490,0.334,0.013,0.000,12.9
2026-08-04T10:12:25.447367,2491,0.334,0.017,0.000,50.3
2026-08-04T10:12:25.484616,2492,0.337,0.013,0.000,27.0
2026-08-04T10:12:25.580047,2493,0.337,0.013,0.000,10.5
2026-08-04T10:12:25.588839,2494,0.338,0.013,0.000,117.7
2026-08-04T10:12:25.646953,2495,0.335,0.011,0.000,17.3
2026-08-04T10:12:25.726090,2496,0.334,0.012,0.000,12.7
2026-08-04T10:12:25.746045,2497,0.337,0.013,0.000,50.7
2026-08-04T10:12:25.781219,2498,0.336,0.013,0.000,28.6
2026-08-04T10:12:25.848473,2499,0.338,0.013,0.000,14.9
2026-08-04T10:12:25.860627,2500,0.335,0.012,0.000,84.5
2026-08-04T10:12:25.918439,2501,0.334,0.013,0.000,17.4
2026-08-04T10:12:26.013318,2502,0.339,0.011,0.000,10.6
2026-08-04T10:12:26.020957,2503,0.344,0.012,0.000,135.1
2026-08-04T10:12:26.081270,2504,0.348,0.011,0.000,16.6
2026-08-04T10:12:26.150066,2505,0.349,0.010,0.000,14.6
2026-08-04T10:12:26.178954,2506,0.347,0.009,0.000,34.9
2026-08-04T10:12:26.216233,2507,0.348,0.008,0.000,27.0
2026-08-04T10:12:26.316591,2508,0.352,0.010,0.000,10.0
2026-08-04T10:12:26.324962,2509,0.349,0.009,0.000,122.9
2026-08-04T10:12:26.382792,2510,0.346,0.010,0.000,17.4
2026-08-04T10:12:26.445861,2511,0.348,0.009,0.000,15.9
2026-08-04T10:12:26.454867,2512,0.346,0.009,0.000,114.2
2026-08-04T10:12:26.514064,2513,0.347,0.010,0.000,17.0
2026-08-04T10:12:26.580829,2514,0.346,0.010,0.000,15.0
2026-08-04T10:12:26.613177,2515,0.347,0.010,0.000,31.2
2026-08-04T10:12:26.647849,2516,0.348,0.010,0.000,29.0
2026-08-04T10:12:26.748470,2517,0.348,0.011,0.000,10.0
2026-08-04T10:12:26.758059,2518,0.349,0.011,0.000,107.5
2026-08-04T10:12:26.814453,2519,0.346,0.011,0.000,17.8
2026-08-04T10:12:26.888985,2520,0.344,0.010,0.000,13.5
2026-08-04T10:12:26.910902,2521,0.343,0.011,0.000,46.3
2026-08-04T10:12:26.942454,2522,0.343,0.010,0.000,31.9
2026-08-04T10:12:27.018132,2523,0.340,0.010,0.000,13.2
2026-08-04T10:12:27.030117,2524,0.340,0.010,0.000,86.4
2026-08-04T10:12:27.078238,2525,0.339,0.009,0.000,20.9
2026-08-04T10:12:27.182211,2526,0.328,0.010,0.000,9.6
2026-08-04T10:12:27.190880,2527,0.325,0.009,0.000,119.2
2026-08-04T10:12:27.245564,2528,0.318,0.010,0.000,18.4
2026-08-04T10:12:27.322700,2529,0.314,0.008,0.000,13.0
2026-08-04T10:12:27.344551,2530,0.105,0.004,0.000,46.6
2026-08-04T10:12:27.383807,2531,0.078,0.004,0.000,25.6
2026-08-04T10:12:27.481181,2532,0.110,0.006,0.000,10.3
2026-08-04T10:12:27.491385,2533,0.136,0.001,0.000,100.4
2026-08-04T10:12:27.545094,2534,0.169,0.001,0.000,18.7
2026-08-04T10:12:27.613518,2535,0.198,0.006,0.000,14.7
2026-08-04T10:12:27.622544,2536,0.188,0.004,0.000,114.0
2026-08-04T10:12:27.677773,2537,0.194,0.006,0.000,18.2
2026-08-04T10:12:27.745279,2538,0.182,0.003,0.000,14.9
2026-08-04T10:12:27.777763,2539,0.142,0.003,0.000,31.0
2026-08-04T10:12:27.814456,2540,0.132,0.004,0.000,27.4
2026-08-04T10:12:27.907598,2541,0.297,0.005,0.000,10.8
2026-08-04T10:12:27.915576,2542,0.326,0.008,0.000,129.5
2026-08-04T10:12:27.977941,2543,0.330,0.010,0.000,16.1
2026-08-04T10:12:28.046726,2544,0.329,0.009,0.000,14.6
2026-08-04T10:12:28.078192,2545,0.329,0.009,0.000,32.0
2026-08-04T10:12:28.109034,2546,0.332,0.009,0.000,32.6
2026-08-04T10:12:28.181303,2547,0.336,0.009,0.000,13.9
2026-08-04T10:12:28.190802,2548,0.334,0.010,0.000,107.9
2026-08-04T10:12:28.244596,2549,0.337,0.010,0.000,18.7
2026-08-04T10:12:28.337921,2550,0.345,0.010,0.000,10.7
2026-08-04T10:12:28.346771,2551,0.345,0.010,0.000,116.1
2026-08-04T10:12:28.405966,2552,0.346,0.009,0.000,16.9
2026-08-04T10:12:28.478409,2553,0.341,0.011,0.000,13.9
2026-08-04T10:12:28.508816,2554,0.337,0.010,0.000,33.2
2026-08-04T10:12:28.545880,2555,0.331,0.010,0.000,27.1
2026-08-04T10:12:28.647632,2556,0.332,0.008,0.000,9.8
2026-08-04T10:12:28.657696,2557,0.328,0.008,0.000,102.1
2026-08-04T10:12:28.705701,2558,0.330,0.008,0.000,20.9
2026-08-04T10:12:28.770701,2559,0.328,0.008,0.000,15.4
2026-08-04T10:12:28.779303,2560,0.330,0.008,0.000,119.7
2026-08-04T10:12:28.842628,2561,0.330,0.008,0.000,15.8
2026-08-04T10:12:28.913577,2562,0.331,0.007,0.000,14.2
2026-08-04T10:12:28.938134,2563,0.329,0.007,0.000,41.1
2026-08-04T10:12:28.977319,2564,0.329,0.007,0.000,25.7
2026-08-04T10:12:29.079744,2565,0.329,0.006,0.000,9.8
2026-08-04T10:12:29.088455,2566,0.330,0.007,0.000,118.9
2026-08-04T10:12:29.139654,2567,0.331,0.009,0.000,19.7
2026-08-04T10:12:29.207786,2568,0.332,0.007,0.000,14.7
2026-08-04T10:12:29.241367,2569,0.336,0.007,0.000,30.0
2026-08-04T10:12:29.272072,2570,0.338,0.007,0.000,32.8
2026-08-04T10:12:29.340123,2571,0.338,0.006,0.000,14.7
2026-08-04T10:12:29.349087,2572,0.340,0.006,0.000,115.1
2026-08-04T10:12:29.407397,2573,0.341,0.006,0.000,17.2
2026-08-04T10:12:29.509063,2574,0.340,0.006,0.000,9.9
2026-08-04T10:12:29.517618,2575,0.344,0.006,0.000,120.7
2026-08-04T10:12:29.570548,2576,0.343,0.006,0.000,19.0
2026-08-04T10:12:29.643269,2577,0.341,0.006,0.000,13.8
2026-08-04T10:12:29.673164,2578,0.343,0.006,0.000,33.7
2026-08-04T10:12:29.711985,2579,0.343,0.006,0.000,26.0
2026-08-04T10:12:29.809833,2580,0.343,0.009,0.000,10.3
2026-08-04T10:12:29.818628,2581,0.343,0.007,0.000,117.0
2026-08-04T10:12:29.874766,2582,0.343,0.007,0.000,17.9
2026-08-04T10:12:29.938037,2583,0.343,0.007,0.000,15.9
2026-08-04T10:12:29.946739,2584,0.346,0.007,0.000,118.2
2026-08-04T10:12:30.002418,2585,0.344,0.007,0.000,18.0
2026-08-04T10:12:30.078298,2586,0.345,0.006,0.000,13.2
2026-08-04T10:12:30.102570,2587,0.346,0.008,0.000,41.6
2026-08-04T10:12:30.143420,2588,0.345,0.009,0.000,24.6
2026-08-04T10:12:30.241792,2589,0.344,0.008,0.000,10.2
2026-08-04T10:12:30.250293,2590,0.344,0.008,0.000,121.4
2026-08-04T10:12:30.306287,2591,0.344,0.006,0.000,17.9
2026-08-04T10:12:30.380850,2592,0.345,0.007,0.000,13.5
2026-08-04T10:12:30.403386,2593,0.342,0.007,0.000,45.3
2026-08-04T10:12:30.437017,2594,0.342,0.007,0.000,29.9
2026-08-04T10:12:30.511750,2595,0.342,0.007,0.000,13.4
2026-08-04T10:12:30.521274,2596,0.339,0.008,0.000,109.9
2026-08-04T10:12:30.572645,2597,0.341,0.008,0.000,19.5
2026-08-04T10:12:30.673549,2598,0.346,0.008,0.000,9.9
2026-08-04T10:12:30.682940,2599,0.344,0.008,0.000,109.5
2026-08-04T10:12:30.736800,2600,0.345,0.009,0.000,18.6
2026-08-04T10:12:30.811527,2601,0.345,0.009,0.000,13.4
2026-08-04T10:12:30.834091,2602,0.346,0.009,0.000,44.8
2026-08-04T10:12:30.870488,2603,0.344,0.009,0.000,27.7
2026-08-04T10:12:30.973338,2604,0.344,0.009,0.000,9.7
2026-08-04T10:12:30.982334,2605,0.344,0.008,0.000,115.3
2026-08-04T10:12:31.037458,2606,0.343,0.008,0.000,18.2
2026-08-04T10:12:31.106057,2607,0.343,0.008,0.000,14.6
2026-08-04T10:12:31.114529,2608,0.344,0.009,0.000,125.5
2026-08-04T10:12:31.169250,2609,0.343,0.008,0.000,18.3
2026-08-04T10:12:31.239828,2610,0.342,0.009,0.000,14.2
2026-08-04T10:12:31.267574,2611,0.342,0.009,0.000,36.6
2026-08-04T10:12:31.305383,2612,0.342,0.008,0.000,26.6
2026-08-04T10:12:31.402057,2613,0.344,0.008,0.000,10.4
2026-08-04T10:12:31.411819,2614,0.343,0.009,0.000,105.8
2026-08-04T10:12:31.467750,2615,0.343,0.009,0.000,17.9
2026-08-04T10:12:31.538963,2616,0.344,0.010,0.000,14.1
2026-08-04T10:12:31.567997,2617,0.344,0.009,0.000,34.7
2026-08-04T10:12:31.604104,2618,0.345,0.008,0.000,27.9
2026-08-04T10:12:31.667961,2619,0.343,0.008,0.000,15.8
2026-08-04T10:12:31.676384,2620,0.340,0.008,0.000,122.2
2026-08-04T10:12:31.737483,2621,0.341,0.007,0.000,16.4
2026-08-04T10:12:31.833227,2622,0.341,0.006,0.000,10.5
2026-08-04T10:12:31.841155,2623,0.340,0.006,0.000,130.1
2026-08-04T10:12:31.901040,2624,0.338,0.006,0.000,16.7
2026-08-04T10:12:31.967547,2625,0.337,0.006,0.000,15.1
2026-08-04T10:12:32.000589,2626,0.195,0.006,0.000,30.5
2026-08-04T10:12:32.037803,2627,0.122,0.007,0.000,27.0
2026-08-04T10:12:32.145139,2628,0.100,0.006,0.000,9.3
2026-08-04T10:12:32.153005,2629,0.109,0.006,0.000,131.4
2026-08-04T10:12:32.199404,2630,0.186,0.006,0.000,21.6
2026-08-04T10:12:32.267779,2631,0.230,0.004,0.000,14.7
2026-08-04T10:12:32.276587,2632,0.260,0.005,0.000,117.4
2026-08-04T10:12:32.331358,2633,0.290,0.005,0.000,18.3
2026-08-04T10:12:32.400913,2634,0.295,0.005,0.000,14.4
2026-08-04T10:12:32.430681,2635,0.301,0.007,0.000,33.9
2026-08-04T10:12:32.466300,2636,0.305,0.013,0.000,28.2
2026-08-04T10:12:32.569070,2637,0.296,0.008,0.000,9.8
2026-08-04T10:12:32.578246,2638,0.298,0.008,0.000,112.4
2026-08-04T10:12:32.631315,2639,0.290,0.009,0.000,18.9
2026-08-04T10:12:32.704425,2640,0.290,0.014,0.000,13.7
2026-08-04T10:12:32.730312,2641,0.295,0.010,0.000,39.1
2026-08-04T10:12:32.762592,2642,0.291,0.011,0.000,31.2
2026-08-04T10:12:32.840656,2643,0.292,0.011,0.000,12.8
2026-08-04T10:12:32.849941,2644,0.289,0.011,0.000,111.5
2026-08-04T10:12:32.900447,2645,0.296,0.010,0.000,19.9
2026-08-04T10:12:32.997750,2646,0.298,0.010,0.000,10.3
2026-08-04T10:12:33.006199,2647,0.298,0.010,0.000,122.3
2026-08-04T10:12:33.065027,2648,0.299,0.010,0.000,17.1
2026-08-04T10:12:33.141178,2649,0.298,0.010,0.000,13.2
2026-08-04T10:12:33.162088,2650,0.299,0.009,0.000,48.7
2026-08-04T10:12:33.200102,2651,0.298,0.016,0.000,26.4
2026-08-04T10:12:33.305888,2652,0.299,0.010,0.000,9.5
2026-08-04T10:12:33.317133,2653,0.299,0.009,0.000,94.3
2026-08-04T10:12:33.368965,2654,0.297,0.010,0.000,19.4
2026-08-04T10:12:33.435061,2655,0.292,0.007,0.000,15.2
2026-08-04T10:12:33.444929,2656,0.289,0.007,0.000,107.9
2026-08-04T10:12:33.497155,2657,0.297,0.007,0.000,19.3
2026-08-04T10:12:33.577024,2658,0.302,0.011,0.000,12.6
2026-08-04T10:12:33.595687,2659,0.307,0.011,0.000,55.2
2026-08-04T10:12:33.632010,2660,0.313,0.008,0.000,27.7
2026-08-04T10:12:33.732364,2661,0.317,0.008,0.000,10.0
2026-08-04T10:12:33.741713,2662,0.292,0.005,0.000,110.0
2026-08-04T10:12:33.798253,2663,0.154,0.003,0.000,17.7
2026-08-04T10:12:33.870925,2664,0.154,0.001,0.000,13.8
2026-08-04T10:12:33.896511,2665,0.161,0.004,0.000,39.8
2026-08-04T10:12:33.930158,2666,0.163,0.002,0.000,29.9
2026-08-04T10:12:33.998595,2667,0.172,0.005,0.000,14.7
2026-08-04T10:12:34.007482,2668,0.188,0.007,0.000,116.1
2026-08-04T10:12:34.065393,2669,0.177,0.009,0.000,17.3
2026-08-04T10:12:34.164759,2670,0.191,0.007,0.000,10.1
2026-08-04T10:12:34.173061,2671,0.176,0.007,0.000,124.0
2026-08-04T10:12:34.228920,2672,0.153,0.004,0.000,18.0
2026-08-04T10:12:34.303366,2673,0.154,0.002,0.000,13.5
2026-08-04T10:12:34.327284,2674,0.164,0.003,0.000,42.3
2026-08-04T10:12:34.364896,2675,0.171,0.004,0.000,26.7
2026-08-04T10:12:34.467147,2676,0.170,0.002,0.000,9.8
2026-08-04T10:12:34.476503,2677,0.179,0.004,0.000,110.0
2026-08-04T10:12:34.528836,2678,0.183,0.003,0.000,19.2
2026-08-04T10:12:34.602345,2679,0.174,0.002,0.000,13.6
2026-08-04T10:12:34.616909,2680,0.174,0.003,0.000,70.1
2026-08-04T10:12:34.659524,2681,0.153,0.005,0.000,23.6
2026-08-04T10:12:34.728891,2682,0.161,0.003,0.000,14.5
2026-08-04T10:12:34.761690,2683,0.171,0.013,0.000,30.7
2026-08-04T10:12:34.798297,2684,0.168,0.018,0.000,27.5
2026-08-04T10:12:34.897582,2685,0.165,0.022,0.000,10.1
2026-08-04T10:12:34.906117,2686,0.165,0.010,0.000,121.1
2026-08-04T10:12:34.960450,2687,0.159,0.010,0.000,18.5
2026-08-04T10:12:35.028083,2688,0.169,0.012,0.000,14.8
2026-08-04T10:12:35.060453,2689,0.174,0.014,0.000,31.2
2026-08-04T10:12:35.093101,2690,0.171,0.014,0.000,30.9
2026-08-04T10:12:35.166905,2691,0.177,0.012,0.000,13.6
2026-08-04T10:12:35.175135,2692,0.176,0.012,0.000,125.7
2026-08-04T10:12:35.229293,2693,0.182,0.014,0.000,18.5
2026-08-04T10:12:35.324382,2694,0.177,0.011,0.000,10.5
2026-08-04T10:12:35.332916,2695,0.173,0.010,0.000,120.7
2026-08-04T10:12:35.395048,2696,0.176,0.006,0.000,16.1
2026-08-04T10:12:35.462698,2697,0.178,0.006,0.000,14.8
2026-08-04T10:12:35.492995,2698,0.161,0.002,0.000,33.3
2026-08-04T10:12:35.529989,2699,0.163,0.004,0.000,27.2
2026-08-04T10:12:35.630573,2700,0.153,0.005,0.000,10.0
2026-08-04T10:12:35.641880,2701,0.160,0.006,0.000,90.5
2026-08-04T10:12:35.693393,2702,0.167,0.003,0.000,19.5
2026-08-04T10:12:35.760590,2703,0.166,0.003,0.000,14.9
2026-08-04T10:12:35.772810,2704,0.168,0.003,0.000,83.6
2026-08-04T10:12:35.824541,2705,0.164,0.002,0.000,19.4
2026-08-04T10:12:35.899764,2706,0.163,0.001,0.000,13.3
2026-08-04T10:12:35.922048,2707,0.167,0.002,0.000,45.4
2026-08-04T10:12:35.961241,2708,0.170,0.003,0.000,25.6
2026-08-04T10:12:36.057244,2709,0.164,0.005,0.000,10.4
2026-08-04T10:12:36.065404,2710,0.162,0.005,0.000,127.1
2026-08-04T10:12:36.127928,2711,0.169,0.002,0.000,16.0
2026-08-04T10:12:36.201612,2712,0.166,0.002,0.000,13.6
2026-08-04T10:12:36.223013,2713,0.181,0.002,0.000,47.4
2026-08-04T10:12:36.256972,2714,0.181,0.001,0.000,29.8
2026-08-04T10:12:36.328844,2715,0.179,0.003,0.000,14.0
2026-08-04T10:12:36.337622,2716,0.172,0.003,0.000,117.3
2026-08-04T10:12:36.395056,2717,0.163,0.003,0.000,17.5
2026-08-04T10:12:36.486796,2718,0.163,0.002,0.000,10.9
2026-08-04T10:12:36.495916,2719,0.164,0.002,0.000,113.3
2026-08-04T10:12:36.557145,2720,0.172,0.002,0.000,16.4
2026-08-04T10:12:36.628975,2721,0.173,0.001,0.000,14.0
2026-08-04T10:12:36.657306,2722,0.187,0.001,0.000,35.7
2026-08-04T10:12:36.693594,2723,0.189,0.002,0.000,27.8
2026-08-04T10:12:36.786929,2724,0.217,0.002,0.000,10.7
2026-08-04T10:12:36.795868,2725,0.231,0.005,0.000,115.3
2026-08-04T10:12:36.859272,2726,0.294,0.007,0.000,15.8
2026-08-04T10:12:36.922494,2727,0.299,0.009,0.000,15.9
2026-08-04T10:12:36.933782,2728,0.302,0.009,0.000,100.9
2026-08-04T10:12:36.989479,2729,0.309,0.009,0.000,18.0
2026-08-04T10:12:37.055732,2730,0.308,0.010,0.000,15.2
2026-08-04T10:12:37.088585,2731,0.304,0.015,0.000,30.7
2026-08-04T10:12:37.122980,2732,0.305,0.013,0.000,29.3
2026-08-04T10:12:37.229382,2733,0.312,0.012,0.000,9.4
2026-08-04T10:12:37.238856,2734,0.306,0.010,0.000,108.9
2026-08-04T10:12:37.288827,2735,0.308,0.009,0.000,20.1
2026-08-04T10:12:37.354890,2736,0.310,0.009,0.000,15.2
2026-08-04T10:12:37.387496,2737,0.294,0.008,0.000,31.1
2026-08-04T10:12:37.420636,2738,0.295,0.007,0.000,30.5
2026-08-04T10:12:37.488760,2739,0.300,0.007,0.000,14.7
2026-08-04T10:12:37.497214,2740,0.304,0.009,0.000,122.0
2026-08-04T10:12:37.557756,2741,0.314,0.009,0.000,16.6
2026-08-04T10:12:37.659074,2742,0.313,0.009,0.000,9.9
2026-08-04T10:12:37.667688,2743,0.318,0.009,0.000,120.9
2026-08-04T10:12:37.722233,2744,0.316,0.009,0.000,18.4
2026-08-04T10:12:37.788152,2745,0.316,0.008,0.000,15.2
2026-08-04T10:12:37.821011,2746,0.315,0.007,0.000,30.7
2026-08-04T10:12:37.856640,2747,0.315,0.007,0.000,28.2
2026-08-04T10:12:37.950051,2748,0.310,0.007,0.000,10.7
2026-08-04T10:12:37.958349,2749,0.236,0.007,0.000,124.7
2026-08-04T10:12:38.019923,2750,0.103,0.007,0.000,16.3
2026-08-04T10:12:38.085285,2751,0.112,0.007,0.000,15.3
2026-08-04T10:12:38.093402,2752,0.119,0.008,0.000,127.4
2026-08-04T10:12:38.152854,2753,0.139,0.002,0.000,16.9
2026-08-04T10:12:38.220591,2754,0.140,0.003,0.000,14.8
2026-08-04T10:12:38.254012,2755,0.148,0.002,0.000,30.2
2026-08-04T10:12:38.289368,2756,0.156,0.002,0.000,28.4
2026-08-04T10:12:38.392376,2757,0.157,0.003,0.000,9.7
2026-08-04T10:12:38.401161,2758,0.148,0.003,0.000,117.5
2026-08-04T10:12:38.453418,2759,0.149,0.004,0.000,19.2
2026-08-04T10:12:38.519200,2760,0.160,0.003,0.000,15.3
2026-08-04T10:12:38.553520,2761,0.157,0.003,0.000,29.4
2026-08-04T10:12:38.585377,2762,0.156,0.002,0.000,31.7
2026-08-04T10:12:38.654670,2763,0.150,0.002,0.000,14.5
2026-08-04T10:12:38.663180,2764,0.149,0.002,0.000,122.3
2026-08-04T10:12:38.720094,2765,0.162,0.001,0.000,17.6
2026-08-04T10:12:38.815415,2766,0.167,0.005,0.000,10.5
2026-08-04T10:12:38.823339,2767,0.153,0.010,0.000,130.5
2026-08-04T10:12:38.887251,2768,0.169,0.006,0.000,15.7
2026-08-04T10:12:38.955302,2769,0.183,0.005,0.000,14.8
2026-08-04T10:12:38.985501,2770,0.157,0.003,0.000,33.7
2026-08-04T10:12:39.018168,2771,0.165,0.002,0.000,30.8
2026-08-04T10:12:39.118277,2772,0.221,0.002,0.000,10.0
2026-08-04T10:12:39.130815,2773,0.250,0.002,0.000,81.5
2026-08-04T10:12:39.185454,2774,0.278,0.003,0.000,18.4
2026-08-04T10:12:39.247861,2775,0.285,0.001,0.000,16.1
2026-08-04T10:12:39.255612,2776,0.296,0.002,0.000,133.6
2026-08-04T10:12:39.317870,2777,0.299,0.002,0.000,16.1
2026-08-04T10:12:39.395377,2778,0.297,0.002,0.000,13.0
2026-08-04T10:12:39.414574,2779,0.311,0.001,0.000,52.8
2026-08-04T10:12:39.453251,2780,0.311,0.002,0.000,26.1
2026-08-04T10:12:39.547963,2781,0.318,0.002,0.000,10.6
2026-08-04T10:12:39.556230,2782,0.314,0.007,0.000,126.5
2026-08-04T10:12:39.620308,2783,0.311,0.006,0.000,15.7
2026-08-04T10:12:39.682811,2784,0.313,0.005,0.000,16.1
2026-08-04T10:12:39.718223,2785,0.313,0.006,0.000,28.5
2026-08-04T10:12:39.749661,2786,0.316,0.007,0.000,32.1
2026-08-04T10:12:39.816170,2787,0.323,0.007,0.000,15.1
2026-08-04T10:12:39.823771,2788,0.326,0.006,0.000,137.3
2026-08-04T10:12:39.887432,2789,0.320,0.007,0.000,15.8
2026-08-04T10:12:39.980399,2790,0.320,0.007,0.000,10.8
2026-08-04T10:12:39.992465,2791,0.319,0.006,0.000,85.0
2026-08-04T10:12:40.050710,2792,0.321,0.005,0.000,17.3
2026-08-04T10:12:40.123725,2793,0.319,0.005,0.000,13.7
2026-08-04T10:12:40.147021,2794,0.309,0.006,0.000,43.6
2026-08-04T10:12:40.182411,2795,0.310,0.006,0.000,28.4
2026-08-04T10:12:40.291292,2796,0.312,0.005,0.000,9.2
2026-08-04T10:12:40.303267,2797,0.320,0.004,0.000,85.8
2026-08-04T10:12:40.347151,2798,0.322,0.008,0.000,22.9
2026-08-04T10:12:40.424351,2799,0.328,0.009,0.000,13.0
2026-08-04T10:12:40.434073,2800,0.330,0.006,0.000,107.1
2026-08-04T10:12:40.481717,2801,0.328,0.007,0.000,21.1
2026-08-04T10:12:40.557562,2802,0.328,0.008,0.000,13.2
2026-08-04T10:12:40.579796,2803,0.327,0.008,0.000,45.6
2026-08-04T10:12:40.616140,2804,0.327,0.008,0.000,27.7
2026-08-04T10:12:40.724076,2805,0.328,0.008,0.000,9.3
2026-08-04T10:12:40.734147,2806,0.331,0.006,0.000,102.7
2026-08-04T10:12:40.779318,2807,0.331,0.009,0.000,22.3
2026-08-04T10:12:40.854507,2808,0.330,0.009,0.000,13.3
2026-08-04T10:12:40.878758,2809,0.340,0.009,0.000,41.9
2026-08-04T10:12:40.912077,2810,0.341,0.008,0.000,30.2
2026-08-04T10:12:40.987104,2811,0.342,0.009,0.000,13.4
2026-08-04T10:12:40.996289,2812,0.340,0.011,0.000,113.2
2026-08-04T10:12:41.049012,2813,0.341,0.012,0.000,19.0
2026-08-04T10:12:41.154363,2814,0.335,0.010,0.000,9.5
2026-08-04T10:12:41.164295,2815,0.340,0.010,0.000,103.6
2026-08-04T10:12:41.212711,2816,0.340,0.009,0.000,20.8
2026-08-04T10:12:41.292805,2817,0.343,0.008,0.301,12.5
2026-08-04T10:12:41.311234,2818,0.338,0.011,0.301,55.6
2026-08-04T10:12:41.347650,2819,0.336,0.009,0.301,27.7
2026-08-04T10:12:41.453227,2820,0.341,0.012,0.304,9.5
2026-08-04T10:12:41.462374,2821,0.337,0.011,0.304,113.0
2026-08-04T10:12:41.513124,2822,0.327,0.010,0.304,19.8
2026-08-04T10:12:41.585834,2823,0.327,0.009,0.336,13.8
2026-08-04T10:12:41.595080,2824,0.327,0.008,0.336,112.1
2026-08-04T10:12:41.642677,2825,0.335,0.007,0.336,21.2
2026-08-04T10:12:41.719206,2826,0.328,0.007,0.000,13.1
2026-08-04T10:12:41.743553,2827,0.261,0.009,0.000,41.5
2026-08-04T10:12:41.780263,2828,0.091,0.007,0.000,27.4
2026-08-04T10:12:41.884549,2829,0.111,0.010,0.000,9.6
2026-08-04T10:12:41.894065,2830,0.169,0.012,0.000,108.6
2026-08-04T10:12:41.945303,2831,0.242,0.009,0.000,19.7
2026-08-04T10:12:42.018431,2832,0.264,0.009,0.000,13.7
2026-08-04T10:12:42.043818,2833,0.291,0.012,0.000,39.8
2026-08-04T10:12:42.079098,2834,0.285,0.012,0.000,28.5
2026-08-04T10:12:42.150339,2835,0.285,0.012,0.000,14.1
2026-08-04T10:12:42.159534,2836,0.285,0.012,0.000,112.2
2026-08-04T10:12:42.212692,2837,0.294,0.011,0.000,18.9
2026-08-04T10:12:42.313347,2838,0.307,0.010,0.000,10.0
2026-08-04T10:12:42.322115,2839,0.312,0.010,0.000,118.1
2026-08-04T10:12:42.376492,2840,0.313,0.008,0.000,18.5
2026-08-04T10:12:42.453694,2841,0.315,0.009,0.000,13.0
2026-08-04T10:12:42.474608,2842,0.318,0.012,0.000,48.5
2026-08-04T10:12:42.512047,2843,0.319,0.016,0.000,26.9
2026-08-04T10:12:42.621900,2844,0.326,0.015,0.000,9.1
2026-08-04T10:12:42.631608,2845,0.333,0.014,0.000,106.1
2026-08-04T10:12:42.676122,2846,0.334,0.011,0.000,22.6
2026-08-04T10:12:42.749525,2847,0.333,0.009,0.000,13.7
2026-08-04T10:12:42.759955,2848,0.330,0.009,0.000,101.1
2026-08-04T10:12:42.808779,2849,0.331,0.009,0.000,20.6
2026-08-04T10:12:42.880749,2850,0.330,0.009,0.000,13.9
2026-08-04T10:12:42.907010,2851,0.325,0.009,0.000,39.2
2026-08-04T10:12:42.942843,2852,0.269,0.009,0.000,28.1
2026-08-04T10:12:43.046415,2853,0.053,0.009,0.000,9.7
2026-08-04T10:12:43.059367,2854,0.085,0.011,0.000,79.8
2026-08-04T10:12:43.107797,2855,0.137,0.011,0.000,20.8
2026-08-04T10:12:43.185528,2856,0.189,0.010,0.000,12.9
2026-08-04T10:12:43.206468,2857,0.271,0.008,0.000,48.6
2026-08-04T10:12:43.238874,2858,0.286,0.009,0.000,31.3
2026-08-04T10:12:43.313996,2859,0.294,0.011,0.000,13.4
2026-08-04T10:12:43.323077,2860,0.300,0.011,0.000,115.4
2026-08-04T10:12:43.375172,2861,0.298,0.010,0.000,19.3
2026-08-04T10:12:43.480082,2862,0.311,0.011,0.000,9.6
2026-08-04T10:12:43.489047,2863,0.311,0.010,0.000,117.2
2026-08-04T10:12:43.539414,2864,0.314,0.010,0.000,20.0
2026-08-04T10:12:43.616660,2865,0.317,0.011,0.000,13.0
2026-08-04T10:12:43.639079,2866,0.322,0.009,0.000,45.4
2026-08-04T10:12:43.674983,2867,0.321,0.009,0.000,28.0
2026-08-04T10:12:43.779577,2868,0.322,0.010,0.000,9.6
2026-08-04T10:12:43.788731,2869,0.321,0.010,0.000,113.3
2026-08-04T10:12:43.840104,2870,0.321,0.012,0.000,19.5
2026-08-04T10:12:43.913080,2871,0.323,0.011,0.000,13.8
2026-08-04T10:12:43.922084,2872,0.327,0.011,0.000,114.7
2026-08-04T10:12:43.971936,2873,0.330,0.008,0.000,20.1
2026-08-04T10:12:44.045611,2874,0.327,0.008,0.000,13.7
2026-08-04T10:12:44.070327,2875,0.323,0.008,0.000,40.9
2026-08-04T10:12:44.108599,2876,0.326,0.009,0.000,26.3
2026-08-04T10:12:44.209940,2877,0.323,0.008,0.000,9.9
2026-08-04T10:12:44.218476,2878,0.323,0.009,0.000,121.6
2026-08-04T10:12:44.272499,2879,0.326,0.008,0.000,18.6
2026-08-04T10:12:44.348688,2880,0.326,0.009,0.000,13.2
2026-08-04T10:12:44.370695,2881,0.326,0.009,0.000,46.4
2026-08-04T10:12:44.403049,2882,0.325,0.010,0.000,31.1
2026-08-04T10:12:44.476460,2883,0.327,0.010,0.000,13.7
2026-08-04T10:12:44.486040,2884,0.326,0.009,0.000,107.3
2026-08-04T10:12:44.540592,2885,0.328,0.009,0.000,18.4
2026-08-04T10:12:44.643066,2886,0.328,0.010,0.000,9.8
2026-08-04T10:12:44.652985,2887,0.330,0.010,0.000,103.8
2026-08-04T10:12:44.705674,2888,0.330,0.010,0.000,19.1
2026-08-04T10:12:44.776118,2889,0.329,0.009,0.000,14.2
2026-08-04T10:12:44.802080,2890,0.329,0.009,0.000,39.1
2026-08-04T10:12:44.840066,2891,0.332,0.009,0.000,26.5
2026-08-04T10:12:44.942102,2892,0.332,0.010,0.000,9.8
2026-08-04T10:12:44.951047,2893,0.332,0.010,0.000,116.6
2026-08-04T10:12:45.003301,2894,0.273,0.010,0.000,19.2
2026-08-04T10:12:45.071612,2895,0.241,0.010,0.000,14.7
2026-08-04T10:12:45.081063,2896,0.241,0.011,0.000,109.2
2026-08-04T10:12:45.136916,2897,0.250,0.010,0.000,18.0
2026-08-04T10:12:45.218048,2898,0.255,0.009,0.000,12.4
2026-08-04T10:12:45.236477,2899,0.257,0.008,0.000,55.4
2026-08-04T10:12:45.270558,2900,0.269,0.007,0.000,29.6
2026-08-04T10:12:45.376119,2901,0.266,0.008,0.000,9.5
2026-08-04T10:12:45.385160,2902,0.273,0.009,0.000,116.4
2026-08-04T10:12:45.437095,2903,0.279,0.009,0.000,19.4
2026-08-04T10:12:45.505723,2904,0.281,0.010,0.000,14.6
2026-08-04T10:12:45.534189,2905,0.288,0.010,0.000,35.6
2026-08-04T10:12:45.568924,2906,0.292,0.008,0.000,29.0
2026-08-04T10:12:45.644303,2907,0.295,0.008,0.000,13.3
2026-08-04T10:12:45.653447,2908,0.304,0.007,0.000,113.5
2026-08-04T10:12:45.704662,2909,0.306,0.008,0.000,19.6
2026-08-04T10:12:45.806233,2910,0.196,0.005,0.000,9.9
2026-08-04T10:12:45.816125,2911,0.157,0.003,0.000,104.5
2026-08-04T10:12:45.868697,2912,0.195,0.002,0.000,19.1
2026-08-04T10:12:45.943176,2913,0.190,0.004,0.000,13.5
2026-08-04T10:12:45.967060,2914,0.183,0.002,0.000,42.5
2026-08-04T10:12:46.004572,2915,0.187,0.004,0.000,26.9
2026-08-04T10:12:46.104842,2916,0.192,0.006,0.000,10.0
2026-08-04T10:12:46.117298,2917,0.193,0.005,0.000,82.0
2026-08-04T10:12:46.169926,2918,0.194,0.001,0.000,19.2
2026-08-04T10:12:46.237571,2919,0.184,0.001,0.000,14.8
2026-08-04T10:12:46.245932,2920,0.196,0.002,0.000,125.4
2026-08-04T10:12:46.300275,2921,0.181,0.001,0.000,18.5
2026-08-04T10:12:46.371023,2922,0.169,0.001,0.000,14.2
2026-08-04T10:12:46.400171,2923,0.133,0.001,0.000,34.7
2026-08-04T10:12:46.435189,2924,0.149,0.001,0.000,28.7
2026-08-04T10:12:46.536206,2925,0.182,0.001,0.000,9.9
2026-08-04T10:12:46.545486,2926,0.229,0.001,0.000,111.3
2026-08-04T10:12:46.602028,2927,0.301,0.005,0.000,17.8
2026-08-04T10:12:46.672662,2928,0.329,0.001,0.000,14.2
2026-08-04T10:12:46.699361,2929,0.296,0.001,0.000,37.9
2026-08-04T10:12:46.732731,2930,0.285,0.002,0.000,30.2
2026-08-04T10:12:46.806324,2931,0.275,0.002,0.000,13.6
2026-08-04T10:12:46.815427,2932,0.258,0.002,0.000,113.9
2026-08-04T10:12:46.872738,2933,0.248,0.002,0.000,17.5
2026-08-04T10:12:46.967685,2934,0.237,0.002,0.000,10.6
2026-08-04T10:12:46.976859,2935,0.226,0.002,0.000,112.7
2026-08-04T10:12:47.032584,2936,0.228,0.002,0.000,18.0
2026-08-04T10:12:47.103921,2937,0.212,0.002,0.000,14.1
2026-08-04T10:12:47.130518,2938,0.192,0.001,0.000,38.1
