timestamp,frame_num,ear,mar,phone_confidence,fps
2026-08-03T17:23:40.908240,1,0.280,0.010,0.000,82.8
2026-08-03T17:23:41.032268,2,0.278,0.010,0.000,114.2
2026-08-03T17:23:41.151659,3,0.280,0.010,0.000,8.5
2026-08-03T17:23:41.161772,4,0.283,0.010,0.000,120.7
2026-08-03T17:23:41.223613,5,0.282,0.010,0.000,16.4
2026-08-03T17:23:41.287899,6,0.282,0.010,0.000,15.9
2026-08-03T17:23:41.297043,7,0.281,0.010,0.000,118.0
2026-08-03T17:23:41.356972,8,0.283,0.010,0.000,16.9
2026-08-03T17:23:41.418021,9,0.282,0.010,0.000,16.6
2026-08-03T17:23:41.430273,10,0.282,0.010,0.000,85.9
2026-08-03T17:23:41.486387,11,0.281,0.010,0.000,18.3
2026-08-03T17:23:41.558352,12,0.283,0.010,0.000,14.2
2026-08-03T17:23:41.584504,13,0.283,0.010,0.000,39.5
2026-08-03T17:23:41.624265,14,0.282,0.010,0.000,25.8
2026-08-03T17:23:41.718786,15,0.283,0.011,0.000,10.7
2026-08-03T17:23:41.727886,16,0.282,0.011,0.000,119.0
2026-08-03T17:23:41.787202,17,0.285,0.011,0.000,17.1
2026-08-03T17:23:41.851680,18,0.284,0.011,0.000,15.9
2026-08-03T17:23:41.888181,19,0.285,0.010,0.000,27.9
2026-08-03T17:23:41.919045,20,0.285,0.009,0.000,33.5
2026-08-03T17:23:41.983315,21,0.288,0.008,0.000,15.8
2026-08-03T17:23:41.991703,22,0.288,0.009,0.000,129.0
2026-08-03T17:23:42.055767,23,0.289,0.008,0.000,15.8
2026-08-03T17:23:42.148412,24,0.291,0.009,0.000,10.9
2026-08-03T17:23:42.157058,25,0.290,0.009,0.000,125.9
2026-08-03T17:23:42.218927,26,0.288,0.009,0.000,16.5
2026-08-03T17:23:42.293428,27,0.287,0.009,0.000,13.7
2026-08-03T17:23:42.316774,28,0.288,0.009,0.000,44.2
2026-08-03T17:23:42.355653,29,0.287,0.009,0.000,26.4
2026-08-03T17:23:42.451389,30,0.290,0.009,0.000,10.6
2026-08-03T17:23:42.461557,31,0.286,0.011,0.000,105.2
2026-08-03T17:23:42.519099,32,0.282,0.012,0.000,17.6
2026-08-03T17:23:42.585719,33,0.281,0.012,0.000,15.4
2026-08-03T17:23:42.595064,34,0.286,0.013,0.000,115.7
2026-08-03T17:23:42.651167,35,0.126,0.009,0.000,18.1
2026-08-03T17:23:42.716947,36,0.067,0.015,0.000,15.5
2026-08-03T17:23:42.751566,37,0.060,0.013,0.000,29.6
2026-08-03T17:23:42.788785,38,0.099,0.011,0.000,27.5
2026-08-03T17:23:42.881702,39,0.165,0.009,0.000,10.9
2026-08-03T17:23:42.890287,40,0.204,0.009,0.000,126.6
2026-08-03T17:23:42.953117,41,0.232,0.010,0.000,16.1
2026-08-03T17:23:43.016878,42,0.256,0.009,0.000,16.0
2026-08-03T17:23:43.051830,43,0.274,0.009,0.000,29.2
2026-08-03T17:23:43.084539,44,0.281,0.011,0.000,31.4
2026-08-03T17:23:43.147468,45,0.277,0.011,0.000,16.1
2026-08-03T17:23:43.156788,46,0.276,0.013,0.000,116.1
2026-08-03T17:23:43.219601,47,0.273,0.011,0.000,16.2
2026-08-03T17:23:43.313717,48,0.271,0.009,0.000,10.8
2026-08-03T17:23:43.323499,49,0.279,0.009,0.000,110.0
2026-08-03T17:23:43.382286,50,0.287,0.011,0.000,17.3
2026-08-03T17:23:43.448713,51,0.293,0.012,0.000,15.3
2026-08-03T17:23:43.484419,52,0.298,0.013,0.000,28.6
2026-08-03T17:23:43.520205,53,0.297,0.012,0.000,28.7
2026-08-03T17:23:43.613939,54,0.289,0.009,0.000,10.9
2026-08-03T17:23:43.624110,55,0.287,0.010,0.000,105.8
2026-08-03T17:23:43.684463,56,0.286,0.012,0.000,16.8
2026-08-03T17:23:43.751429,57,0.283,0.009,0.000,15.2
2026-08-03T17:23:43.760315,58,0.278,0.006,0.000,120.8
2026-08-03T17:23:43.816093,59,0.104,0.005,0.000,18.2
2026-08-03T17:23:43.882404,60,0.103,0.003,0.000,15.3
2026-08-03T17:23:43.915001,61,0.128,0.002,0.000,31.6
2026-08-03T17:23:43.950674,62,0.158,0.004,0.000,29.0
2026-08-03T17:23:44.045290,63,0.228,0.003,0.000,10.7
2026-08-03T17:23:44.057618,64,0.253,0.003,0.000,86.7
2026-08-03T17:23:44.115797,65,0.277,0.003,0.000,17.6
2026-08-03T17:23:44.180705,66,0.284,0.004,0.000,15.7
2026-08-03T17:23:44.216760,67,0.295,0.003,0.000,28.2
2026-08-03T17:23:44.247864,68,0.294,0.003,0.000,33.2
2026-08-03T17:23:44.315794,69,0.295,0.003,0.000,14.9
2026-08-03T17:23:44.324060,70,0.297,0.003,0.000,134.6
2026-08-03T17:23:44.383590,71,0.294,0.002,0.000,17.0
2026-08-03T17:23:44.478715,72,0.314,0.001,0.000,10.6
2026-08-03T17:23:44.487179,73,0.318,0.004,0.000,128.8
2026-08-03T17:23:44.548146,74,0.309,0.008,0.000,16.6
2026-08-03T17:23:44.625078,75,0.312,0.010,0.000,13.2
2026-08-03T17:23:44.644190,76,0.309,0.010,0.000,54.4
2026-08-03T17:23:44.680599,77,0.317,0.013,0.000,28.0
2026-08-03T17:23:44.782413,78,0.307,0.009,0.000,9.9
2026-08-03T17:23:44.791303,79,0.324,0.009,0.000,121.7
2026-08-03T17:23:44.847732,80,0.351,0.009,0.000,18.0
2026-08-03T17:23:44.915057,81,0.367,0.006,0.000,15.0
2026-08-03T17:23:44.924926,82,0.374,0.007,0.000,115.6
2026-08-03T17:23:44.979134,83,0.375,0.006,0.000,18.7
2026-08-03T17:23:45.051018,84,0.377,0.007,0.000,14.1
2026-08-03T17:23:45.076786,85,0.385,0.008,0.000,39.9
2026-08-03T17:23:45.114088,86,0.386,0.007,0.000,27.3
2026-08-03T17:23:45.212843,87,0.387,0.007,0.000,10.2
2026-08-03T17:23:45.223272,88,0.389,0.007,0.000,103.8
2026-08-03T17:23:45.279271,89,0.387,0.007,0.000,18.1
2026-08-03T17:23:45.351756,90,0.383,0.009,0.000,13.9
2026-08-03T17:23:45.376608,91,0.388,0.008,0.000,41.4
2026-08-03T17:23:45.410332,92,0.388,0.011,0.000,30.2
2026-08-03T17:23:45.483707,93,0.388,0.010,0.000,13.8
2026-08-03T17:23:45.493507,94,0.393,0.010,0.000,110.0
2026-08-03T17:23:45.548522,95,0.396,0.010,0.000,18.5
2026-08-03T17:23:45.643248,96,0.398,0.008,0.000,10.8
2026-08-03T17:23:45.652712,97,0.400,0.008,0.000,114.5
2026-08-03T17:23:45.711299,98,0.399,0.008,0.000,17.4
2026-08-03T17:23:45.782729,99,0.399,0.008,0.000,14.2
2026-08-03T17:23:45.810494,100,0.397,0.007,0.000,37.0
2026-08-03T17:23:45.848152,101,0.391,0.006,0.000,27.0
2026-08-03T17:23:45.944550,102,0.393,0.006,0.000,10.5
2026-08-03T17:23:45.953050,103,0.390,0.006,0.000,127.2
2026-08-03T17:23:46.013343,104,0.386,0.006,0.000,17.3
2026-08-03T17:23:46.076737,105,0.385,0.006,0.000,16.1
2026-08-03T17:23:46.085153,106,0.383,0.008,0.000,128.5
2026-08-03T17:23:46.143312,107,0.382,0.008,0.000,17.4
2026-08-03T17:23:46.213556,108,0.379,0.008,0.000,14.5
2026-08-03T17:23:46.242664,109,0.374,0.007,0.000,35.2
2026-08-03T17:23:46.280440,110,0.370,0.007,0.000,27.4
2026-08-03T17:23:46.378806,111,0.362,0.007,0.000,10.3
2026-08-03T17:23:46.388359,112,0.357,0.007,0.000,113.5
2026-08-03T17:23:46.444601,113,0.351,0.006,0.000,18.0
2026-08-03T17:23:46.518029,114,0.341,0.006,0.000,13.8
2026-08-03T17:23:46.540901,115,0.186,0.005,0.000,45.1
2026-08-03T17:23:46.574680,116,0.122,0.002,0.000,30.3
2026-08-03T17:23:46.645852,117,0.148,0.001,0.000,14.2
2026-08-03T17:23:46.655353,118,0.161,0.002,0.000,114.2
2026-08-03T17:23:46.711663,119,0.257,0.003,0.000,18.0
2026-08-03T17:23:46.814483,120,0.297,0.002,0.000,9.8
2026-08-03T17:23:46.823766,121,0.302,0.004,0.000,116.1
2026-08-03T17:23:46.877325,122,0.308,0.004,0.000,19.0
2026-08-03T17:23:46.944715,123,0.308,0.004,0.000,15.1
2026-08-03T17:23:46.974541,124,0.302,0.003,0.000,34.5
2026-08-03T17:23:47.012195,125,0.304,0.004,0.000,27.1
2026-08-03T17:23:47.112745,126,0.297,0.006,0.000,10.0
2026-08-03T17:23:47.123249,127,0.295,0.007,0.000,113.4
2026-08-03T17:23:47.176105,128,0.297,0.007,0.000,19.4
2026-08-03T17:23:47.242701,129,0.301,0.006,0.000,15.2
2026-08-03T17:23:47.252177,130,0.301,0.008,0.000,113.9
2026-08-03T17:23:47.308618,131,0.301,0.008,0.000,18.2
2026-08-03T17:23:47.379375,132,0.303,0.010,0.000,14.5
2026-08-03T17:23:47.405941,133,0.306,0.010,0.000,38.6
2026-08-03T17:23:47.445090,134,0.306,0.011,0.000,27.5
2026-08-03T17:23:47.540795,135,0.303,0.011,0.000,10.5
2026-08-03T17:23:47.551402,136,0.301,0.012,0.000,100.8
2026-08-03T17:23:47.608133,137,0.300,0.010,0.000,18.0
2026-08-03T17:23:47.673185,138,0.301,0.008,0.000,15.7
2026-08-03T17:23:47.706896,139,0.302,0.009,0.000,30.2
2026-08-03T17:23:47.740222,140,0.301,0.008,0.000,31.1
2026-08-03T17:23:47.810586,141,0.304,0.008,0.000,14.5
2026-08-03T17:23:47.818763,142,0.305,0.008,0.000,132.5
2026-08-03T17:23:47.875853,143,0.306,0.009,0.000,17.7
2026-08-03T17:23:47.973146,144,0.309,0.009,0.000,10.4
2026-08-03T17:23:47.982006,145,0.308,0.009,0.000,122.6
2026-08-03T17:23:48.040503,146,0.311,0.010,0.000,17.3
2026-08-03T17:23:48.115441,147,0.309,0.010,0.000,13.5
2026-08-03T17:23:48.137621,148,0.309,0.009,0.000,47.7
2026-08-03T17:23:48.176217,149,0.308,0.010,0.000,26.6
2026-08-03T17:23:48.271152,150,0.310,0.008,0.000,10.6
2026-08-03T17:23:48.279631,151,0.307,0.008,0.000,129.0
2026-08-03T17:23:48.339718,152,0.299,0.009,0.000,16.9
2026-08-03T17:23:48.399916,153,0.299,0.009,0.000,16.9
2026-08-03T17:23:48.409954,154,0.300,0.009,0.000,107.4
2026-08-03T17:23:48.471599,155,0.297,0.009,0.000,16.4
2026-08-03T17:23:48.537757,156,0.296,0.008,0.000,15.4
2026-08-03T17:23:48.571914,157,0.296,0.011,0.000,30.0
2026-08-03T17:23:48.607903,158,0.293,0.008,0.000,28.6
2026-08-03T17:23:48.707270,159,0.288,0.008,0.000,10.2
2026-08-03T17:23:48.717169,160,0.291,0.007,0.000,108.3
2026-08-03T17:23:48.772398,161,0.294,0.007,0.000,18.4
2026-08-03T17:23:48.841721,162,0.293,0.008,0.000,14.7
2026-08-03T17:23:48.870032,163,0.301,0.010,0.000,37.4
2026-08-03T17:23:48.902488,164,0.296,0.009,0.000,31.6
2026-08-03T17:23:48.970651,165,0.296,0.009,0.000,14.8
2026-08-03T17:23:48.981129,166,0.296,0.007,0.000,101.9
2026-08-03T17:23:49.038353,167,0.292,0.007,0.000,17.8
2026-08-03T17:23:49.135505,168,0.294,0.007,0.000,10.4
2026-08-03T17:23:49.145802,169,0.294,0.006,0.000,104.1
2026-08-03T17:23:49.204306,170,0.296,0.006,0.000,17.3
2026-08-03T17:23:49.280350,171,0.296,0.006,0.000,13.4
2026-08-03T17:23:49.300869,172,0.297,0.006,0.000,51.3
2026-08-03T17:23:49.340818,173,0.297,0.007,0.000,25.9
2026-08-03T17:23:49.439640,174,0.304,0.006,0.000,10.2
2026-08-03T17:23:49.449400,175,0.303,0.007,0.000,112.7
2026-08-03T17:23:49.501504,176,0.304,0.007,0.000,19.6
2026-08-03T17:23:49.571372,177,0.305,0.007,0.000,14.5
2026-08-03T17:23:49.581197,178,0.306,0.007,0.000,109.7
2026-08-03T17:23:49.634220,179,0.305,0.006,0.000,19.2
2026-08-03T17:23:49.705903,180,0.304,0.007,0.000,14.2
2026-08-03T17:23:49.734349,181,0.086,0.013,0.000,37.8
2026-08-03T17:23:49.769806,182,0.072,0.012,0.000,29.0
2026-08-03T17:23:49.869357,183,0.129,0.012,0.000,10.1
2026-08-03T17:23:49.879516,184,0.183,0.012,0.000,105.2
2026-08-03T17:23:49.935932,185,0.252,0.011,0.000,18.0
2026-08-03T17:23:50.011940,186,0.267,0.010,0.000,13.4
2026-08-03T17:23:50.032683,187,0.289,0.010,0.000,49.9
2026-08-03T17:23:50.069687,188,0.291,0.009,0.000,27.6
2026-08-03T17:23:50.140707,189,0.290,0.010,0.000,14.4
2026-08-03T17:23:50.152512,190,0.291,0.008,0.000,89.8
2026-08-03T17:23:50.200588,191,0.287,0.008,0.000,21.7
2026-08-03T17:23:50.269877,192,0.286,0.008,0.000,14.6
2026-08-03T17:23:50.281850,193,0.286,0.007,0.000,88.4
2026-08-03T17:23:50.334931,194,0.286,0.008,0.000,19.2
2026-08-03T17:23:50.400385,195,0.288,0.008,0.000,15.5
2026-08-03T17:23:50.410122,196,0.287,0.008,0.000,112.6
2026-08-03T17:23:50.465840,197,0.292,0.007,0.000,18.3
2026-08-03T17:23:50.538967,198,0.294,0.007,0.000,13.8
2026-08-03T17:23:50.566227,199,0.293,0.007,0.000,37.6
2026-08-03T17:23:50.605797,200,0.292,0.007,0.000,25.8
2026-08-03T17:23:50.702448,201,0.293,0.007,0.000,10.5
2026-08-03T17:23:50.714254,202,0.291,0.007,0.000,89.7
2026-08-03T17:23:50.764609,203,0.292,0.007,0.000,20.4
2026-08-03T17:23:50.837859,204,0.292,0.007,0.000,13.8
2026-08-03T17:23:50.848204,205,0.294,0.007,0.000,103.9
2026-08-03T17:23:50.897433,206,0.297,0.007,0.000,20.7
2026-08-03T17:23:50.985393,207,0.304,0.007,0.000,11.5
2026-08-03T17:23:50.996186,208,0.310,0.007,0.000,101.0
2026-08-03T17:23:51.033692,209,0.312,0.007,0.000,27.4
2026-08-03T17:23:51.139136,210,0.314,0.007,0.000,9.5
2026-08-03T17:23:51.149426,211,0.314,0.006,0.000,104.4
2026-08-03T17:23:51.198625,212,0.313,0.007,0.000,20.7
2026-08-03T17:23:51.265897,213,0.313,0.007,0.000,15.1
2026-08-03T17:23:51.276038,214,0.315,0.007,0.000,105.5
2026-08-03T17:23:51.332107,215,0.319,0.005,0.000,18.1
2026-08-03T17:23:51.407299,216,0.319,0.004,0.000,13.5
2026-08-03T17:23:51.420306,217,0.320,0.004,0.000,87.6
2026-08-03T17:23:51.469729,218,0.317,0.004,0.000,20.6
2026-08-03T17:23:51.560749,219,0.315,0.004,0.000,11.1
2026-08-03T17:23:51.570102,220,0.318,0.005,0.000,129.6
2026-08-03T17:23:51.632554,221,0.316,0.004,0.000,16.2
2026-08-03T17:23:51.700625,222,0.315,0.005,0.000,15.0
2026-08-03T17:23:51.733172,223,0.322,0.006,0.000,31.3
2026-08-03T17:23:51.767426,224,0.320,0.005,0.000,30.1
2026-08-03T17:23:51.865300,225,0.324,0.005,0.000,10.3
2026-08-03T17:23:51.874347,226,0.324,0.006,0.000,120.1
2026-08-03T17:23:51.933056,227,0.324,0.004,0.000,17.3
2026-08-03T17:23:51.999124,228,0.325,0.004,0.000,15.4
2026-08-03T17:23:52.011439,229,0.328,0.004,0.000,90.2
2026-08-03T17:23:52.063162,230,0.330,0.004,0.000,19.8
2026-08-03T17:23:52.132521,231,0.334,0.004,0.000,14.6
2026-08-03T17:23:52.162269,232,0.330,0.004,0.000,34.5
2026-08-03T17:23:52.199479,233,0.330,0.005,0.000,27.5
2026-08-03T17:23:52.296916,234,0.329,0.007,0.000,10.4
2026-08-03T17:23:52.306532,235,0.329,0.006,0.000,125.0
2026-08-03T17:23:52.363752,236,0.326,0.006,0.000,17.7
2026-08-03T17:23:52.427854,237,0.326,0.008,0.000,15.8
2026-08-03T17:23:52.438525,238,0.323,0.006,0.000,114.4
2026-08-03T17:23:52.496417,239,0.321,0.006,0.000,17.5
2026-08-03T17:23:52.566036,240,0.323,0.006,0.000,14.5
2026-08-03T17:23:52.575138,241,0.273,0.005,0.000,119.0
2026-08-03T17:23:52.631224,242,0.102,0.003,0.000,18.1
2026-08-03T17:23:52.731768,243,0.146,0.003,0.000,10.0
2026-08-03T17:23:52.740103,244,0.164,0.002,0.000,133.3
2026-08-03T17:23:52.796307,245,0.243,0.006,0.000,18.1
2026-08-03T17:23:52.865006,246,0.267,0.005,0.000,14.8
2026-08-03T17:23:52.893573,247,0.281,0.005,0.000,36.2
2026-08-03T17:23:52.931639,248,0.282,0.005,0.000,26.7
2026-08-03T17:23:53.030854,249,0.285,0.005,0.000,10.1
2026-08-03T17:23:53.043286,250,0.292,0.005,0.000,105.6
2026-08-03T17:23:53.095329,251,0.295,0.005,0.000,19.5
2026-08-03T17:23:53.166675,252,0.297,0.005,0.000,14.2
2026-08-03T17:23:53.176013,253,0.291,0.006,0.000,116.2
2026-08-03T17:23:53.227354,254,0.299,0.004,0.000,19.8
2026-08-03T17:23:53.298072,255,0.306,0.005,0.000,14.4
2026-08-03T17:23:53.328562,256,0.306,0.004,0.000,33.6
2026-08-03T17:23:53.362965,257,0.308,0.004,0.000,29.8
2026-08-03T17:23:53.462043,258,0.306,0.004,0.000,10.2
2026-08-03T17:23:53.471523,259,0.305,0.004,0.000,114.0
2026-08-03T17:23:53.528044,260,0.304,0.004,0.000,18.0
2026-08-03T17:23:53.598639,261,0.302,0.004,0.000,14.4
2026-08-03T17:23:53.608608,262,0.303,0.004,0.000,106.9
2026-08-03T17:23:53.658397,263,0.303,0.004,0.000,20.5
2026-08-03T17:23:53.730228,264,0.304,0.004,0.000,14.1
2026-08-03T17:23:53.738985,265,0.305,0.005,0.000,124.5
2026-08-03T17:23:53.796926,266,0.307,0.005,0.000,17.5
2026-08-03T17:23:53.894738,267,0.304,0.004,0.000,10.4
2026-08-03T17:23:53.904107,268,0.303,0.003,0.000,115.0
2026-08-03T17:23:53.959532,269,0.304,0.002,0.000,18.5
2026-08-03T17:23:54.024839,270,0.302,0.004,0.000,15.6
2026-08-03T17:23:54.058693,271,0.318,0.004,0.000,31.1
2026-08-03T17:23:54.096790,272,0.318,0.004,0.000,27.0
2026-08-03T17:23:54.193302,273,0.299,0.003,0.000,10.5
2026-08-03T17:23:54.204548,274,0.307,0.003,0.000,96.1
2026-08-03T17:23:54.259080,275,0.309,0.009,0.000,18.8
2026-08-03T17:23:54.326972,276,0.300,0.010,0.000,15.0
2026-08-03T17:23:54.338572,277,0.293,0.013,0.000,91.6
2026-08-03T17:23:54.391984,278,0.297,0.064,0.000,19.1
2026-08-03T17:23:54.459097,279,0.306,0.124,0.000,15.1
2026-08-03T17:23:54.494046,280,0.296,0.229,0.000,29.2
2026-08-03T17:23:54.528213,281,0.294,0.270,0.000,30.4
2026-08-03T17:23:54.622625,282,0.293,0.320,0.000,10.8
2026-08-03T17:23:54.632689,283,0.292,0.356,0.000,106.1
2026-08-03T17:23:54.691720,284,0.298,0.419,0.000,17.2
2026-08-03T17:23:54.753233,285,0.295,0.414,0.000,16.6
2026-08-03T17:23:54.763243,286,0.289,0.441,0.000,107.1
2026-08-03T17:23:54.823372,287,0.290,0.477,0.000,16.9
2026-08-03T17:23:54.890580,288,0.290,0.477,0.000,15.2
2026-08-03T17:23:54.902727,289,0.285,0.487,0.000,88.0
2026-08-03T17:23:54.958961,290,0.290,0.478,0.000,18.2
2026-08-03T17:23:55.054663,291,0.289,0.470,0.000,10.6
2026-08-03T17:23:55.064820,292,0.285,0.471,0.000,118.2
2026-08-03T17:23:55.122958,293,0.294,0.479,0.000,17.5
2026-08-03T17:23:55.192579,294,0.295,0.480,0.000,14.6
2026-08-03T17:23:55.222999,295,0.298,0.488,0.000,33.8
2026-08-03T17:23:55.258953,296,0.298,0.514,0.000,29.1
2026-08-03T17:23:55.353528,297,0.306,0.514,0.000,10.7
2026-08-03T17:23:55.361659,298,0.307,0.511,0.000,133.5
2026-08-03T17:23:55.423823,299,0.305,0.506,0.000,16.4
2026-08-03T17:23:55.487614,300,0.306,0.497,0.000,16.0
2026-08-03T17:23:55.499640,301,0.305,0.494,0.000,88.4
2026-08-03T17:23:55.556263,302,0.303,0.497,0.000,18.1
2026-08-03T17:23:55.622767,303,0.304,0.495,0.000,15.3
2026-08-03T17:23:55.656131,304,0.305,0.504,0.000,30.7
2026-08-03T17:23:55.692792,305,0.305,0.499,0.000,28.1
2026-08-03T17:23:55.787415,306,0.307,0.500,0.000,10.7
2026-08-03T17:23:55.797318,307,0.306,0.501,0.000,107.8
2026-08-03T17:23:55.856876,308,0.309,0.499,0.000,17.2
2026-08-03T17:23:55.923994,309,0.309,0.498,0.000,15.2
2026-08-03T17:23:55.954378,310,0.309,0.501,0.000,33.7
2026-08-03T17:23:55.987599,311,0.309,0.493,0.000,31.5
2026-08-03T17:23:56.055319,312,0.308,0.487,0.000,14.9
2026-08-03T17:23:56.064425,313,0.308,0.502,0.000,120.1
2026-08-03T17:23:56.123859,314,0.305,0.512,0.000,17.1
2026-08-03T17:23:56.217891,315,0.315,0.511,0.000,10.8
2026-08-03T17:23:56.226100,316,0.318,0.513,0.000,133.1
2026-08-03T17:23:56.288446,317,0.321,0.506,0.000,16.3
2026-08-03T17:23:56.357403,318,0.321,0.511,0.000,14.7
2026-08-03T17:23:56.387410,319,0.323,0.505,0.000,34.1
2026-08-03T17:23:56.423908,320,0.323,0.496,0.000,28.2
2026-08-03T17:23:56.528683,321,0.323,0.499,0.000,9.7
2026-08-03T17:23:56.538724,322,0.325,0.505,0.000,106.6
2026-08-03T17:23:56.586991,323,0.326,0.518,0.000,21.1
2026-08-03T17:23:56.651894,324,0.327,0.511,0.000,15.7
2026-08-03T17:23:56.661811,325,0.328,0.509,0.000,110.0
2026-08-03T17:23:56.719578,326,0.328,0.531,0.000,17.7
2026-08-03T17:23:56.790479,327,0.328,0.531,0.000,14.3
2026-08-03T17:23:56.816496,328,0.332,0.509,0.000,39.5
2026-08-03T17:23:56.855166,329,0.334,0.506,0.000,26.5
2026-08-03T17:23:56.948956,330,0.334,0.387,0.000,10.8
2026-08-03T17:23:56.959175,331,0.265,0.323,0.000,104.4
2026-08-03T17:23:57.017870,332,0.092,0.230,0.000,17.6
2026-08-03T17:23:57.087715,333,0.095,0.186,0.000,14.5
2026-08-03T17:23:57.116834,334,0.147,0.081,0.000,35.4
2026-08-03T17:23:57.149361,335,0.159,0.037,0.000,31.6
2026-08-03T17:23:57.219171,336,0.204,0.014,0.000,14.5
2026-08-03T17:23:57.228782,337,0.235,0.010,0.000,111.9
2026-08-03T17:23:57.286423,338,0.265,0.005,0.000,17.6
2026-08-03T17:23:57.383492,339,0.263,0.003,0.000,10.4
2026-08-03T17:23:57.392938,340,0.270,0.003,0.000,114.1
2026-08-03T17:23:57.450627,341,0.286,0.002,0.000,17.6
2026-08-03T17:23:57.521433,342,0.298,0.002,0.000,14.3
2026-08-03T17:23:57.547977,343,0.301,0.002,0.000,38.6
2026-08-03T17:23:57.587835,344,0.302,0.004,0.000,25.6
2026-08-03T17:23:57.684365,345,0.303,0.008,0.000,10.5
2026-08-03T17:23:57.693190,346,0.303,0.008,0.000,123.0
2026-08-03T17:23:57.750770,347,0.305,0.007,0.000,17.6
2026-08-03T17:23:57.814760,348,0.306,0.007,0.000,15.9
2026-08-03T17:23:57.826982,349,0.305,0.007,0.000,94.8
2026-08-03T17:23:57.884664,350,0.307,0.006,0.000,17.5
2026-08-03T17:23:57.954870,351,0.308,0.007,0.000,14.5
2026-08-03T17:23:57.982481,352,0.309,0.007,0.000,38.6
2026-08-03T17:23:58.020163,353,0.310,0.006,0.000,27.6
2026-08-03T17:23:58.117070,354,0.311,0.006,0.000,10.5
2026-08-03T17:23:58.126374,355,0.313,0.005,0.000,115.9
2026-08-03T17:23:58.184371,356,0.126,0.005,0.000,17.8
2026-08-03T17:23:58.248291,357,0.096,0.004,0.000,15.9
2026-08-03T17:23:58.285907,358,0.126,0.005,0.000,27.0
2026-08-03T17:23:58.316827,359,0.152,0.005,0.000,34.3
2026-08-03T17:23:58.380552,360,0.164,0.004,0.000,16.1
2026-08-03T17:23:58.388689,361,0.184,0.004,0.000,134.1
2026-08-03T17:23:58.451224,362,0.244,0.004,0.000,16.2
2026-08-03T17:23:58.547392,363,0.267,0.006,0.000,10.5
2026-08-03T17:23:58.557085,364,0.278,0.039,0.000,111.3
2026-08-03T17:23:58.615523,365,0.282,0.168,0.000,17.4
2026-08-03T17:23:58.682725,366,0.282,0.230,0.000,15.2
2026-08-03T17:23:58.715366,367,0.281,0.298,0.000,31.3
2026-08-03T17:23:58.751959,368,0.288,0.340,0.000,28.6
2026-08-03T17:23:58.844937,369,0.294,0.359,0.000,10.9
2026-08-03T17:23:58.857086,370,0.294,0.399,0.000,95.0
2026-08-03T17:23:58.915631,371,0.299,0.422,0.000,17.8
2026-08-03T17:23:58.977472,372,0.297,0.449,0.000,16.5
2026-08-03T17:23:58.988495,373,0.301,0.459,0.000,96.4
2026-08-03T17:23:59.046987,374,0.303,0.513,0.000,17.4
2026-08-03T17:23:59.117655,375,0.302,0.519,0.000,14.3
2026-08-03T17:23:59.146474,376,0.302,0.502,0.000,35.6
2026-08-03T17:23:59.183689,377,0.303,0.531,0.000,27.9
2026-08-03T17:23:59.277882,378,0.304,0.537,0.000,10.7
2026-08-03T17:23:59.289644,379,0.304,0.534,0.000,90.3
2026-08-03T17:23:59.347885,380,0.306,0.541,0.000,17.6
2026-08-03T17:23:59.412424,381,0.305,0.528,0.000,15.8
2026-08-03T17:23:59.448528,382,0.308,0.514,0.000,28.2
2026-08-03T17:23:59.479784,383,0.308,0.515,0.000,33.1
2026-08-03T17:23:59.546640,384,0.309,0.517,0.000,15.4
2026-08-03T17:23:59.555437,385,0.308,0.511,0.000,124.1
2026-08-03T17:23:59.615023,386,0.305,0.514,0.000,17.0
2026-08-03T17:23:59.709822,387,0.311,0.504,0.000,10.7
2026-08-03T17:23:59.720281,388,0.313,0.505,0.000,114.0
2026-08-03T17:23:59.778548,389,0.318,0.513,0.000,17.4
2026-08-03T17:23:59.844062,390,0.320,0.510,0.000,15.6
2026-08-03T17:23:59.879477,391,0.321,0.498,0.000,28.8
2026-08-03T17:23:59.917726,392,0.322,0.492,0.000,27.2
2026-08-03T17:24:00.013129,393,0.322,0.484,0.000,10.7
2026-08-03T17:24:00.023891,394,0.324,0.477,0.000,104.8
2026-08-03T17:24:00.078510,395,0.326,0.478,0.000,18.7
2026-08-03T17:24:00.143394,396,0.328,0.477,0.000,15.8
2026-08-03T17:24:00.152172,397,0.327,0.472,0.000,124.2
2026-08-03T17:24:00.210777,398,0.329,0.466,0.000,17.3
2026-08-03T17:24:00.276283,399,0.330,0.466,0.000,15.6
2026-08-03T17:24:00.312483,400,0.332,0.463,0.000,28.2
2026-08-03T17:24:00.347951,401,0.332,0.471,0.000,29.1
2026-08-03T17:24:00.445669,402,0.332,0.470,0.000,10.3
2026-08-03T17:24:00.454362,403,0.331,0.467,0.000,124.7
2026-08-03T17:24:00.510732,404,0.332,0.472,0.000,18.0
2026-08-03T17:24:00.584277,405,0.333,0.468,0.000,13.9
2026-08-03T17:24:00.610433,406,0.334,0.463,0.000,39.3
2026-08-03T17:24:00.644664,407,0.334,0.462,0.000,30.5
2026-08-03T17:24:00.710349,408,0.335,0.465,0.000,15.5
2026-08-03T17:24:00.719380,409,0.334,0.465,0.000,119.6
2026-08-03T17:24:00.779909,410,0.335,0.462,0.000,16.7
2026-08-03T17:24:00.876769,411,0.333,0.462,0.000,10.5
2026-08-03T17:24:00.888425,412,0.337,0.460,0.000,91.4
2026-08-03T17:24:00.944684,413,0.336,0.425,0.000,18.2
2026-08-03T17:24:01.010655,414,0.332,0.370,0.000,15.4
2026-08-03T17:24:01.045300,415,0.107,0.260,0.000,29.4
2026-08-03T17:24:01.079516,416,0.081,0.218,0.000,30.2
2026-08-03T17:24:01.183812,417,0.134,0.204,0.000,9.7
2026-08-03T17:24:01.192796,418,0.145,0.141,0.000,122.2
2026-08-03T17:24:01.244120,419,0.215,0.087,0.000,19.8
2026-08-03T17:24:01.305696,420,0.255,0.066,0.000,16.4
2026-08-03T17:24:01.314722,421,0.274,0.030,0.000,120.1
2026-08-03T17:24:01.375653,422,0.286,0.011,0.000,16.6
2026-08-03T17:24:01.442617,423,0.290,0.006,0.000,15.1
2026-08-03T17:24:01.474818,424,0.300,0.003,0.000,31.8
2026-08-03T17:24:01.510055,425,0.304,0.002,0.000,29.2
2026-08-03T17:24:01.605694,426,0.308,0.004,0.000,10.5
2026-08-03T17:24:01.614581,427,0.310,0.003,0.000,121.7
2026-08-03T17:24:01.674546,428,0.314,0.008,0.000,17.0
2026-08-03T17:24:01.743923,429,0.312,0.007,0.000,14.6
2026-08-03T17:24:01.773142,430,0.308,0.005,0.000,35.0
2026-08-03T17:24:01.806356,431,0.308,0.005,0.000,30.8
2026-08-03T17:24:01.874625,432,0.299,0.005,0.000,14.9
2026-08-03T17:24:01.884817,433,0.148,0.004,0.000,110.5
2026-08-03T17:24:01.943371,434,0.091,0.005,0.000,17.3
2026-08-03T17:24:02.038734,435,0.100,0.004,0.000,10.6
2026-08-03T17:24:02.049361,436,0.136,0.004,0.000,101.5
2026-08-03T17:24:02.108246,437,0.221,0.004,0.000,17.4
2026-08-03T17:24:02.178877,438,0.248,0.004,0.000,14.4
2026-08-03T17:24:02.206631,439,0.271,0.004,0.000,36.9
2026-08-03T17:24:02.244189,440,0.277,0.007,0.000,27.7
2026-08-03T17:24:02.337922,441,0.276,0.069,0.000,10.8
2026-08-03T17:24:02.347044,442,0.275,0.095,0.000,119.3
2026-08-03T17:24:02.407590,443,0.276,0.146,0.000,16.7
2026-08-03T17:24:02.476073,444,0.277,0.178,0.000,14.9
2026-08-03T17:24:02.486322,445,0.281,0.198,0.000,105.1
2026-08-03T17:24:02.536897,446,0.283,0.260,0.000,20.2
2026-08-03T17:24:02.606096,447,0.287,0.330,0.000,14.7
2026-08-03T17:24:02.640603,448,0.290,0.422,0.000,29.6
2026-08-03T17:24:02.677431,449,0.294,0.459,0.000,28.7
2026-08-03T17:24:02.769506,450,0.301,0.571,0.000,11.0
2026-08-03T17:24:02.777813,451,0.300,0.639,0.000,130.5
2026-08-03T17:24:02.841169,452,0.301,0.694,0.000,16.4
2026-08-03T17:24:02.908174,453,0.301,0.743,0.000,15.2
2026-08-03T17:24:02.941116,454,0.302,0.803,0.000,31.1
2026-08-03T17:24:02.971841,455,0.302,0.796,0.000,35.2
2026-08-03T17:24:03.039230,456,0.295,0.787,0.000,15.0
2026-08-03T17:24:03.048189,457,0.305,0.855,0.000,121.8
2026-08-03T17:24:03.109278,458,0.312,0.830,0.000,16.7
2026-08-03T17:24:03.203808,459,0.319,0.884,0.000,10.7
2026-08-03T17:24:03.214550,460,0.319,0.919,0.000,99.4
2026-08-03T17:24:03.273502,461,0.322,0.911,0.000,17.2
2026-08-03T17:24:03.342283,462,0.324,0.922,0.000,14.8
2026-08-03T17:24:03.369137,463,0.323,0.915,0.000,38.4
2026-08-03T17:24:03.408376,464,0.324,0.925,0.000,26.0
2026-08-03T17:24:03.504789,465,0.324,0.887,0.000,10.5
2026-08-03T17:24:03.515505,466,0.325,0.904,0.000,100.1
2026-08-03T17:24:03.572316,467,0.322,0.910,0.000,18.3
2026-08-03T17:24:03.633772,468,0.323,0.937,0.000,16.6
2026-08-03T17:24:03.644481,469,0.323,0.933,0.000,100.0
2026-08-03T17:24:03.705558,470,0.325,0.932,0.000,16.6
2026-08-03T17:24:03.770996,471,0.326,0.935,0.000,15.5
2026-08-03T17:24:03.806276,472,0.327,0.934,0.000,29.0
2026-08-03T17:24:03.840502,473,0.332,0.948,0.000,30.8
2026-08-03T17:24:03.935828,474,0.330,0.941,0.000,10.6
2026-08-03T17:24:03.945636,475,0.331,0.928,0.000,109.9
2026-08-03T17:24:04.003604,476,0.332,0.928,0.000,17.8
2026-08-03T17:24:04.073031,477,0.331,0.926,0.000,14.7
2026-08-03T17:24:04.104084,478,0.336,0.920,0.000,33.0
2026-08-03T17:24:04.136720,479,0.335,0.911,0.000,31.8
2026-08-03T17:24:04.209243,480,0.336,0.906,0.000,14.0
2026-08-03T17:24:04.218872,481,0.336,0.876,0.000,112.4
2026-08-03T17:24:04.272371,482,0.335,0.853,0.000,19.1
2026-08-03T17:24:04.366976,483,0.335,0.843,0.000,10.7
2026-08-03T17:24:04.377709,484,0.335,0.841,0.000,100.6
2026-08-03T17:24:04.436550,485,0.337,0.872,0.000,17.2
2026-08-03T17:24:04.502190,486,0.338,0.838,0.000,15.5
2026-08-03T17:24:04.536830,487,0.338,0.850,0.000,29.4
2026-08-03T17:24:04.574190,488,0.337,0.825,0.000,27.7
2026-08-03T17:24:04.670713,489,0.338,0.827,0.000,10.5
2026-08-03T17:24:04.682425,490,0.337,0.819,0.000,90.7
2026-08-03T17:24:04.735118,491,0.337,0.809,0.000,19.4
2026-08-03T17:24:04.799833,492,0.337,0.778,0.000,15.7
2026-08-03T17:24:04.810246,493,0.336,0.772,0.000,115.5
2026-08-03T17:24:04.868480,494,0.339,0.854,0.000,17.4
2026-08-03T17:24:04.937086,495,0.338,0.810,0.000,14.8
2026-08-03T17:24:04.967793,496,0.340,0.797,0.000,33.4
2026-08-03T17:24:05.005374,497,0.340,0.796,0.000,27.3
2026-08-03T17:24:05.099277,498,0.338,0.824,0.000,10.8
2026-08-03T17:24:05.108625,499,0.338,0.850,0.000,114.7
2026-08-03T17:24:05.167540,500,0.339,0.848,0.000,17.8
2026-08-03T17:24:05.239582,501,0.338,0.829,0.000,14.1
2026-08-03T17:24:05.265660,502,0.340,0.829,0.000,39.4
2026-08-03T17:24:05.298560,503,0.340,0.768,0.000,31.3
2026-08-03T17:24:05.371225,504,0.339,0.758,0.000,14.0
2026-08-03T17:24:05.380396,505,0.315,0.743,0.000,120.2
2026-08-03T17:24:05.436274,506,0.114,0.673,0.000,18.2
2026-08-03T17:24:05.529754,507,0.155,0.524,0.000,10.8
2026-08-03T17:24:05.539373,508,0.183,0.452,0.000,113.0
2026-08-03T17:24:05.599696,509,0.235,0.336,0.000,16.8
2026-08-03T17:24:05.667447,510,0.269,0.291,0.000,14.9
2026-08-03T17:24:05.699595,511,0.302,0.229,0.000,31.7
2026-08-03T17:24:05.736420,512,0.306,0.211,0.000,27.7
2026-08-03T17:24:05.832121,513,0.321,0.173,0.000,10.6
2026-08-03T17:24:05.841198,514,0.327,0.135,0.000,119.4
2026-08-03T17:24:05.899900,515,0.327,0.043,0.000,17.4
2026-08-03T17:24:05.964973,516,0.324,0.021,0.000,15.6
2026-08-03T17:24:05.975008,517,0.322,0.020,0.000,108.1
2026-08-03T17:24:06.033494,518,0.322,0.001,0.000,17.3
2026-08-03T17:24:06.103881,519,0.321,0.004,0.000,14.4
2026-08-03T17:24:06.128747,520,0.318,0.011,0.000,41.5
2026-08-03T17:24:06.168396,521,0.315,0.010,0.000,26.1
2026-08-03T17:24:06.261038,522,0.188,0.009,0.000,11.0
2026-08-03T17:24:06.270973,523,0.098,0.012,0.000,108.2
2026-08-03T17:24:06.333455,524,0.164,0.008,0.000,16.5
2026-08-03T17:24:06.400720,525,0.189,0.007,0.000,15.2
2026-08-03T17:24:06.433793,526,0.262,0.007,0.000,31.0
2026-08-03T17:24:06.465222,527,0.274,0.006,0.000,33.5
2026-08-03T17:24:06.532940,528,0.283,0.006,0.000,15.2
2026-08-03T17:24:06.543914,529,0.292,0.006,0.000,120.8
2026-08-03T17:24:06.601642,530,0.298,0.008,0.000,17.6
2026-08-03T17:24:06.693706,531,0.304,0.009,0.000,11.0
2026-08-03T17:24:06.703930,532,0.303,0.009,0.000,104.6
2026-08-03T17:24:06.764945,533,0.303,0.008,0.000,16.6
2026-08-03T17:24:06.829905,534,0.302,0.008,0.000,15.8
2026-08-03T17:24:06.864597,535,0.306,0.008,0.000,29.5
2026-08-03T17:24:06.899652,536,0.305,0.008,0.000,29.9
2026-08-03T17:24:06.993969,537,0.307,0.004,0.000,10.7
2026-08-03T17:24:07.003208,538,0.305,0.004,0.000,118.0
2026-08-03T17:24:07.065786,539,0.309,0.004,0.000,16.2
2026-08-03T17:24:07.129271,540,0.311,0.004,0.000,16.0
2026-08-03T17:24:07.140621,541,0.311,0.004,0.000,94.1
2026-08-03T17:24:07.198093,542,0.311,0.004,0.000,17.8
2026-08-03T17:24:07.271357,543,0.313,0.005,0.000,13.9
2026-08-03T17:24:07.292834,544,0.315,0.005,0.000,48.2
2026-08-03T17:24:07.334708,545,0.317,0.004,0.000,24.7
2026-08-03T17:24:07.427468,546,0.317,0.004,0.000,11.0
2026-08-03T17:24:07.438000,547,0.316,0.004,0.000,101.1
2026-08-03T17:24:07.495108,548,0.317,0.004,0.000,17.8
2026-08-03T17:24:07.561461,549,0.318,0.004,0.000,15.3
2026-08-03T17:24:07.597456,550,0.319,0.003,0.000,28.3
2026-08-03T17:24:07.626835,551,0.317,0.003,0.000,35.8
2026-08-03T17:24:07.693571,552,0.319,0.003,0.000,15.2
2026-08-03T17:24:07.704836,553,0.318,0.003,0.000,95.0
2026-08-03T17:24:07.764673,554,0.318,0.003,0.000,16.9
2026-08-03T17:24:07.862727,555,0.316,0.004,0.000,10.3
2026-08-03T17:24:07.872370,556,0.312,0.005,0.000,112.7
2026-08-03T17:24:07.927506,557,0.305,0.005,0.000,18.5
2026-08-03T17:24:07.997880,558,0.298,0.005,0.000,14.5
2026-08-03T17:24:08.026116,559,0.080,0.005,0.000,36.3
2026-08-03T17:24:08.065843,560,0.076,0.005,0.000,25.6
2026-08-03T17:24:08.159025,561,0.091,0.006,0.000,10.9
2026-08-03T17:24:08.167479,562,0.121,0.010,0.000,128.6
2026-08-03T17:24:08.228435,563,0.192,0.010,0.000,16.7
2026-08-03T17:24:08.295310,564,0.223,0.012,0.000,15.2
2026-08-03T17:24:08.305545,565,0.242,0.010,0.000,105.3
2026-08-03T17:24:08.361097,566,0.256,0.013,0.000,18.3
2026-08-03T17:24:08.425620,567,0.253,0.016,0.000,15.8
2026-08-03T17:24:08.460024,568,0.261,0.015,0.000,29.7
2026-08-03T17:24:08.497089,569,0.260,0.055,0.000,27.6
2026-08-03T17:24:08.589217,570,0.264,0.162,0.000,11.0
2026-08-03T17:24:08.596931,571,0.270,0.199,0.000,143.0
2026-08-03T17:24:08.659983,572,0.274,0.262,0.000,16.0
2026-08-03T17:24:08.734573,573,0.276,0.281,0.000,13.6
2026-08-03T17:24:08.756165,574,0.276,0.319,0.000,48.0
2026-08-03T17:24:08.791286,575,0.281,0.371,0.000,29.2
2026-08-03T17:24:08.863296,576,0.285,0.402,0.000,14.3
2026-08-03T17:24:08.875961,577,0.284,0.432,0.000,83.7
2026-08-03T17:24:08.927850,578,0.286,0.474,0.000,19.6
2026-08-03T17:24:09.023201,579,0.288,0.513,0.000,10.6
2026-08-03T17:24:09.034297,580,0.288,0.526,0.000,96.2
2026-08-03T17:24:09.092789,581,0.288,0.541,0.000,17.3
2026-08-03T17:24:09.161117,582,0.288,0.558,0.000,14.8
2026-08-03T17:24:09.192253,583,0.289,0.582,0.000,32.8
2026-08-03T17:24:09.229427,584,0.290,0.613,0.000,27.5
2026-08-03T17:24:09.322472,585,0.288,0.609,0.000,10.9
2026-08-03T17:24:09.333331,586,0.290,0.627,0.000,98.1
2026-08-03T17:24:09.392564,587,0.291,0.635,0.000,17.4
2026-08-03T17:24:09.458530,588,0.291,0.629,0.000,15.4
2026-08-03T17:24:09.468172,589,0.291,0.623,0.000,112.3
2026-08-03T17:24:09.523955,590,0.292,0.624,0.000,18.2
2026-08-03T17:24:09.589970,591,0.291,0.610,0.000,15.4
2026-08-03T17:24:09.624147,592,0.292,0.392,0.000,29.9
2026-08-03T17:24:09.661283,593,0.292,0.252,0.000,27.5
2026-08-03T17:24:09.754346,594,0.287,0.033,0.000,10.9
2026-08-03T17:24:09.763158,595,0.281,0.012,0.000,123.4
2026-08-03T17:24:09.824266,596,0.273,0.009,0.000,16.6
2026-08-03T17:24:09.889616,597,0.274,0.012,0.000,15.5
2026-08-03T17:24:09.924590,598,0.275,0.007,0.000,29.2
2026-08-03T17:24:09.955194,599,0.274,0.033,0.000,33.8
2026-08-03T17:24:10.021557,600,0.276,0.175,0.000,15.3
2026-08-03T17:24:10.032012,601,0.278,0.341,0.000,102.8
2026-08-03T17:24:10.091881,602,0.280,0.482,0.000,17.2
2026-08-03T17:24:10.186008,603,0.286,0.609,0.000,10.7
2026-08-03T17:24:10.194151,604,0.287,0.612,0.000,134.7
2026-08-03T17:24:10.256392,605,0.300,0.675,0.000,16.7
2026-08-03T17:24:10.324332,606,0.304,0.688,0.000,14.9
2026-08-03T17:24:10.356441,607,0.315,0.649,0.000,31.9
2026-08-03T17:24:10.390521,608,0.315,0.626,0.000,30.5
2026-08-03T17:24:10.485057,609,0.317,0.379,0.000,10.7
2026-08-03T17:24:10.495971,610,0.317,0.266,0.000,97.5
2026-08-03T17:24:10.555764,611,0.318,0.200,0.000,16.9
2026-08-03T17:24:10.619554,612,0.317,0.140,0.000,15.9
2026-08-03T17:24:10.630211,613,0.318,0.077,0.000,100.7
2026-08-03T17:24:10.688008,614,0.306,0.033,0.000,17.6
2026-08-03T17:24:10.759733,615,0.296,0.020,0.000,14.2
2026-08-03T17:24:10.788167,616,0.289,0.015,0.000,36.0
2026-08-03T17:24:10.825435,617,0.282,0.015,0.000,27.8
2026-08-03T17:24:10.917800,618,0.285,0.144,0.000,10.9
2026-08-03T17:24:10.931316,619,0.286,0.223,0.000,95.1
2026-08-03T17:24:10.989024,620,0.291,0.356,0.000,17.8
2026-08-03T17:24:11.054105,621,0.296,0.426,0.000,15.6
2026-08-03T17:24:11.088511,622,0.287,0.487,0.000,29.7
2026-08-03T17:24:11.121166,623,0.284,0.513,0.000,32.0
2026-08-03T17:24:11.188555,624,0.281,0.555,0.000,15.0
2026-08-03T17:24:11.197813,625,0.281,0.575,0.000,117.6
2026-08-03T17:24:11.256255,626,0.283,0.625,0.000,17.3
2026-08-03T17:24:11.352939,627,0.283,0.613,0.000,10.4
2026-08-03T17:24:11.361865,628,0.286,0.588,0.000,121.0
2026-08-03T17:24:11.420055,629,0.280,0.476,0.000,17.5
2026-08-03T17:24:11.486961,630,0.283,0.372,0.000,15.2
2026-08-03T17:24:11.522409,631,0.291,0.260,0.000,28.7
2026-08-03T17:24:11.556076,632,0.289,0.203,0.000,30.9
2026-08-03T17:24:11.650329,633,0.285,0.132,0.000,10.7
2026-08-03T17:24:11.661474,634,0.283,0.045,0.000,95.2
2026-08-03T17:24:11.719930,635,0.287,0.122,0.000,17.4
2026-08-03T17:24:11.784158,636,0.285,0.164,0.000,16.0
2026-08-03T17:24:11.794519,637,0.288,0.256,0.000,103.8
2026-08-03T17:24:11.852903,638,0.286,0.390,0.000,17.3
2026-08-03T17:24:11.919604,639,0.282,0.421,0.000,15.2
2026-08-03T17:24:11.953179,640,0.284,0.501,0.000,30.5
2026-08-03T17:24:11.988049,641,0.279,0.538,0.000,29.6
2026-08-03T17:24:12.082321,642,0.283,0.565,0.000,10.7
2026-08-03T17:24:12.092200,643,0.279,0.606,0.000,108.2
2026-08-03T17:24:12.152329,644,0.295,0.684,0.000,16.8
2026-08-03T17:24:12.218639,645,0.292,0.685,0.000,15.3
2026-08-03T17:24:12.252104,646,0.297,0.765,0.000,30.5
2026-08-03T17:24:12.286118,647,0.298,0.778,0.000,30.4
2026-08-03T17:24:12.351537,648,0.294,0.801,0.000,15.5
2026-08-03T17:24:12.362348,649,0.294,0.802,0.000,98.7
2026-08-03T17:24:12.420488,650,0.281,0.845,0.000,17.4
2026-08-03T17:24:12.518669,651,0.143,0.868,0.000,10.3
2026-08-03T17:24:12.529162,652,0.116,0.896,0.000,102.3
2026-08-03T17:24:12.584115,653,0.195,0.922,0.000,18.5
2026-08-03T17:24:12.650109,654,0.232,0.969,0.000,15.4
2026-08-03T17:24:12.685309,655,0.262,0.986,0.000,29.0
2026-08-03T17:24:12.720844,656,0.269,0.984,0.000,28.9
2026-08-03T17:24:12.813884,657,0.279,0.992,0.000,10.8
2026-08-03T17:24:12.822730,658,0.285,1.001,0.000,121.9
2026-08-03T17:24:12.884021,659,0.278,1.050,0.000,17.0
2026-08-03T17:24:12.947551,660,0.286,1.085,0.000,16.0
2026-08-03T17:24:12.955495,661,0.283,1.089,0.000,138.0
2026-08-03T17:24:13.016658,662,0.286,1.111,0.000,17.0
2026-08-03T17:24:13.083911,663,0.290,1.126,0.000,15.1
2026-08-03T17:24:13.116115,664,0.290,1.086,0.000,32.8
2026-08-03T17:24:13.152669,665,0.289,1.051,0.000,28.2
2026-08-03T17:24:13.247302,666,0.295,1.029,0.000,10.7
2026-08-03T17:24:13.258629,667,0.296,1.033,0.000,94.1
2026-08-03T17:24:13.316635,668,0.296,1.012,0.000,17.5
2026-08-03T17:24:13.385657,669,0.299,1.006,0.000,14.8
2026-08-03T17:24:13.414516,670,0.303,0.982,0.000,35.4
2026-08-03T17:24:13.445457,671,0.302,0.958,0.000,33.2
2026-08-03T17:24:13.515533,672,0.301,0.923,0.000,14.5
2026-08-03T17:24:13.524556,673,0.302,0.939,0.000,120.4
2026-08-03T17:24:13.585191,674,0.303,0.951,0.000,16.8
2026-08-03T17:24:13.677302,675,0.305,0.950,0.000,11.0
2026-08-03T17:24:13.688309,676,0.307,0.938,0.000,97.4
2026-08-03T17:24:13.748810,677,0.308,0.915,0.000,16.8
2026-08-03T17:24:13.815269,678,0.307,0.881,0.000,15.2
2026-08-03T17:24:13.848791,679,0.304,0.843,0.000,30.4
2026-08-03T17:24:13.884990,680,0.303,0.765,0.000,28.4
2026-08-03T17:24:13.980653,681,0.304,0.650,0.000,10.7
2026-08-03T17:24:13.990276,682,0.303,0.609,0.000,111.7
2026-08-03T17:24:14.048333,683,0.305,0.510,0.000,17.4
2026-08-03T17:24:14.114986,684,0.301,0.444,0.000,15.2
2026-08-03T17:24:14.126288,685,0.290,0.391,0.000,99.2
2026-08-03T17:24:14.180709,686,0.280,0.291,0.000,18.6
2026-08-03T17:24:14.252592,687,0.277,0.247,0.000,14.1
2026-08-03T17:24:14.277018,688,0.280,0.199,0.000,43.5
2026-08-03T17:24:14.316654,689,0.284,0.177,0.000,25.7
2026-08-03T17:24:14.420578,690,0.281,0.084,0.000,9.7
2026-08-03T17:24:14.430120,691,0.279,0.045,0.000,111.8
2026-08-03T17:24:14.478841,692,0.281,0.018,0.000,20.8
2026-08-03T17:24:14.549184,693,0.281,0.012,0.000,14.4
2026-08-03T17:24:14.580388,694,0.276,0.007,0.000,32.8
2026-08-03T17:24:14.611520,695,0.278,0.007,0.000,32.9
2026-08-03T17:24:14.681205,696,0.278,0.006,0.000,14.6
2026-08-03T17:24:14.690509,697,0.275,0.005,0.000,117.2
2026-08-03T17:24:14.748677,698,0.272,0.005,0.000,17.8
2026-08-03T17:24:14.842967,699,0.276,0.004,0.000,10.7
2026-08-03T17:24:14.855497,700,0.278,0.003,0.000,84.7
2026-08-03T17:24:14.911951,701,0.262,0.006,0.000,18.2
2026-08-03T17:24:14.978939,702,0.109,0.009,0.000,15.2
2026-08-03T17:24:15.012602,703,0.079,0.005,0.000,30.3
2026-08-03T17:24:15.049985,704,0.113,0.004,0.000,27.8
2026-08-03T17:24:15.146070,705,0.153,0.004,0.000,10.5
2026-08-03T17:24:15.156918,706,0.184,0.005,0.000,99.3
2026-08-03T17:24:15.211995,707,0.213,0.006,0.000,18.5
2026-08-03T17:24:15.277952,708,0.219,0.005,0.000,15.4
2026-08-03T17:24:15.289151,709,0.228,0.003,0.000,95.3
2026-08-03T17:24:15.343480,710,0.233,0.003,0.000,18.8
2026-08-03T17:24:15.412155,711,0.240,0.004,0.000,14.8
2026-08-03T17:24:15.444438,712,0.251,0.005,0.000,31.7
2026-08-03T17:24:15.480477,713,0.257,0.005,0.000,28.5
2026-08-03T17:24:15.573816,714,0.265,0.004,0.000,10.8
2026-08-03T17:24:15.582089,715,0.268,0.005,0.000,131.8
2026-08-03T17:24:15.644524,716,0.272,0.003,0.000,16.3
2026-08-03T17:24:15.709660,717,0.274,0.003,0.000,15.6
2026-08-03T17:24:15.744709,718,0.276,0.002,0.000,29.1
2026-08-03T17:24:15.777808,719,0.276,0.001,0.000,30.9
2026-08-03T17:24:15.842975,720,0.278,0.001,0.000,15.7
2026-08-03T17:24:15.853730,721,0.278,0.002,0.000,99.3
2026-08-03T17:24:15.910651,722,0.278,0.002,0.000,17.9
2026-08-03T17:24:16.005523,723,0.279,0.002,0.000,10.7
2026-08-03T17:24:16.017205,724,0.279,0.003,0.000,90.8
2026-08-03T17:24:16.077912,725,0.282,0.003,0.000,16.8
2026-08-03T17:24:16.142857,726,0.282,0.003,0.000,15.7
2026-08-03T17:24:16.176782,727,0.285,0.004,0.000,30.1
2026-08-03T17:24:16.214154,728,0.287,0.004,0.000,27.8
2026-08-03T17:24:16.306239,729,0.290,0.004,0.000,11.0
2026-08-03T17:24:16.314995,730,0.291,0.005,0.000,123.2
2026-08-03T17:24:16.376318,731,0.291,0.005,0.000,17.0
2026-08-03T17:24:16.438066,732,0.290,0.005,0.000,16.5
2026-08-03T17:24:16.446010,733,0.290,0.006,0.000,138.1
2026-08-03T17:24:16.508429,734,0.291,0.006,0.000,16.3
2026-08-03T17:24:16.573311,735,0.293,0.007,0.000,15.7
2026-08-03T17:24:16.609057,736,0.293,0.006,0.000,28.5
2026-08-03T17:24:16.645030,737,0.293,0.007,0.000,28.4
2026-08-03T17:24:16.737978,738,0.293,0.007,0.000,10.8
2026-08-03T17:24:16.749687,739,0.293,0.007,0.000,100.0
2026-08-03T17:24:16.807467,740,0.294,0.006,0.000,17.8
2026-08-03T17:24:16.873558,741,0.295,0.007,0.000,15.5
2026-08-03T17:24:16.907445,742,0.283,0.008,0.000,30.1
2026-08-03T17:24:16.940846,743,0.276,0.008,0.000,30.9
2026-08-03T17:24:17.005732,744,0.274,0.007,0.000,15.7
2026-08-03T17:24:17.018765,745,0.265,0.007,0.000,88.3
2026-08-03T17:24:17.076994,746,0.265,0.007,0.000,17.5
2026-08-03T17:24:17.174526,747,0.259,0.006,0.000,10.4
2026-08-03T17:24:17.183406,748,0.261,0.005,0.000,124.5
2026-08-03T17:24:17.240209,749,0.255,0.005,0.000,18.4
2026-08-03T17:24:17.306953,750,0.256,0.005,0.000,15.2
2026-08-03T17:24:17.341221,751,0.251,0.007,0.000,29.8
2026-08-03T17:24:17.377672,752,0.249,0.007,0.000,29.8
2026-08-03T17:24:17.473500,753,0.249,0.006,0.000,10.6
2026-08-03T17:24:17.483266,754,0.249,0.007,0.000,110.2
2026-08-03T17:24:17.539301,755,0.249,0.007,0.000,18.2
2026-08-03T17:24:17.601714,756,0.249,0.007,0.000,16.4
2026-08-03T17:24:17.610939,757,0.249,0.007,0.000,117.3
2026-08-03T17:24:17.672252,758,0.246,0.007,0.000,16.6
2026-08-03T17:24:17.743390,759,0.246,0.007,0.000,14.3
2026-08-03T17:24:17.771466,760,0.245,0.007,0.000,36.5
2026-08-03T17:24:17.807195,761,0.245,0.007,0.000,29.1
2026-08-03T17:24:17.903170,762,0.245,0.006,0.000,10.5
2026-08-03T17:24:17.913713,763,0.245,0.006,0.000,101.7
2026-08-03T17:24:17.973029,764,0.245,0.006,0.000,17.1
2026-08-03T17:24:18.043068,765,0.247,0.006,0.000,14.5
2026-08-03T17:24:18.070034,766,0.249,0.006,0.000,38.1
2026-08-03T17:24:18.104145,767,0.249,0.006,0.000,30.6
2026-08-03T17:24:18.174570,768,0.248,0.006,0.000,14.4
2026-08-03T17:24:18.183796,769,0.249,0.006,0.000,118.4
2026-08-03T17:24:18.240561,770,0.248,0.006,0.000,17.9
2026-08-03T17:24:18.335922,771,0.248,0.007,0.000,10.6
2026-08-03T17:24:18.345983,772,0.249,0.007,0.000,106.7
2026-08-03T17:24:18.403961,773,0.247,0.006,0.000,17.5
2026-08-03T17:24:18.471746,774,0.246,0.006,0.000,15.0
2026-08-03T17:24:18.505239,775,0.245,0.006,0.000,30.4
2026-08-03T17:24:18.541057,776,0.246,0.006,0.000,29.1
2026-08-03T17:24:18.635274,777,0.242,0.005,0.000,10.7
2026-08-03T17:24:18.644202,778,0.242,0.005,0.000,120.0
2026-08-03T17:24:18.704309,779,0.243,0.005,0.000,17.3
2026-08-03T17:24:18.768564,780,0.244,0.005,0.000,15.9
2026-08-03T17:24:18.776826,781,0.244,0.006,0.000,132.6
2026-08-03T17:24:18.836166,782,0.247,0.005,0.000,17.1
2026-08-03T17:24:18.905564,783,0.247,0.006,0.000,14.7
2026-08-03T17:24:18.934048,784,0.248,0.006,0.000,36.1
2026-08-03T17:24:18.971442,785,0.248,0.006,0.000,27.3
2026-08-03T17:24:19.066806,786,0.248,0.005,0.000,10.6
2026-08-03T17:24:19.075999,787,0.250,0.006,0.000,118.1
2026-08-03T17:24:19.137292,788,0.251,0.004,0.000,16.6
2026-08-03T17:24:19.209833,789,0.245,0.004,0.000,14.0
2026-08-03T17:24:19.232657,790,0.214,0.007,0.000,45.3
2026-08-03T17:24:19.270336,791,0.179,0.007,0.000,27.1
2026-08-03T17:24:19.338297,792,0.161,0.007,0.000,14.9
2026-08-03T17:24:19.347389,793,0.163,0.007,0.000,119.1
2026-08-03T17:24:19.403998,794,0.159,0.007,0.000,18.0
2026-08-03T17:24:19.499838,795,0.163,0.006,0.000,10.6
2026-08-03T17:24:19.512911,796,0.179,0.007,0.000,80.6
2026-08-03T17:24:19.568029,797,0.180,0.006,0.000,18.6
2026-08-03T17:24:19.637923,798,0.188,0.006,0.000,14.5
2026-08-03T17:24:19.666558,799,0.195,0.007,0.000,35.7
2026-08-03T17:24:19.705059,800,0.194,0.006,0.000,26.5
2026-08-03T17:24:19.799527,801,0.209,0.006,0.000,10.7
2026-08-03T17:24:19.807702,802,0.213,0.006,0.000,132.2
2026-08-03T17:24:19.867823,803,0.214,0.005,0.000,16.9
2026-08-03T17:24:19.929631,804,0.214,0.004,0.000,16.6
2026-08-03T17:24:19.938581,805,0.211,0.006,0.000,120.7
2026-08-03T17:24:20.001524,806,0.210,0.006,0.000,16.1
2026-08-03T17:24:20.072685,807,0.210,0.004,0.000,14.3
2026-08-03T17:24:20.099601,808,0.213,0.005,0.000,38.2
2026-08-03T17:24:20.137347,809,0.213,0.005,0.000,27.2
2026-08-03T17:24:20.231048,810,0.212,0.006,0.000,10.8
2026-08-03T17:24:20.241313,811,0.213,0.006,0.000,103.5
2026-08-03T17:24:20.300167,812,0.214,0.006,0.000,17.4
2026-08-03T17:24:20.365517,813,0.214,0.006,0.000,15.6
2026-08-03T17:24:20.400349,814,0.210,0.007,0.000,29.3
2026-08-03T17:24:20.434173,815,0.210,0.006,0.000,30.6
2026-08-03T17:24:20.500516,816,0.213,0.006,0.000,15.4
2026-08-03T17:24:20.513874,817,0.212,0.006,0.000,79.2
2026-08-03T17:24:20.569946,818,0.208,0.005,0.000,18.2
2026-08-03T17:24:20.663930,819,0.208,0.006,0.000,10.7
2026-08-03T17:24:20.677010,820,0.213,0.006,0.000,80.9
2026-08-03T17:24:20.732240,821,0.214,0.006,0.000,18.5
2026-08-03T17:24:20.800826,822,0.214,0.005,0.000,14.9
2026-08-03T17:24:20.832650,823,0.212,0.006,0.000,32.1
2026-08-03T17:24:20.868895,824,0.212,0.006,0.000,28.9
2026-08-03T17:24:20.965103,825,0.209,0.005,0.000,10.6
2026-08-03T17:24:20.974322,826,0.209,0.005,0.000,116.5
2026-08-03T17:24:21.032183,827,0.211,0.005,0.000,18.1
2026-08-03T17:24:21.096380,828,0.211,0.005,0.000,15.9
2026-08-03T17:24:21.105461,829,0.210,0.004,0.000,120.2
2026-08-03T17:24:21.164870,830,0.118,0.004,0.000,17.1
2026-08-03T17:24:21.233669,831,0.107,0.004,0.000,14.9
2026-08-03T17:24:21.262861,832,0.097,0.004,0.000,35.1
2026-08-03T17:24:21.301699,833,0.098,0.004,0.000,26.5
2026-08-03T17:24:21.395226,834,0.142,0.005,0.000,10.8
2026-08-03T17:24:21.405555,835,0.160,0.005,0.000,104.1
2026-08-03T17:24:21.463450,836,0.190,0.006,0.000,17.5
2026-08-03T17:24:21.529513,837,0.198,0.007,0.000,15.4
2026-08-03T17:24:21.563826,838,0.198,0.007,0.000,29.7
2026-08-03T17:24:21.598008,839,0.197,0.007,0.000,30.1
2026-08-03T17:24:21.666696,840,0.200,0.006,0.000,14.9
2026-08-03T17:24:21.675325,841,0.205,0.006,0.000,129.9
2026-08-03T17:24:21.732649,842,0.205,0.006,0.000,17.7
2026-08-03T17:24:21.824743,843,0.208,0.006,0.000,11.0
2026-08-03T17:24:21.837280,844,0.211,0.005,0.000,93.2
2026-08-03T17:24:21.897929,845,0.217,0.005,0.000,16.7
2026-08-03T17:24:21.963413,846,0.220,0.005,0.000,15.5
2026-08-03T17:24:21.998345,847,0.227,0.005,0.000,29.2
2026-08-03T17:24:22.032900,848,0.232,0.005,0.000,30.2
2026-08-03T17:24:22.131696,849,0.237,0.005,0.000,10.2
2026-08-03T17:24:22.142354,850,0.241,0.005,0.000,100.3
2026-08-03T17:24:22.197073,851,0.240,0.005,0.000,18.5
2026-08-03T17:24:22.263218,852,0.241,0.005,0.000,15.3
2026-08-03T17:24:22.274346,853,0.236,0.006,0.000,96.4
2026-08-03T17:24:22.327630,854,0.237,0.005,0.000,19.7
2026-08-03T17:24:22.398298,855,0.236,0.005,0.000,14.4
2026-08-03T17:24:22.426345,856,0.239,0.005,0.000,36.5
2026-08-03T17:24:22.464308,857,0.236,0.005,0.000,26.9
2026-08-03T17:24:22.560315,858,0.236,0.005,0.000,10.5
2026-08-03T17:24:22.570194,859,0.235,0.005,0.000,108.2
2026-08-03T17:24:22.628440,860,0.234,0.005,0.000,17.6
2026-08-03T17:24:22.693133,861,0.235,0.006,0.000,15.8
2026-08-03T17:24:22.727131,862,0.232,0.007,0.000,30.0
2026-08-03T17:24:22.758157,863,0.232,0.007,0.000,33.4
2026-08-03T17:24:22.825764,864,0.232,0.005,0.000,15.1
2026-08-03T17:24:22.836440,865,0.233,0.005,0.000,100.9
2026-08-03T17:24:22.895112,866,0.235,0.006,0.000,17.3
2026-08-03T17:24:22.990151,867,0.234,0.005,0.000,10.6
2026-08-03T17:24:23.001454,868,0.236,0.005,0.000,94.7
2026-08-03T17:24:23.059830,869,0.240,0.006,0.000,17.4
2026-08-03T17:24:23.124337,870,0.241,0.006,0.000,15.8
2026-08-03T17:24:23.160431,871,0.242,0.006,0.000,28.3
2026-08-03T17:24:23.197400,872,0.242,0.006,0.000,27.9
2026-08-03T17:24:23.289134,873,0.243,0.005,0.000,11.0
2026-08-03T17:24:23.298006,874,0.244,0.006,0.000,121.6
2026-08-03T17:24:23.359524,875,0.242,0.005,0.000,16.5
2026-08-03T17:24:23.419972,876,0.242,0.005,0.000,16.9
2026-08-03T17:24:23.430924,877,0.242,0.006,0.000,97.8
2026-08-03T17:24:23.492429,878,0.243,0.006,0.000,16.7
2026-08-03T17:24:23.557995,879,0.245,0.006,0.000,15.5
2026-08-03T17:24:23.593360,880,0.244,0.005,0.000,28.9
2026-08-03T17:24:23.628591,881,0.242,0.005,0.000,29.1
2026-08-03T17:24:23.722340,882,0.242,0.005,0.000,10.8
2026-08-03T17:24:23.731431,883,0.243,0.005,0.000,119.6
2026-08-03T17:24:23.790740,884,0.246,0.004,0.000,17.2
2026-08-03T17:24:23.857837,885,0.246,0.004,0.000,15.2
2026-08-03T17:24:23.892367,886,0.237,0.004,0.000,29.6
2026-08-03T17:24:23.924386,887,0.239,0.004,0.000,32.1
2026-08-03T17:24:23.989529,888,0.234,0.004,0.000,15.6
2026-08-03T17:24:23.999217,889,0.234,0.004,0.000,111.2
2026-08-03T17:24:24.060272,890,0.237,0.004,0.000,16.6
2026-08-03T17:24:24.154954,891,0.236,0.005,0.000,10.7
2026-08-03T17:24:24.166216,892,0.236,0.006,0.000,95.0
2026-08-03T17:24:24.224371,893,0.235,0.005,0.000,17.6
2026-08-03T17:24:24.290957,894,0.233,0.004,0.000,15.3
2026-08-03T17:24:24.324168,895,0.229,0.004,0.000,30.7
2026-08-03T17:24:24.360405,896,0.226,0.005,0.000,28.5
2026-08-03T17:24:24.456488,897,0.231,0.004,0.000,10.6
2026-08-03T17:24:24.465624,898,0.232,0.004,0.000,118.3
2026-08-03T17:24:24.523994,899,0.257,0.002,0.000,17.9
2026-08-03T17:24:24.588087,900,0.271,0.013,0.000,16.0
2026-08-03T17:24:24.597919,901,0.276,0.026,0.000,110.3
2026-08-03T17:24:24.657358,902,0.186,0.018,0.000,17.5
2026-08-03T17:24:24.725786,903,0.083,0.011,0.000,14.9
2026-08-03T17:24:24.755317,904,0.048,0.022,0.000,36.0
2026-08-03T17:24:24.793300,905,0.044,0.020,0.000,26.9
2026-08-03T17:24:24.889773,906,0.094,0.048,0.000,10.4
2026-08-03T17:24:24.900532,907,0.136,0.047,0.000,99.2
2026-08-03T17:24:24.956105,908,0.225,0.090,0.000,18.3
2026-08-03T17:24:25.025290,909,0.246,0.075,0.000,14.7
2026-08-03T17:24:25.056644,910,0.215,0.102,0.000,32.6
2026-08-03T17:24:25.087423,911,0.220,0.058,0.000,33.8
2026-08-03T17:24:25.156836,912,0.187,0.048,0.000,14.7
2026-08-03T17:24:25.169350,913,0.159,0.044,0.000,84.6
2026-08-03T17:24:25.224550,914,0.159,0.081,0.000,18.7
2026-08-03T17:24:25.322120,915,0.206,0.014,0.000,10.5
2026-08-03T17:24:25.330817,916,0.221,0.004,0.000,126.6
2026-08-03T17:24:25.388319,917,0.243,0.013,0.000,17.7
2026-08-03T17:24:25.457457,918,0.257,0.007,0.000,14.8
2026-08-03T17:24:25.488533,919,0.282,0.014,0.000,32.9
2026-08-03T17:24:25.526601,920,0.277,0.007,0.000,27.7
2026-08-03T17:24:25.621394,921,0.256,0.005,0.000,10.7
2026-08-03T17:24:25.631926,922,0.246,0.004,0.000,101.4
2026-08-03T17:24:25.689187,923,0.223,0.019,0.000,17.9
2026-08-03T17:24:25.750232,924,0.221,0.022,0.000,16.7
2026-08-03T17:24:25.758995,925,0.220,0.012,0.000,124.9
2026-08-03T17:24:25.820856,926,0.209,0.073,0.000,16.4
2026-08-03T17:24:25.891911,927,0.217,0.021,0.000,14.3
2026-08-03T17:24:25.918440,928,0.208,0.038,0.000,38.8
2026-08-03T17:24:25.958866,929,0.213,0.022,0.000,25.6
2026-08-03T17:24:26.049997,930,0.204,0.048,0.000,11.1
2026-08-03T17:24:26.060570,931,0.116,0.045,0.000,100.7
2026-08-03T17:24:26.121805,932,0.025,0.121,0.000,16.7
2026-08-03T17:24:26.188447,933,0.020,0.132,0.000,15.3
2026-08-03T17:24:26.220773,934,0.013,0.194,0.000,31.6
2026-08-03T17:24:26.255994,935,0.081,0.217,0.000,29.3
2026-08-03T17:24:26.318795,936,0.180,0.235,0.000,16.3
2026-08-03T17:24:26.329502,937,0.211,0.227,0.000,99.8
2026-08-03T17:24:26.388349,938,0.230,0.107,0.000,17.2
2026-08-03T17:24:26.484550,939,0.247,0.030,0.000,10.5
2026-08-03T17:24:26.494773,940,0.244,0.021,0.000,104.5
2026-08-03T17:24:26.553532,941,0.241,0.006,0.000,17.2
2026-08-03T17:24:26.621552,942,0.241,0.013,0.000,14.9
2026-08-03T17:24:26.652650,943,0.233,0.012,0.000,33.0
2026-08-03T17:24:26.689097,944,0.233,0.010,0.000,28.3
2026-08-03T17:24:26.784943,945,0.236,0.006,0.000,10.5
2026-08-03T17:24:26.793349,946,0.239,0.007,0.000,128.8
2026-08-03T17:24:26.852522,947,0.234,0.017,0.000,17.2
2026-08-03T17:24:26.917303,948,0.163,0.021,0.000,15.7
2026-08-03T17:24:26.926836,949,0.059,0.025,0.000,113.1
2026-08-03T17:24:26.985605,950,0.065,0.037,0.000,17.8
2026-08-03T17:24:27.051054,951,0.076,0.031,0.000,15.6
2026-08-03T17:24:27.084760,952,0.085,0.022,0.000,30.5
2026-08-03T17:24:27.121989,953,0.084,0.019,0.000,27.6
2026-08-03T17:24:27.213032,954,0.096,0.011,0.000,11.1
2026-08-03T17:24:27.222002,955,0.109,0.005,0.000,120.4
2026-08-03T17:24:27.284571,956,0.097,0.010,0.000,16.3
2026-08-03T17:24:27.349627,957,0.056,0.006,0.000,15.6
2026-08-03T17:24:27.386054,958,0.033,0.008,0.000,27.9
2026-08-03T17:24:27.416513,959,0.038,0.009,0.000,33.9
2026-08-03T17:24:27.482610,960,0.042,0.004,0.000,15.5
2026-08-03T17:24:27.493106,961,0.069,0.004,0.000,102.4
2026-08-03T17:24:27.552389,962,0.102,0.004,0.000,17.2
2026-08-03T17:24:27.647774,963,0.117,0.003,0.000,10.6
2026-08-03T17:24:27.659039,964,0.108,0.008,0.000,95.3
2026-08-03T17:24:27.717741,965,0.132,0.003,0.000,17.3
2026-08-03T17:24:27.782809,966,0.113,0.004,0.000,15.6
2026-08-03T17:24:27.816610,967,0.112,0.002,0.000,30.2
2026-08-03T17:24:27.854673,968,0.112,0.003,0.000,26.9
2026-08-03T17:24:27.949465,969,0.118,0.005,0.000,10.6
2026-08-03T17:24:27.958581,970,0.121,0.005,0.000,118.7
2026-08-03T17:24:28.016968,971,0.133,0.002,0.000,17.4
2026-08-03T17:24:28.076782,972,0.147,0.002,0.000,17.0
2026-08-03T17:24:28.090138,973,0.154,0.002,0.000,79.1
2026-08-03T17:24:28.148187,974,0.151,0.001,0.000,17.6
2026-08-03T17:24:28.213584,975,0.150,0.001,0.000,15.5
2026-08-03T17:24:28.247790,976,0.153,0.005,0.000,29.9
2026-08-03T17:24:28.285111,977,0.154,0.004,0.000,27.5
2026-08-03T17:24:28.379158,978,0.147,0.007,0.000,10.7
2026-08-03T17:24:28.392351,979,0.150,0.005,0.000,84.0
2026-08-03T17:24:28.448637,980,0.148,0.004,0.000,18.0
2026-08-03T17:24:28.518946,981,0.149,0.004,0.000,14.4
2026-08-03T17:24:28.546482,982,0.153,0.002,0.000,37.2
2026-08-03T17:24:28.579688,983,0.152,0.002,0.000,30.9
2026-08-03T17:24:28.651929,984,0.154,0.001,0.000,14.0
2026-08-03T17:24:28.662298,985,0.157,0.001,0.000,104.1
2026-08-03T17:24:28.715714,986,0.162,0.001,0.000,18.9
2026-08-03T17:24:28.815080,987,0.162,0.001,0.000,10.2
2026-08-03T17:24:28.826028,988,0.160,0.001,0.000,97.6
2026-08-03T17:24:28.878180,989,0.164,0.001,0.000,19.5
2026-08-03T17:24:28.946649,990,0.163,0.002,0.000,14.8
2026-08-03T17:24:28.980010,991,0.163,0.002,0.000,31.1
2026-08-03T17:24:29.015187,992,0.163,0.002,0.000,29.0
2026-08-03T17:24:29.117473,993,0.165,0.001,0.000,9.9
2026-08-03T17:24:29.126898,994,0.164,0.001,0.000,115.4
2026-08-03T17:24:29.180100,995,0.164,0.001,0.000,19.2
2026-08-03T17:24:29.248664,996,0.166,0.002,0.000,14.8
2026-08-03T17:24:29.259388,997,0.178,0.001,0.000,99.9
2026-08-03T17:24:29.313356,998,0.210,0.002,0.000,18.8
2026-08-03T17:24:29.379576,999,0.224,0.002,0.000,15.3
2026-08-03T17:24:29.413844,1000,0.242,0.002,0.000,29.8
2026-08-03T17:24:29.448985,1001,0.258,0.002,0.000,29.6
2026-08-03T17:24:29.542967,1002,0.108,0.005,0.000,10.8
2026-08-03T17:24:29.553878,1003,0.032,0.004,0.000,97.3
2026-08-03T17:24:29.613754,1004,0.042,0.003,0.000,17.1
2026-08-03T17:24:29.679925,1005,0.100,0.004,0.000,15.3
2026-08-03T17:24:29.713677,1006,0.178,0.004,0.000,30.2
2026-08-03T17:24:29.746151,1007,0.201,0.004,0.000,31.7
2026-08-03T17:24:29.812625,1008,0.219,0.005,0.000,15.2
2026-08-03T17:24:29.822010,1009,0.236,0.004,0.000,117.1
2026-08-03T17:24:29.881223,1010,0.247,0.004,0.000,17.1
2026-08-03T17:24:29.975789,1011,0.250,0.004,0.000,10.7
2026-08-03T17:24:29.985389,1012,0.250,0.004,0.000,127.9
2026-08-03T17:24:30.043878,1013,0.254,0.004,0.000,17.5
2026-08-03T17:24:30.110788,1014,0.256,0.004,0.000,15.3
2026-08-03T17:24:30.144498,1015,0.255,0.003,0.000,30.3
2026-08-03T17:24:30.180286,1016,0.257,0.003,0.000,29.0
2026-08-03T17:24:30.277819,1017,0.264,0.003,0.000,10.3
2026-08-03T17:24:30.290212,1018,0.268,0.003,0.000,93.0
2026-08-03T17:24:30.345680,1019,0.270,0.003,0.000,18.6
2026-08-03T17:24:30.407117,1020,0.268,0.003,0.000,16.6
2026-08-03T17:24:30.418502,1021,0.269,0.003,0.000,95.7
2026-08-03T17:24:30.475732,1022,0.267,0.004,0.000,17.7
2026-08-03T17:24:30.545766,1023,0.266,0.004,0.000,14.5
2026-08-03T17:24:30.575280,1024,0.266,0.003,0.000,35.9
2026-08-03T17:24:30.612233,1025,0.266,0.003,0.000,27.7
2026-08-03T17:24:30.706362,1026,0.265,0.003,0.000,10.7
2026-08-03T17:24:30.717836,1027,0.266,0.003,0.000,92.5
2026-08-03T17:24:30.776584,1028,0.266,0.003,0.000,17.5
2026-08-03T17:24:30.842886,1029,0.267,0.003,0.000,15.4
2026-08-03T17:24:30.876516,1030,0.265,0.003,0.000,30.3
2026-08-03T17:24:30.909506,1031,0.266,0.003,0.000,31.5
2026-08-03T17:24:30.978440,1032,0.266,0.003,0.000,14.7
2026-08-03T17:24:30.987316,1033,0.266,0.003,0.000,123.9
2026-08-03T17:24:31.043518,1034,0.265,0.003,0.000,18.5
2026-08-03T17:24:31.139661,1035,0.266,0.002,0.000,10.5
2026-08-03T17:24:31.148168,1036,0.267,0.003,0.000,128.6
2026-08-03T17:24:31.209008,1037,0.268,0.003,0.000,16.6
2026-08-03T17:24:31.274022,1038,0.269,0.003,0.000,15.6
2026-08-03T17:24:31.307022,1039,0.265,0.003,0.000,31.1
2026-08-03T17:24:31.343477,1040,0.117,0.003,0.000,28.2
2026-08-03T17:24:31.437900,1041,0.039,0.004,0.000,10.7
2026-08-03T17:24:31.447825,1042,0.045,0.005,0.000,108.7
2026-08-03T17:24:31.508281,1043,0.102,0.004,0.000,17.3
2026-08-03T17:24:31.570478,1044,0.139,0.005,0.000,16.4
2026-08-03T17:24:31.579506,1045,0.183,0.004,0.000,119.6
2026-08-03T17:24:31.640365,1046,0.221,0.003,0.000,16.7
2026-08-03T17:24:31.707628,1047,0.234,0.003,0.000,15.1
2026-08-03T17:24:31.741237,1048,0.244,0.003,0.000,30.5
2026-08-03T17:24:31.775443,1049,0.249,0.003,0.000,30.3
2026-08-03T17:24:31.874082,1050,0.251,0.003,0.000,10.2
2026-08-03T17:24:31.884946,1051,0.258,0.003,0.000,101.8
2026-08-03T17:24:31.940335,1052,0.261,0.004,0.000,18.4
2026-08-03T17:24:32.008549,1053,0.262,0.003,0.000,14.9
2026-08-03T17:24:32.038755,1054,0.262,0.003,0.000,34.1
2026-08-03T17:24:32.072732,1055,0.262,0.003,0.000,30.5
2026-08-03T17:24:32.138815,1056,0.265,0.003,0.000,15.4
2026-08-03T17:24:32.149524,1057,0.268,0.004,0.000,99.5
2026-08-03T17:24:32.207828,1058,0.271,0.003,0.000,17.4
2026-08-03T17:24:32.303771,1059,0.271,0.003,0.000,10.6
2026-08-03T17:24:32.315093,1060,0.272,0.003,0.000,93.9
2026-08-03T17:24:32.373198,1061,0.274,0.003,0.000,17.4
2026-08-03T17:24:32.442416,1062,0.274,0.003,0.000,14.7
2026-08-03T17:24:32.472306,1063,0.274,0.003,0.000,34.3
2026-08-03T17:24:32.508096,1064,0.273,0.003,0.000,28.8
2026-08-03T17:24:32.603304,1065,0.272,0.003,0.000,10.6
2026-08-03T17:24:32.614010,1066,0.274,0.003,0.000,99.3
2026-08-03T17:24:32.672168,1067,0.277,0.003,0.000,17.4
2026-08-03T17:24:32.737403,1068,0.279,0.003,0.000,15.5
2026-08-03T17:24:32.747300,1069,0.280,0.004,0.000,108.5
2026-08-03T17:24:32.803961,1070,0.286,0.004,0.000,17.9
2026-08-03T17:24:32.874026,1071,0.291,0.004,0.000,14.5
2026-08-03T17:24:32.903119,1072,0.295,0.004,0.000,35.6
2026-08-03T17:24:32.940348,1073,0.296,0.004,0.000,27.4
2026-08-03T17:24:33.035491,1074,0.296,0.003,0.000,10.6
2026-08-03T17:24:33.044426,1075,0.296,0.003,0.000,120.8
2026-08-03T17:24:33.103599,1076,0.295,0.003,0.000,17.2
2026-08-03T17:24:33.170541,1077,0.296,0.003,0.000,15.1
2026-08-03T17:24:33.204917,1078,0.297,0.003,0.000,29.6
2026-08-03T17:24:33.236678,1079,0.298,0.003,0.000,32.6
2026-08-03T17:24:33.303019,1080,0.300,0.003,0.000,15.3
2026-08-03T17:24:33.314428,1081,0.301,0.003,0.000,93.8
2026-08-03T17:24:33.372601,1082,0.301,0.003,0.000,17.7
2026-08-03T17:24:33.471939,1083,0.303,0.003,0.000,10.2
2026-08-03T17:24:33.482460,1084,0.304,0.003,0.000,102.7
2026-08-03T17:24:33.536410,1085,0.306,0.003,0.000,18.9
2026-08-03T17:24:33.605410,1086,0.306,0.003,0.000,14.7
2026-08-03T17:24:33.636972,1087,0.305,0.003,0.000,32.3
2026-08-03T17:24:33.671610,1088,0.305,0.003,0.000,29.9
2026-08-03T17:24:33.766675,1089,0.302,0.003,0.000,10.6
2026-08-03T17:24:33.775978,1090,0.301,0.003,0.000,115.3
2026-08-03T17:24:33.835299,1091,0.300,0.003,0.000,17.4
2026-08-03T17:24:33.899381,1092,0.300,0.003,0.000,15.8
2026-08-03T17:24:33.910332,1093,0.300,0.003,0.000,98.6
2026-08-03T17:24:33.968984,1094,0.299,0.003,0.000,17.3
2026-08-03T17:24:34.034997,1095,0.300,0.003,0.000,15.4
2026-08-03T17:24:34.069740,1096,0.299,0.003,0.000,29.4
2026-08-03T17:24:34.105657,1097,0.300,0.003,0.000,28.8
2026-08-03T17:24:34.199408,1098,0.295,0.003,0.000,10.8
2026-08-03T17:24:34.210643,1099,0.296,0.003,0.000,94.8
2026-08-03T17:24:34.268097,1100,0.295,0.003,0.000,17.8
2026-08-03T17:24:34.337224,1101,0.294,0.003,0.000,14.7
2026-08-03T17:24:34.369424,1102,0.293,0.003,0.000,31.9
2026-08-03T17:24:34.402907,1103,0.294,0.003,0.000,31.2
2026-08-03T17:24:34.469787,1104,0.293,0.003,0.000,15.3
2026-08-03T17:24:34.478599,1105,0.267,0.004,0.000,123.7
2026-08-03T17:24:34.537386,1106,0.040,0.122,0.000,17.2
2026-08-03T17:24:34.634464,1107,0.058,0.176,0.000,10.4
2026-08-03T17:24:34.642935,1108,0.089,0.210,0.000,128.5
2026-08-03T17:24:34.701902,1109,0.161,0.322,0.000,17.3
2026-08-03T17:24:34.772729,1110,0.195,0.367,0.000,14.3
2026-08-03T17:24:34.798105,1111,0.229,0.522,0.000,40.6
2026-08-03T17:24:34.836326,1112,0.235,0.569,0.000,27.3
2026-08-03T17:24:34.934542,1113,0.250,0.608,0.000,10.3
2026-08-03T17:24:34.945836,1114,0.255,0.665,0.000,93.6
2026-08-03T17:24:35.001142,1115,0.255,0.671,0.000,18.5
2026-08-03T17:24:35.071012,1116,0.255,0.667,0.000,14.5
2026-08-03T17:24:35.082288,1117,0.255,0.697,0.000,94.9
2026-08-03T17:24:35.131410,1118,0.260,0.705,0.000,20.7
2026-08-03T17:24:35.197979,1119,0.261,0.718,0.000,15.3
2026-08-03T17:24:35.231094,1120,0.264,0.745,0.000,30.9
2026-08-03T17:24:35.267720,1121,0.267,0.749,0.000,27.8
2026-08-03T17:24:35.361750,1122,0.269,0.755,0.000,10.8
2026-08-03T17:24:35.369471,1123,0.270,0.753,0.000,142.1
2026-08-03T17:24:35.433727,1124,0.273,0.752,0.000,16.1
2026-08-03T17:24:35.498897,1125,0.275,0.773,0.000,15.5
2026-08-03T17:24:35.532359,1126,0.275,0.777,0.000,30.5
2026-08-03T17:24:35.566922,1127,0.277,0.783,0.000,29.9
2026-08-03T17:24:35.636596,1128,0.277,0.789,0.000,14.6
2026-08-03T17:24:35.645510,1129,0.280,0.809,0.000,123.0
2026-08-03T17:24:35.699191,1130,0.285,0.830,0.000,18.9
2026-08-03T17:24:35.796196,1131,0.290,0.860,0.000,10.4
2026-08-03T17:24:35.808557,1132,0.289,0.881,0.000,85.7
2026-08-03T17:24:35.865233,1133,0.292,0.893,0.000,18.5
2026-08-03T17:24:35.935546,1134,0.291,0.901,0.000,14.4
2026-08-03T17:24:35.963002,1135,0.289,0.871,0.000,38.0
2026-08-03T17:24:36.001535,1136,0.289,0.830,0.000,26.6
2026-08-03T17:24:36.094735,1137,0.287,0.807,0.000,10.9
2026-08-03T17:24:36.106430,1138,0.286,0.805,0.000,91.2
2026-08-03T17:24:36.165043,1139,0.285,0.761,0.000,17.7
2026-08-03T17:24:36.230968,1140,0.285,0.744,0.000,15.4
2026-08-03T17:24:36.239879,1141,0.272,0.713,0.000,122.1
2026-08-03T17:24:36.297675,1142,0.265,0.636,0.000,18.1
2026-08-03T17:24:36.366279,1143,0.262,0.598,0.000,14.8
2026-08-03T17:24:36.395517,1144,0.273,0.511,0.000,35.2
2026-08-03T17:24:36.431218,1145,0.276,0.478,0.000,28.7
2026-08-03T17:24:36.531837,1146,0.281,0.348,0.000,10.0
2026-08-03T17:24:36.541519,1147,0.283,0.294,0.000,111.0
2026-08-03T17:24:36.598141,1148,0.287,0.246,0.000,17.9
2026-08-03T17:24:36.666680,1149,0.289,0.211,0.000,14.8
2026-08-03T17:24:36.694351,1150,0.294,0.133,0.000,37.0
2026-08-03T17:24:36.728381,1151,0.296,0.092,0.000,30.1
2026-08-03T17:24:36.803544,1152,0.261,0.048,0.000,13.5
2026-08-03T17:24:36.813438,1153,0.046,0.034,0.000,114.8
2026-08-03T17:24:36.864405,1154,0.024,0.014,0.000,19.9
2026-08-03T17:24:36.962678,1155,0.088,0.004,0.000,10.3
2026-08-03T17:24:36.972595,1156,0.131,0.003,0.000,123.4
2026-08-03T17:24:37.029048,1157,0.209,0.005,0.000,18.0
2026-08-03T17:24:37.103764,1158,0.236,0.006,0.000,13.6
2026-08-03T17:24:37.126102,1159,0.263,0.008,0.000,46.5
2026-08-03T17:24:37.165901,1160,0.274,0.006,0.000,25.6
2026-08-03T17:24:37.262274,1161,0.284,0.004,0.000,10.6
2026-08-03T17:24:37.274279,1162,0.287,0.002,0.000,89.6
2026-08-03T17:24:37.329984,1163,0.291,0.003,0.000,18.9
2026-08-03T17:24:37.393801,1164,0.292,0.003,0.000,15.9
2026-08-03T17:24:37.403114,1165,0.298,0.002,0.000,116.3
2026-08-03T17:24:37.459397,1166,0.297,0.006,0.000,18.1
2026-08-03T17:24:37.528267,1167,0.295,0.036,0.000,14.7
2026-08-03T17:24:37.559076,1168,0.297,0.175,0.000,33.3
2026-08-03T17:24:37.596715,1169,0.299,0.221,0.000,27.2
2026-08-03T17:24:37.691347,1170,0.299,0.269,0.000,10.7
2026-08-03T17:24:37.702096,1171,0.299,0.275,0.000,99.7
2026-08-03T17:24:37.760076,1172,0.291,0.309,0.000,17.5
2026-08-03T17:24:37.829373,1173,0.286,0.338,0.000,14.7
2026-08-03T17:24:37.858511,1174,0.285,0.395,0.000,35.2
2026-08-03T17:24:37.891948,1175,0.284,0.405,0.000,30.8
2026-08-03T17:24:37.957574,1176,0.283,0.426,0.000,15.5
2026-08-03T17:24:37.969096,1177,0.283,0.453,0.000,92.8
2026-08-03T17:24:38.029111,1178,0.282,0.467,0.000,17.0
2026-08-03T17:24:38.122217,1179,0.279,0.459,0.000,10.9
2026-08-03T17:24:38.132930,1180,0.278,0.471,0.000,101.3
2026-08-03T17:24:38.191883,1181,0.049,0.472,0.000,17.2
2026-08-03T17:24:38.257654,1182,0.011,0.486,0.000,15.4
2026-08-03T17:24:38.293347,1183,0.033,0.490,0.000,28.7
2026-08-03T17:24:38.329240,1184,0.054,0.503,0.000,28.7
2026-08-03T17:24:38.421088,1185,0.147,0.511,0.000,11.1
2026-08-03T17:24:38.429712,1186,0.183,0.507,0.000,125.6
2026-08-03T17:24:38.492455,1187,0.206,0.515,0.000,16.2
2026-08-03T17:24:38.554970,1188,0.218,0.510,0.000,16.3
2026-08-03T17:24:38.563610,1189,0.226,0.512,0.000,128.6
2026-08-03T17:24:38.623281,1190,0.234,0.512,0.000,17.1
2026-08-03T17:24:38.690266,1191,0.237,0.512,0.000,15.2
2026-08-03T17:24:38.725011,1192,0.244,0.500,0.000,29.4
2026-08-03T17:24:38.762199,1193,0.246,0.497,0.000,27.6
2026-08-03T17:24:38.854231,1194,0.247,0.496,0.000,11.0
2026-08-03T17:24:38.864390,1195,0.247,0.509,0.000,104.9
2026-08-03T17:24:38.924376,1196,0.248,0.497,0.000,17.1
2026-08-03T17:24:38.990160,1197,0.248,0.514,0.000,15.5
2026-08-03T17:24:39.023580,1198,0.249,0.512,0.000,30.5
2026-08-03T17:24:39.056407,1199,0.250,0.515,0.000,31.6
2026-08-03T17:24:39.127314,1200,0.251,0.514,0.000,14.3
2026-08-03T17:24:39.135729,1201,0.252,0.516,0.000,133.2
2026-08-03T17:24:39.192710,1202,0.253,0.511,0.000,17.8
2026-08-03T17:24:39.285847,1203,0.254,0.522,0.000,10.8
2026-08-03T17:24:39.296432,1204,0.254,0.510,0.000,101.3
2026-08-03T17:24:39.355828,1205,0.256,0.535,0.000,17.2
2026-08-03T17:24:39.423837,1206,0.256,0.544,0.000,14.9
2026-08-03T17:24:39.455429,1207,0.257,0.541,0.000,32.4
2026-08-03T17:24:39.492237,1208,0.257,0.537,0.000,28.3
2026-08-03T17:24:39.585104,1209,0.257,0.535,0.000,11.0
2026-08-03T17:24:39.597362,1210,0.258,0.519,0.000,86.6
2026-08-03T17:24:39.656301,1211,0.254,0.505,0.000,17.4
2026-08-03T17:24:39.717421,1212,0.257,0.515,0.000,16.7
2026-08-03T17:24:39.728092,1213,0.256,0.513,0.000,100.1
2026-08-03T17:24:39.788450,1214,0.257,0.504,0.000,17.0
2026-08-03T17:24:39.861609,1215,0.257,0.496,0.000,13.9
2026-08-03T17:24:39.885049,1216,0.259,0.488,0.000,44.2
2026-08-03T17:24:39.923602,1217,0.259,0.476,0.000,26.4
2026-08-03T17:24:40.018782,1218,0.260,0.413,0.000,10.6
2026-08-03T17:24:40.027405,1219,0.262,0.331,0.000,125.4
2026-08-03T17:24:40.089395,1220,0.263,0.188,0.000,16.7
2026-08-03T17:24:40.156786,1221,0.262,0.127,0.000,15.0
2026-08-03T17:24:40.187914,1222,0.047,0.062,0.000,32.8
2026-08-03T17:24:40.220683,1223,0.019,0.036,0.000,31.8
2026-08-03T17:24:40.287616,1224,0.017,0.028,0.000,15.3
2026-08-03T17:24:40.298518,1225,0.037,0.025,0.000,98.2
2026-08-03T17:24:40.356330,1226,0.101,0.018,0.000,17.5
2026-08-03T17:24:40.451206,1227,0.176,0.017,0.000,10.6
2026-08-03T17:24:40.459946,1228,0.207,0.015,0.000,124.5
2026-08-03T17:24:40.519301,1229,0.223,0.012,0.000,17.1
2026-08-03T17:24:40.588971,1230,0.233,0.012,0.000,14.6
2026-08-03T17:24:40.620203,1231,0.240,0.012,0.000,33.8
2026-08-03T17:24:40.655250,1232,0.244,0.011,0.000,29.4
2026-08-03T17:24:40.753022,1233,0.245,0.008,0.000,10.3
2026-08-03T17:24:40.761753,1234,0.244,0.015,0.000,123.7
2026-08-03T17:24:40.820124,1235,0.244,0.020,0.000,17.4
2026-08-03T17:24:40.885351,1236,0.244,0.024,0.000,15.6
2026-08-03T17:24:40.893877,1237,0.246,0.020,0.000,127.8
2026-08-03T17:24:40.950837,1238,0.246,0.023,0.000,17.9
2026-08-03T17:24:41.020714,1239,0.246,0.024,0.000,14.5
2026-08-03T17:24:41.051228,1240,0.247,0.027,0.000,33.7
2026-08-03T17:24:41.087593,1241,0.247,0.030,0.000,28.0
2026-08-03T17:24:41.184710,1242,0.248,0.058,0.000,10.4
2026-08-03T17:24:41.194229,1243,0.249,0.064,0.000,112.9
2026-08-03T17:24:41.252445,1244,0.250,0.067,0.000,17.4
2026-08-03T17:24:41.319640,1245,0.250,0.079,0.000,15.1
2026-08-03T17:24:41.352720,1246,0.249,0.115,0.000,30.8
2026-08-03T17:24:41.384579,1247,0.249,0.140,0.000,33.0
2026-08-03T17:24:41.450953,1248,0.252,0.161,0.000,15.3
2026-08-03T17:24:41.461139,1249,0.253,0.197,0.000,105.3
2026-08-03T17:24:41.519678,1250,0.256,0.243,0.000,17.3
2026-08-03T17:24:41.613171,1251,0.262,0.345,0.000,10.8
2026-08-03T17:24:41.623433,1252,0.263,0.364,0.000,104.6
2026-08-03T17:24:41.685153,1253,0.264,0.455,0.000,16.5
2026-08-03T17:24:41.749954,1254,0.265,0.487,0.000,15.6
2026-08-03T17:24:41.783524,1255,0.268,0.593,0.000,30.4
2026-08-03T17:24:41.821089,1256,0.268,0.617,0.000,27.2
2026-08-03T17:24:41.914425,1257,0.267,0.670,0.000,10.8
2026-08-03T17:24:41.924929,1258,0.268,0.714,0.000,101.4
2026-08-03T17:24:41.984458,1259,0.270,0.774,0.000,17.2
2026-08-03T17:24:42.048477,1260,0.270,0.814,0.000,15.8
2026-08-03T17:24:42.058473,1261,0.273,0.802,0.000,107.3
2026-08-03T17:24:42.116840,1262,0.277,0.813,0.000,17.3
2026-08-03T17:24:42.183619,1263,0.277,0.818,0.000,15.2
2026-08-03T17:24:42.216616,1264,0.282,0.807,0.000,31.0
2026-08-03T17:24:42.253692,1265,0.281,0.814,0.000,27.5
2026-08-03T17:24:42.346153,1266,0.279,0.825,0.000,10.9
2026-08-03T17:24:42.356751,1267,0.279,0.826,0.000,100.4
2026-08-03T17:24:42.416316,1268,0.277,0.807,0.000,17.0
2026-08-03T17:24:42.483604,1269,0.276,0.799,0.000,15.0
2026-08-03T17:24:42.515997,1270,0.276,0.795,0.000,31.5
2026-08-03T17:24:42.550117,1271,0.274,0.767,0.000,30.1
2026-08-03T17:24:42.614018,1272,0.274,0.743,0.000,16.0
2026-08-03T17:24:42.627286,1273,0.274,0.724,0.000,80.5
2026-08-03T17:24:42.685373,1274,0.273,0.724,0.000,17.7
2026-08-03T17:24:42.781204,1275,0.273,0.733,0.000,10.5
2026-08-03T17:24:42.790831,1276,0.275,0.727,0.000,113.0
2026-08-03T17:24:42.848210,1277,0.272,0.707,0.000,18.2
2026-08-03T17:24:42.914812,1278,0.271,0.701,0.000,15.2
2026-08-03T17:24:42.948780,1279,0.270,0.684,0.000,30.9
2026-08-03T17:24:42.983948,1280,0.269,0.670,0.000,29.2
2026-08-03T17:24:43.081211,1281,0.267,0.670,0.000,10.4
2026-08-03T17:24:43.091167,1282,0.269,0.673,0.000,107.7
2026-08-03T17:24:43.149219,1283,0.269,0.665,0.000,18.0
2026-08-03T17:24:43.209871,1284,0.266,0.648,0.000,16.8
2026-08-03T17:24:43.220769,1285,0.267,0.631,0.000,98.6
2026-08-03T17:24:43.281169,1286,0.268,0.615,0.000,16.9
2026-08-03T17:24:43.351483,1287,0.268,0.617,0.000,14.5
2026-08-03T17:24:43.378320,1288,0.267,0.561,0.000,38.3
2026-08-03T17:24:43.418316,1289,0.264,0.506,0.000,26.0
2026-08-03T17:24:43.516735,1290,0.099,0.362,0.000,10.3
2026-08-03T17:24:43.525717,1291,0.030,0.243,0.000,121.8
2026-08-03T17:24:43.580970,1292,0.034,0.145,0.000,18.4
2026-08-03T17:24:43.647060,1293,0.062,0.101,0.000,15.4
2026-08-03T17:24:43.680607,1294,0.179,0.028,0.000,30.5
2026-08-03T17:24:43.712668,1295,0.217,0.023,0.000,32.6
2026-08-03T17:24:43.781771,1296,0.242,0.015,0.000,14.8
2026-08-03T17:24:43.791540,1297,0.254,0.012,0.000,123.9
2026-08-03T17:24:43.848766,1298,0.270,0.008,0.000,18.2
2026-08-03T17:24:43.946397,1299,0.279,0.010,0.000,10.4
2026-08-03T17:24:43.955253,1300,0.282,0.011,0.000,123.4
2026-08-03T17:24:44.011583,1301,0.277,0.008,0.000,18.0
2026-08-03T17:24:44.078368,1302,0.279,0.003,0.000,15.3
2026-08-03T17:24:44.112249,1303,0.278,0.002,0.000,30.1
2026-08-03T17:24:44.148156,1304,0.278,0.003,0.000,28.6
2026-08-03T17:24:44.243620,1305,0.276,0.004,0.000,10.6
2026-08-03T17:24:44.253297,1306,0.276,0.005,0.000,110.9
2026-08-03T17:24:44.312184,1307,0.276,0.004,0.000,17.2
2026-08-03T17:24:44.383957,1308,0.276,0.004,0.000,14.2
2026-08-03T17:24:44.393782,1309,0.276,0.004,0.000,112.4
2026-08-03T17:24:44.444606,1310,0.277,0.005,0.000,20.0
2026-08-03T17:24:44.513021,1311,0.277,0.005,0.000,14.8
2026-08-03T17:24:44.544274,1312,0.277,0.005,0.000,32.7
2026-08-03T17:24:44.581503,1313,0.277,0.010,0.000,27.4
2026-08-03T17:24:44.678747,1314,0.277,0.010,0.000,10.4
2026-08-03T17:24:44.687820,1315,0.279,0.008,0.000,119.5
2026-08-03T17:24:44.744719,1316,0.277,0.007,0.000,17.9
2026-08-03T17:24:44.813617,1317,0.276,0.007,0.000,14.7
2026-08-03T17:24:44.845041,1318,0.275,0.006,0.000,32.7
2026-08-03T17:24:44.876276,1319,0.276,0.006,0.000,32.9
2026-08-03T17:24:44.942689,1320,0.277,0.006,0.000,15.2
2026-08-03T17:24:44.952244,1321,0.276,0.006,0.000,113.0
2026-08-03T17:24:45.013232,1322,0.276,0.006,0.000,16.6
2026-08-03T17:24:45.109716,1323,0.275,0.006,0.000,10.5
2026-08-03T17:24:45.119161,1324,0.274,0.006,0.000,114.6
2026-08-03T17:24:45.176694,1325,0.275,0.005,0.000,17.7
2026-08-03T17:24:45.247557,1326,0.274,0.005,0.000,14.3
2026-08-03T17:24:45.275598,1327,0.273,0.005,0.000,36.4
2026-08-03T17:24:45.314028,1328,0.272,0.006,0.000,26.5
2026-08-03T17:24:45.409748,1329,0.270,0.007,0.000,10.5
2026-08-03T17:24:45.419838,1330,0.267,0.006,0.000,106.3
2026-08-03T17:24:45.476441,1331,0.267,0.017,0.000,17.9
2026-08-03T17:24:45.539693,1332,0.265,0.014,0.000,16.0
2026-08-03T17:24:45.550690,1333,0.256,0.014,0.000,98.3
2026-08-03T17:24:45.607984,1334,0.227,0.019,0.000,17.8
2026-08-03T17:24:45.675744,1335,0.104,0.018,0.000,15.0
2026-08-03T17:24:45.707885,1336,0.030,0.012,0.000,31.8
2026-08-03T17:24:45.743582,1337,0.040,0.012,0.000,29.0
2026-08-03T17:24:45.838182,1338,0.039,0.014,0.000,10.7
2026-08-03T17:24:45.848887,1339,0.026,0.028,0.000,100.3
2026-08-03T17:24:45.910617,1340,0.044,0.040,0.000,16.5
2026-08-03T17:24:45.975432,1341,0.064,0.043,0.000,15.7
2026-08-03T17:24:46.009070,1342,0.067,0.052,0.000,30.4
2026-08-03T17:24:46.040712,1343,0.068,0.049,0.000,33.3
2026-08-03T17:24:46.105786,1344,0.087,0.044,0.000,15.6
2026-08-03T17:24:46.117123,1345,0.097,0.047,0.000,94.3
2026-08-03T17:24:46.176456,1346,0.108,0.050,0.000,17.1
2026-08-03T17:24:46.276045,1347,0.110,0.048,0.000,10.2
2026-08-03T17:24:46.286549,1348,0.110,0.049,0.000,101.9
2026-08-03T17:24:46.341352,1349,0.108,0.047,0.000,18.5
2026-08-03T17:24:46.407934,1350,0.108,0.044,0.000,15.3
2026-08-03T17:24:46.441681,1351,0.111,0.045,0.000,30.4
2026-08-03T17:24:46.476899,1352,0.111,0.041,0.000,29.8
2026-08-03T17:24:46.572398,1353,0.104,0.045,0.000,10.6
2026-08-03T17:24:46.582792,1354,0.105,0.040,0.000,103.7
2026-08-03T17:24:46.641475,1355,0.104,0.043,0.000,17.3
2026-08-03T17:24:46.705970,1356,0.108,0.042,0.000,15.8
2026-08-03T17:24:46.716693,1357,0.109,0.042,0.000,100.1
2026-08-03T17:24:46.774387,1358,0.112,0.041,0.000,17.6
2026-08-03T17:24:46.841026,1359,0.110,0.041,0.000,15.3
2026-08-03T17:24:46.872864,1360,0.112,0.040,0.000,32.4
2026-08-03T17:24:46.908409,1361,0.117,0.040,0.000,28.9
2026-08-03T17:24:47.003754,1362,0.112,0.042,0.000,10.6
2026-08-03T17:24:47.014540,1363,0.111,0.040,0.000,98.7
2026-08-03T17:24:47.072537,1364,0.112,0.044,0.000,17.6
2026-08-03T17:24:47.137941,1365,0.109,0.048,0.000,15.6
2026-08-03T17:24:47.172767,1366,0.113,0.044,0.000,29.3
2026-08-03T17:24:47.205444,1367,0.113,0.054,0.000,31.4
2026-08-03T17:24:47.283579,1368,0.114,0.052,0.000,12.9
2026-08-03T17:24:47.292703,1369,0.124,0.051,0.000,119.8
2026-08-03T17:24:47.340942,1370,0.119,0.058,0.000,21.2
2026-08-03T17:24:47.438544,1371,0.116,0.053,0.000,10.4
2026-08-03T17:24:47.447757,1372,0.117,0.045,0.000,119.8
2026-08-03T17:24:47.505981,1373,0.118,0.044,0.000,17.8
2026-08-03T17:24:47.573050,1374,0.121,0.042,0.000,15.1
2026-08-03T17:24:47.604679,1375,0.125,0.044,0.000,32.4
2026-08-03T17:24:47.641012,1376,0.128,0.044,0.000,28.5
2026-08-03T17:24:47.736064,1377,0.120,0.043,0.000,10.7
2026-08-03T17:24:47.743989,1378,0.121,0.049,0.000,138.4
2026-08-03T17:24:47.804311,1379,0.124,0.047,0.000,17.3
2026-08-03T17:24:47.867930,1380,0.123,0.049,0.000,15.9
2026-08-03T17:24:47.877573,1381,0.118,0.043,0.000,112.0
2026-08-03T17:24:47.936337,1382,0.124,0.042,0.000,17.3
2026-08-03T17:24:48.004382,1383,0.122,0.044,0.000,14.9
2026-08-03T17:24:48.036426,1384,0.117,0.043,0.000,32.0
2026-08-03T17:24:48.072360,1385,0.116,0.043,0.000,28.5
2026-08-03T17:24:48.168979,1386,0.164,0.041,0.000,10.5
2026-08-03T17:24:48.177626,1387,0.192,0.040,0.000,124.6
2026-08-03T17:24:48.236192,1388,0.235,0.022,0.000,17.3
2026-08-03T17:24:48.304329,1389,0.249,0.018,0.000,14.9
2026-08-03T17:24:48.336140,1390,0.259,0.015,0.000,32.1
2026-08-03T17:24:48.367250,1391,0.265,0.012,0.000,33.2
2026-08-03T17:24:48.436176,1392,0.267,0.009,0.000,14.7
2026-08-03T17:24:48.444947,1393,0.269,0.008,0.000,123.7
2026-08-03T17:24:48.502988,1394,0.266,0.008,0.000,17.6
2026-08-03T17:24:48.601851,1395,0.173,0.011,0.000,10.2
2026-08-03T17:24:48.610489,1396,0.062,0.012,0.000,126.0
2026-08-03T17:24:48.667502,1397,0.018,0.017,0.000,17.9
2026-08-03T17:24:48.738246,1398,0.035,0.019,0.000,14.4
2026-08-03T17:24:48.766559,1399,0.095,0.013,0.000,36.3
2026-08-03T17:24:48.805518,1400,0.142,0.008,0.000,26.1
2026-08-03T17:24:48.902775,1401,0.201,0.012,0.000,10.4
2026-08-03T17:24:48.911669,1402,0.216,0.012,0.000,122.1
2026-08-03T17:24:48.968484,1403,0.232,0.010,0.000,17.9
2026-08-03T17:24:49.033828,1404,0.235,0.010,0.000,15.6
2026-08-03T17:24:49.046707,1405,0.236,0.009,0.000,82.4
2026-08-03T17:24:49.100348,1406,0.239,0.008,0.000,19.1
2026-08-03T17:24:49.167310,1407,0.240,0.009,0.000,15.2
2026-08-03T17:24:49.202025,1408,0.236,0.008,0.000,29.4
2026-08-03T17:24:49.237106,1409,0.233,0.009,0.000,29.7
2026-08-03T17:24:49.332610,1410,0.232,0.010,0.000,10.6
2026-08-03T17:24:49.341120,1411,0.238,0.010,0.000,126.6
2026-08-03T17:24:49.400626,1412,0.245,0.009,0.000,17.0
2026-08-03T17:24:49.465509,1413,0.248,0.008,0.000,15.7
2026-08-03T17:24:49.501413,1414,0.244,0.007,0.000,28.5
2026-08-03T17:24:49.534241,1415,0.242,0.007,0.000,31.4
2026-08-03T17:24:49.597912,1416,0.237,0.006,0.000,16.1
2026-08-03T17:24:49.606495,1417,0.235,0.004,0.000,127.5
2026-08-03T17:24:49.669511,1418,0.245,0.006,0.000,16.1
2026-08-03T17:24:49.764977,1419,0.252,0.007,0.000,10.6
2026-08-03T17:24:49.776084,1420,0.251,0.008,0.000,96.2
2026-08-03T17:24:49.831917,1421,0.260,0.008,0.000,18.3
2026-08-03T17:24:49.900233,1422,0.268,0.008,0.000,14.9
2026-08-03T17:24:49.934304,1423,0.284,0.008,0.000,29.9
2026-08-03T17:24:49.968953,1424,0.290,0.009,0.000,30.1
2026-08-03T17:24:50.063523,1425,0.290,0.009,0.000,10.7
2026-08-03T17:24:50.074514,1426,0.215,0.007,0.000,96.4
2026-08-03T17:24:50.133464,1427,0.115,0.007,0.000,17.3
2026-08-03T17:24:50.193962,1428,0.116,0.012,0.000,16.8
2026-08-03T17:24:50.202611,1429,0.127,0.012,0.000,125.8
2026-08-03T17:24:50.264897,1430,0.133,0.013,0.000,16.3
2026-08-03T17:24:50.335505,1431,0.139,0.014,0.000,14.4
2026-08-03T17:24:50.361485,1432,0.144,0.014,0.000,39.5
2026-08-03T17:24:50.399943,1433,0.148,0.014,0.000,26.7
2026-08-03T17:24:50.493653,1434,0.153,0.013,0.000,10.8
2026-08-03T17:24:50.503848,1435,0.152,0.013,0.000,104.6
2026-08-03T17:24:50.565582,1436,0.147,0.017,0.000,16.5
2026-08-03T17:24:50.635403,1437,0.149,0.016,0.000,14.5
2026-08-03T17:24:50.662693,1438,0.151,0.015,0.000,37.6
2026-08-03T17:24:50.697685,1439,0.150,0.013,0.000,29.3
2026-08-03T17:24:50.761981,1440,0.151,0.012,0.000,15.8
2026-08-03T17:24:50.770949,1441,0.147,0.011,0.000,120.9
2026-08-03T17:24:50.834041,1442,0.147,0.012,0.000,16.1
2026-08-03T17:24:50.929234,1443,0.150,0.012,0.000,10.6
2026-08-03T17:24:50.939590,1444,0.151,0.012,0.000,104.7
2026-08-03T17:24:50.998403,1445,0.153,0.012,0.000,17.2
2026-08-03T17:24:51.066290,1446,0.155,0.012,0.000,15.0
2026-08-03T17:24:51.094946,1447,0.154,0.012,0.000,35.9
2026-08-03T17:24:51.133994,1448,0.157,0.011,0.000,26.2
2026-08-03T17:24:51.228947,1449,0.155,0.011,0.000,10.7
2026-08-03T17:24:51.243842,1450,0.156,0.010,0.000,70.3
2026-08-03T17:24:51.296345,1451,0.156,0.011,0.000,19.4
2026-08-03T17:24:51.361077,1452,0.155,0.012,0.000,15.7
2026-08-03T17:24:51.371300,1453,0.157,0.010,0.000,105.1
2026-08-03T17:24:51.430097,1454,0.157,0.011,0.000,17.4
2026-08-03T17:24:51.493555,1455,0.154,0.012,0.000,16.1
2026-08-03T17:24:51.529184,1456,0.156,0.011,0.000,28.6
2026-08-03T17:24:51.566073,1457,0.156,0.010,0.000,27.6
2026-08-03T17:24:51.660725,1458,0.151,0.011,0.000,10.7
2026-08-03T17:24:51.669398,1459,0.152,0.011,0.000,124.3
2026-08-03T17:24:51.729633,1460,0.150,0.007,0.000,16.8
2026-08-03T17:24:51.798495,1461,0.148,0.007,0.000,14.8
2026-08-03T17:24:51.828434,1462,0.140,0.009,0.000,34.3
2026-08-03T17:24:51.862565,1463,0.137,0.010,0.000,30.1
2026-08-03T17:24:51.929153,1464,0.139,0.009,0.000,15.2
2026-08-03T17:24:51.938445,1465,0.140,0.011,0.000,118.8
2026-08-03T17:24:51.997825,1466,0.147,0.012,0.000,17.3
2026-08-03T17:24:52.092579,1467,0.148,0.012,0.000,10.7
2026-08-03T17:24:52.101581,1468,0.148,0.013,0.000,120.1
2026-08-03T17:24:52.160914,1469,0.148,0.014,0.000,17.6
2026-08-03T17:24:52.228914,1470,0.151,0.012,0.000,14.9
2026-08-03T17:24:52.259416,1471,0.154,0.011,0.000,33.5
2026-08-03T17:24:52.298281,1472,0.158,0.012,0.000,26.4
2026-08-03T17:24:52.392926,1473,0.158,0.013,0.000,10.7
2026-08-03T17:24:52.403033,1474,0.156,0.013,0.000,106.1
2026-08-03T17:24:52.460933,1475,0.156,0.013,0.000,17.5
2026-08-03T17:24:52.521780,1476,0.155,0.013,0.000,16.8
2026-08-03T17:24:52.532645,1477,0.154,0.012,0.000,98.7
2026-08-03T17:24:52.594740,1478,0.156,0.012,0.000,16.5
2026-08-03T17:24:52.660752,1479,0.157,0.015,0.000,15.3
2026-08-03T17:24:52.692545,1480,0.158,0.016,0.000,32.2
2026-08-03T17:24:52.729474,1481,0.162,0.016,0.000,27.9
2026-08-03T17:24:52.824987,1482,0.160,0.011,0.000,10.6
2026-08-03T17:24:52.835713,1483,0.136,0.010,0.000,101.2
2026-08-03T17:24:52.892787,1484,0.137,0.009,0.000,17.8
2026-08-03T17:24:52.960746,1485,0.137,0.008,0.000,14.9
2026-08-03T17:24:52.992580,1486,0.164,0.008,0.000,32.2
2026-08-03T17:24:53.025122,1487,0.189,0.008,0.000,31.6
2026-08-03T17:24:53.092998,1488,0.212,0.009,0.000,14.9
2026-08-03T17:24:53.102859,1489,0.226,0.007,0.000,111.3
2026-08-03T17:24:53.160746,1490,0.233,0.009,0.000,18.1
2026-08-03T17:24:53.225722,1491,0.238,0.007,0.000,15.7
2026-08-03T17:24:53.235087,1492,0.243,0.008,0.000,115.6
2026-08-03T17:24:53.292435,1493,0.248,0.009,0.000,18.2
2026-08-03T17:24:53.361544,1494,0.251,0.009,0.000,14.8
2026-08-03T17:24:53.370152,1495,0.253,0.007,0.000,127.8
2026-08-03T17:24:53.425270,1496,0.254,0.006,0.000,18.4
2026-08-03T17:24:53.492118,1497,0.257,0.007,0.000,15.2
2026-08-03T17:24:53.525752,1498,0.249,0.002,0.000,30.4
2026-08-03T17:24:53.560219,1499,0.251,0.002,0.000,29.9
2026-08-03T17:24:53.655859,1500,0.251,0.007,0.000,10.6
2026-08-03T17:24:53.666646,1501,0.251,0.006,0.000,99.2
2026-08-03T17:24:53.726872,1502,0.229,0.005,0.000,16.9
2026-08-03T17:24:53.789396,1503,0.229,0.006,0.000,16.2
2026-08-03T17:24:53.799814,1504,0.227,0.007,0.000,102.9
2026-08-03T17:24:53.856469,1505,0.249,0.008,0.000,18.0
2026-08-03T17:24:53.924645,1506,0.262,0.008,0.000,14.9
2026-08-03T17:24:53.957717,1507,0.266,0.010,0.000,31.0
2026-08-03T17:24:53.994689,1508,0.270,0.010,0.000,27.9
2026-08-03T17:24:54.086958,1509,0.268,0.010,0.000,11.1
2026-08-03T17:24:54.096395,1510,0.272,0.010,0.000,114.4
2026-08-03T17:24:54.157359,1511,0.263,0.010,0.000,16.7
2026-08-03T17:24:54.219367,1512,0.275,0.010,0.000,16.4
2026-08-03T17:24:54.229758,1513,0.273,0.028,0.000,103.2
2026-08-03T17:24:54.288817,1514,0.266,0.012,0.000,17.2
2026-08-03T17:24:54.354886,1515,0.256,0.019,0.000,15.4
2026-08-03T17:24:54.366555,1516,0.262,0.010,0.000,91.2
2026-08-03T17:24:54.424547,1517,0.249,0.021,0.000,17.6
2026-08-03T17:24:54.523002,1518,0.230,0.010,0.000,10.3
2026-08-03T17:24:54.531580,1519,0.253,0.009,0.000,128.9
2026-08-03T17:24:54.588871,1520,0.278,0.009,0.000,17.8
2026-08-03T17:24:54.658102,1521,0.282,0.008,0.000,14.7
2026-08-03T17:24:54.687761,1522,0.294,0.009,0.000,34.7
2026-08-03T17:24:54.726053,1523,0.295,0.007,0.000,26.8
2026-08-03T17:24:54.819752,1524,0.310,0.005,0.000,10.8
2026-08-03T17:24:54.828972,1525,0.307,0.011,0.000,118.4
2026-08-03T17:24:54.890404,1526,0.302,0.010,0.000,16.5
2026-08-03T17:24:54.953075,1527,0.314,0.012,0.000,16.2
2026-08-03T17:24:54.962767,1528,0.310,0.013,0.000,112.0
2026-08-03T17:24:55.019998,1529,0.323,0.017,0.000,18.4
2026-08-03T17:24:55.088214,1530,0.314,0.014,0.000,15.0
2026-08-03T17:24:55.123288,1531,0.316,0.011,0.000,29.1
2026-08-03T17:24:55.156728,1532,0.292,0.009,0.000,31.7
2026-08-03T17:24:55.252831,1533,0.335,0.012,0.000,10.6
2026-08-03T17:24:55.264658,1534,0.345,0.007,0.000,89.7
2026-08-03T17:24:55.321486,1535,0.362,0.017,0.000,18.3
2026-08-03T17:24:55.387606,1536,0.345,0.008,0.000,15.4
2026-08-03T17:24:55.397851,1537,0.387,0.014,0.000,104.8
2026-08-03T17:24:55.452662,1538,0.369,0.022,0.000,18.5
2026-08-03T17:24:55.523383,1539,0.392,0.030,0.000,14.4
2026-08-03T17:24:55.534356,1540,0.403,0.026,0.000,98.1
2026-08-03T17:24:55.589072,1541,0.386,0.019,0.000,18.5
2026-08-03T17:24:55.685786,1542,0.420,0.019,0.000,10.5
2026-08-03T17:24:55.697549,1543,0.430,0.012,0.000,91.1
2026-08-03T17:24:55.752612,1544,0.462,0.002,0.000,18.8
2026-08-03T17:24:55.821094,1545,0.465,0.018,0.000,14.9
2026-08-03T17:24:55.854301,1546,0.409,0.019,0.000,30.8
2026-08-03T17:24:55.888788,1547,0.409,0.011,0.000,30.3
2026-08-03T17:24:55.982690,1548,0.424,0.008,0.000,10.7
2026-08-03T17:24:55.993445,1549,0.430,0.005,0.000,99.8
2026-08-03T17:24:56.053575,1550,0.440,0.009,0.000,17.0
2026-08-03T17:24:56.115703,1551,0.441,0.003,0.000,16.4
2026-08-03T17:24:56.126643,1552,0.453,0.010,0.000,98.0
2026-08-03T17:24:56.184921,1553,0.426,0.016,0.000,17.5
2026-08-03T17:24:56.254097,1554,0.446,0.017,0.000,14.7
2026-08-03T17:24:56.283241,1555,0.387,0.005,0.000,35.4
2026-08-03T17:24:56.320489,1556,0.374,0.005,0.000,27.5
2026-08-03T17:24:56.416861,1557,0.363,0.006,0.000,10.5
2026-08-03T17:24:56.425463,1558,0.382,0.008,0.000,126.0
2026-08-03T17:24:56.485253,1559,0.298,0.016,0.000,17.0
2026-08-03T17:24:56.549991,1560,0.270,0.017,0.000,15.7
2026-08-03T17:24:56.559070,1561,0.224,0.013,0.000,119.3
2026-08-03T17:24:56.617658,1562,0.185,0.006,0.000,17.8
2026-08-03T17:24:56.682903,1563,0.180,0.011,0.000,15.6
2026-08-03T17:24:56.691869,1564,0.190,0.014,0.000,121.6
2026-08-03T17:24:56.754086,1565,0.185,0.010,0.000,16.6
2026-08-03T17:24:56.845925,1566,0.164,0.011,0.000,11.0
2026-08-03T17:24:56.854232,1567,0.190,0.013,0.000,130.8
2026-08-03T17:24:56.917502,1568,0.191,0.009,0.000,16.1
2026-08-03T17:24:56.984729,1569,0.196,0.033,0.000,15.2
2026-08-03T17:24:57.014692,1570,0.235,0.028,0.000,34.2
2026-08-03T17:24:57.054126,1571,0.198,0.034,0.000,26.0
2026-08-03T17:24:57.148207,1572,0.147,0.038,0.000,10.7
2026-08-03T17:24:57.158879,1573,0.147,0.036,0.000,100.9
2026-08-03T17:24:57.217883,1574,0.145,0.039,0.000,17.2
2026-08-03T17:24:57.283225,1575,0.106,0.036,0.000,15.6
2026-08-03T17:24:57.293119,1576,0.083,0.031,0.000,109.3
2026-08-03T17:24:57.349528,1577,0.103,0.025,0.000,17.9
2026-08-03T17:24:57.417897,1578,0.094,0.032,0.000,14.9
2026-08-03T17:24:57.447917,1579,0.095,0.029,0.000,34.0
2026-08-03T17:24:57.486956,1580,0.107,0.029,0.000,26.1
2026-08-03T17:24:57.581537,1581,0.096,0.034,0.000,10.7
2026-08-03T17:24:57.593279,1582,0.088,0.030,0.000,91.6
2026-08-03T17:24:57.648371,1583,0.100,0.034,0.000,18.8
2026-08-03T17:24:57.710476,1584,0.000,0.000,0.000,16.3
2026-08-03T17:24:57.719186,1585,0.000,0.000,0.000,124.3
2026-08-03T17:24:57.781162,1586,0.000,0.000,0.000,16.5
2026-08-03T17:24:57.849383,1587,0.000,0.000,0.000,15.0
2026-08-03T17:24:57.859282,1588,0.000,0.000,0.000,108.7
2026-08-03T17:24:57.917022,1589,0.000,0.000,0.000,17.7
2026-08-03T17:24:58.009701,1590,0.000,0.000,0.000,10.9
2026-08-03T17:24:58.018488,1591,0.000,0.000,0.000,139.7
2026-08-03T17:24:58.079120,1592,0.000,0.000,0.000,17.0
2026-08-03T17:24:58.148379,1593,0.000,0.000,0.000,14.7
2026-08-03T17:24:58.183324,1594,0.108,0.038,0.000,29.2
2026-08-03T17:24:58.219370,1595,0.100,0.017,0.000,28.3
2026-08-03T17:24:58.312959,1596,0.138,0.012,0.000,10.9
2026-08-03T17:24:58.326373,1597,0.127,0.012,0.000,81.1
2026-08-03T17:24:58.381134,1598,0.135,0.011,0.000,18.5
2026-08-03T17:24:58.450091,1599,0.127,0.010,0.000,14.7
2026-08-03T17:24:58.460452,1600,0.134,0.015,0.000,103.7
2026-08-03T17:24:58.513665,1601,0.140,0.020,0.000,19.1
2026-08-03T17:24:58.579088,1602,0.137,0.016,0.000,15.5
2026-08-03T17:24:58.613194,1603,0.109,0.014,0.000,29.9
2026-08-03T17:24:58.650550,1604,0.111,0.010,0.000,27.3
2026-08-03T17:24:58.742721,1605,0.061,0.014,0.000,11.0
2026-08-03T17:24:58.756953,1606,0.086,0.015,0.000,79.9
2026-08-03T17:24:58.812856,1607,0.077,0.007,0.000,18.5
2026-08-03T17:24:58.876021,1608,0.077,0.005,0.000,16.1
2026-08-03T17:24:58.884956,1609,0.065,0.005,0.000,123.0
2026-08-03T17:24:58.944941,1610,0.091,0.029,0.000,16.9
2026-08-03T17:24:59.013817,1611,0.085,0.022,0.000,14.8
2026-08-03T17:24:59.026823,1612,0.080,0.026,0.000,81.7
2026-08-03T17:24:59.081569,1613,0.215,0.034,0.000,18.9
2026-08-03T17:24:59.174440,1614,0.258,0.021,0.000,10.9
2026-08-03T17:24:59.182971,1615,0.275,0.012,0.000,128.3
2026-08-03T17:24:59.244829,1616,0.276,0.022,0.000,16.4
2026-08-03T17:24:59.317696,1617,0.277,0.011,0.000,14.0
2026-08-03T17:24:59.342846,1618,0.292,0.067,0.000,42.8
2026-08-03T17:24:59.381519,1619,0.299,0.030,0.000,26.5
2026-08-03T17:24:59.477985,1620,0.309,0.028,0.000,10.5
2026-08-03T17:24:59.487828,1621,0.268,0.031,0.000,110.1
2026-08-03T17:24:59.546139,1622,0.225,0.010,0.000,17.4
2026-08-03T17:24:59.609401,1623,0.165,0.009,0.000,16.0
2026-08-03T17:24:59.618459,1624,0.089,0.013,0.000,119.1
2026-08-03T17:24:59.676456,1625,0.158,0.014,0.000,17.5
2026-08-03T17:24:59.745056,1626,0.176,0.086,0.000,14.7
2026-08-03T17:24:59.773829,1627,0.219,0.183,0.000,35.6
2026-08-03T17:24:59.809200,1628,0.221,0.217,0.000,29.1
2026-08-03T17:24:59.909957,1629,0.148,0.213,0.000,10.0
2026-08-03T17:24:59.918939,1630,0.123,0.209,0.000,122.2
2026-08-03T17:24:59.977758,1631,0.123,0.159,0.000,17.2
2026-08-03T17:25:00.044458,1632,0.147,0.182,0.000,15.2
2026-08-03T17:25:00.054862,1633,0.176,0.099,0.000,103.4
2026-08-03T17:25:00.109486,1634,0.182,0.028,0.000,18.6
2026-08-03T17:25:00.181851,1635,0.196,0.029,0.000,14.1
2026-08-03T17:25:00.191190,1636,0.216,0.015,0.000,115.3
2026-08-03T17:25:00.245589,1637,0.203,0.017,0.000,18.6
2026-08-03T17:25:00.337064,1638,0.153,0.004,0.000,11.0
2026-08-03T17:25:00.348112,1639,0.121,0.011,0.000,96.5
2026-08-03T17:25:00.408532,1640,0.086,0.008,0.000,16.9
2026-08-03T17:25:00.478781,1641,0.051,0.008,0.000,14.5
2026-08-03T17:25:00.507185,1642,0.074,0.011,0.000,36.2
2026-08-03T17:25:00.544745,1643,0.084,0.008,0.000,27.2
2026-08-03T17:25:00.640376,1644,0.186,0.009,0.000,10.6
2026-08-03T17:25:00.653516,1645,0.246,0.002,0.000,80.0
2026-08-03T17:25:00.709862,1646,0.308,0.005,0.000,18.2
2026-08-03T17:25:00.771195,1647,0.328,0.004,0.000,16.6
2026-08-03T17:25:00.781836,1648,0.334,0.005,0.000,100.4
2026-08-03T17:25:00.841871,1649,0.347,0.007,0.000,16.9
2026-08-03T17:25:00.906767,1650,0.347,0.008,0.000,15.7
2026-08-03T17:25:00.942113,1651,0.350,0.012,0.000,28.9
2026-08-03T17:25:00.976370,1652,0.354,0.010,0.000,30.0
2026-08-03T17:25:01.070954,1653,0.354,0.012,0.000,10.7
2026-08-03T17:25:01.080408,1654,0.356,0.013,0.000,114.2
2026-08-03T17:25:01.143013,1655,0.355,0.014,0.000,16.2
2026-08-03T17:25:01.207988,1656,0.351,0.013,0.000,15.6
2026-08-03T17:25:01.216863,1657,0.350,0.012,0.000,124.4
2026-08-03T17:25:01.273751,1658,0.350,0.012,0.000,17.9
2026-08-03T17:25:01.337963,1659,0.350,0.014,0.000,15.9
2026-08-03T17:25:01.347631,1660,0.344,0.014,0.000,111.6
2026-08-03T17:25:01.408074,1661,0.344,0.013,0.000,17.1
2026-08-03T17:25:01.500595,1662,0.345,0.013,0.000,11.0
2026-08-03T17:25:01.510049,1663,0.341,0.013,0.000,113.7
2026-08-03T17:25:01.572700,1664,0.343,0.012,0.000,16.1
2026-08-03T17:25:01.643181,1665,0.345,0.013,0.000,14.4
2026-08-03T17:25:01.670572,1666,0.346,0.013,0.000,37.5
2026-08-03T17:25:01.710285,1667,0.346,0.013,0.000,25.9
2026-08-03T17:25:01.801563,1668,0.349,0.013,0.000,11.1
2026-08-03T17:25:01.812076,1669,0.344,0.013,0.000,101.6
2026-08-03T17:25:01.873799,1670,0.347,0.012,0.000,16.6
2026-08-03T17:25:01.935611,1671,0.341,0.012,0.000,16.5
2026-08-03T17:25:01.946756,1672,0.312,0.013,0.000,96.6
2026-08-03T17:25:02.005660,1673,0.280,0.011,0.000,17.4
2026-08-03T17:25:02.071138,1674,0.288,0.011,0.000,15.5
2026-08-03T17:25:02.104846,1675,0.295,0.012,0.000,30.3
2026-08-03T17:25:02.141420,1676,0.300,0.010,0.000,28.0
2026-08-03T17:25:02.235131,1677,0.299,0.012,0.000,10.8
2026-08-03T17:25:02.245260,1678,0.299,0.012,0.000,106.9
2026-08-03T17:25:02.304992,1679,0.298,0.010,0.000,16.9
2026-08-03T17:25:02.371029,1680,0.299,0.010,0.000,15.5
2026-08-03T17:25:02.404934,1681,0.309,0.010,0.000,30.2
2026-08-03T17:25:02.438415,1682,0.310,0.010,0.000,30.7
2026-08-03T17:25:02.504635,1683,0.311,0.011,0.000,15.4
2026-08-03T17:25:02.516329,1684,0.299,0.011,0.000,99.8
2026-08-03T17:25:02.571657,1685,0.298,0.012,0.000,18.4
2026-08-03T17:25:02.668633,1686,0.303,0.013,0.000,10.4
2026-08-03T17:25:02.679700,1687,0.303,0.013,0.000,96.5
2026-08-03T17:25:02.736958,1688,0.313,0.013,0.000,17.8
2026-08-03T17:25:02.804608,1689,0.308,0.012,0.000,15.1
2026-08-03T17:25:02.837015,1690,0.307,0.011,0.000,31.8
2026-08-03T17:25:02.874011,1691,0.309,0.012,0.000,28.1
2026-08-03T17:25:02.969499,1692,0.307,0.012,0.000,10.6
2026-08-03T17:25:02.981999,1693,0.309,0.013,0.000,86.2
2026-08-03T17:25:03.038151,1694,0.309,0.013,0.000,18.3
2026-08-03T17:25:03.100376,1695,0.310,0.012,0.000,16.4
2026-08-03T17:25:03.111243,1696,0.314,0.012,0.000,98.4
2026-08-03T17:25:03.167818,1697,0.316,0.013,0.000,18.1
2026-08-03T17:25:03.236210,1698,0.318,0.013,0.000,14.9
2026-08-03T17:25:03.269561,1699,0.316,0.011,0.000,30.6
2026-08-03T17:25:03.307247,1700,0.314,0.012,0.000,27.0
2026-08-03T17:25:03.401700,1701,0.314,0.013,0.000,10.8
2026-08-03T17:25:03.411495,1702,0.313,0.012,0.000,110.0
2026-08-03T17:25:03.468712,1703,0.311,0.011,0.000,17.9
2026-08-03T17:25:03.539600,1704,0.314,0.013,0.000,14.4
2026-08-03T17:25:03.567455,1705,0.317,0.014,0.000,37.1
2026-08-03T17:25:03.601923,1706,0.318,0.014,0.000,29.9
2026-08-03T17:25:03.669061,1707,0.319,0.012,0.000,15.2
2026-08-03T17:25:03.679768,1708,0.322,0.011,0.000,99.7
2026-08-03T17:25:03.736496,1709,0.321,0.014,0.000,17.8
2026-08-03T17:25:03.831617,1710,0.309,0.015,0.000,10.6
2026-08-03T17:25:03.839947,1711,0.275,0.013,0.000,133.2
2026-08-03T17:25:03.901799,1712,0.273,0.013,0.000,16.4
2026-08-03T17:25:03.967265,1713,0.274,0.013,0.000,15.5
2026-08-03T17:25:04.000142,1714,0.289,0.012,0.000,31.1
2026-08-03T17:25:04.038573,1715,0.292,0.013,0.000,26.6
2026-08-03T17:25:04.131887,1716,0.298,0.012,0.000,10.9
2026-08-03T17:25:04.142384,1717,0.302,0.013,0.000,101.9
2026-08-03T17:25:04.200830,1718,0.305,0.014,0.000,17.4
2026-08-03T17:25:04.262482,1719,0.311,0.013,0.000,16.6
2026-08-03T17:25:04.273644,1720,0.316,0.013,0.000,95.8
2026-08-03T17:25:04.332966,1721,0.321,0.015,0.000,17.6
2026-08-03T17:25:04.400649,1722,0.323,0.016,0.000,15.1
2026-08-03T17:25:04.432467,1723,0.327,0.017,0.000,32.1
2026-08-03T17:25:04.469875,1724,0.326,0.016,0.000,27.6
2026-08-03T17:25:04.564200,1725,0.326,0.015,0.000,10.8
2026-08-03T17:25:04.575289,1726,0.326,0.015,0.000,97.0
2026-08-03T17:25:04.633040,1727,0.328,0.014,0.000,17.6
2026-08-03T17:25:04.703048,1728,0.328,0.014,0.000,14.5
2026-08-03T17:25:04.731105,1729,0.328,0.013,0.000,36.7
2026-08-03T17:25:04.766214,1730,0.324,0.013,0.000,29.4
2026-08-03T17:25:04.833735,1731,0.324,0.012,0.000,15.1
2026-08-03T17:25:04.844272,1732,0.323,0.013,0.000,101.9
2026-08-03T17:25:04.900831,1733,0.323,0.013,0.000,18.1
2026-08-03T17:25:04.992860,1734,0.321,0.012,0.000,11.0
2026-08-03T17:25:05.004949,1735,0.322,0.014,0.000,87.7
2026-08-03T17:25:05.065624,1736,0.323,0.012,0.000,16.9
2026-08-03T17:25:05.134072,1737,0.322,0.012,0.000,14.8
2026-08-03T17:25:05.163163,1738,0.322,0.013,0.000,35.5
2026-08-03T17:25:05.202601,1739,0.321,0.014,0.000,26.0
2026-08-03T17:25:05.295875,1740,0.319,0.015,0.000,10.8
2026-08-03T17:25:05.306197,1741,0.318,0.013,0.000,103.7
2026-08-03T17:25:05.364853,1742,0.319,0.013,0.000,17.3
2026-08-03T17:25:05.426500,1743,0.317,0.013,0.000,16.5
2026-08-03T17:25:05.436972,1744,0.316,0.013,0.000,104.3
2026-08-03T17:25:05.496076,1745,0.312,0.012,0.000,17.2
2026-08-03T17:25:05.563943,1746,0.312,0.012,0.000,15.0
2026-08-03T17:25:05.595670,1747,0.315,0.013,0.000,32.2
2026-08-03T17:25:05.632616,1748,0.313,0.012,0.000,27.9
2026-08-03T17:25:05.727486,1749,0.312,0.015,0.000,10.6
2026-08-03T17:25:05.739543,1750,0.311,0.015,0.000,88.0
2026-08-03T17:25:05.795384,1751,0.311,0.014,0.000,18.3
2026-08-03T17:25:05.862802,1752,0.310,0.014,0.000,15.1
2026-08-03T17:25:05.897032,1753,0.309,0.011,0.000,29.8
2026-08-03T17:25:05.929769,1754,0.309,0.011,0.000,32.0
2026-08-03T17:25:06.000280,1755,0.309,0.012,0.000,14.5
2026-08-03T17:25:06.010376,1756,0.310,0.011,0.000,108.2
2026-08-03T17:25:06.063826,1757,0.309,0.011,0.000,19.1
2026-08-03T17:25:06.160433,1758,0.313,0.012,0.000,10.5
2026-08-03T17:25:06.169233,1759,0.311,0.011,0.000,122.3
2026-08-03T17:25:06.231415,1760,0.309,0.011,0.000,16.3
2026-08-03T17:25:06.297624,1761,0.308,0.013,0.000,15.4
2026-08-03T17:25:06.328709,1762,0.308,0.011,0.000,33.0
2026-08-03T17:25:06.365677,1763,0.310,0.011,0.000,28.4
2026-08-03T17:25:06.457498,1764,0.311,0.012,0.000,11.2
2026-08-03T17:25:06.466144,1765,0.312,0.013,0.000,126.6
2026-08-03T17:25:06.528897,1766,0.311,0.011,0.000,16.2
2026-08-03T17:25:06.593856,1767,0.311,0.011,0.000,15.7
2026-08-03T17:25:06.602681,1768,0.309,0.009,0.000,123.3
2026-08-03T17:25:06.660424,1769,0.308,0.009,0.000,17.6
2026-08-03T17:25:06.732484,1770,0.307,0.010,0.000,14.1
2026-08-03T17:25:06.758280,1771,0.305,0.010,0.000,39.8
2026-08-03T17:25:06.797616,1772,0.306,0.010,0.000,26.2
2026-08-03T17:25:06.890841,1773,0.308,0.011,0.000,10.8
2026-08-03T17:25:06.901734,1774,0.307,0.010,0.000,101.7
2026-08-03T17:25:06.960656,1775,0.148,0.009,0.000,17.2
2026-08-03T17:25:07.026873,1776,0.137,0.009,0.000,15.3
2026-08-03T17:25:07.061869,1777,0.183,0.011,0.000,29.2
2026-08-03T17:25:07.091130,1778,0.234,0.010,0.000,36.0
2026-08-03T17:25:07.159869,1779,0.258,0.015,0.000,14.8
2026-08-03T17:25:07.170031,1780,0.274,0.018,0.000,106.3
2026-08-03T17:25:07.228063,1781,0.138,0.034,0.000,17.7
2026-08-03T17:25:07.322297,1782,0.144,0.023,0.000,10.7
2026-08-03T17:25:07.332705,1783,0.206,0.024,0.000,102.8
2026-08-03T17:25:07.393642,1784,0.261,0.008,0.000,16.7
2026-08-03T17:25:07.459916,1785,0.275,0.011,0.000,15.4
2026-08-03T17:25:07.493949,1786,0.303,0.004,0.000,30.2
2026-08-03T17:25:07.530002,1787,0.305,0.003,0.000,28.4
2026-08-03T17:25:07.620752,1788,0.313,0.004,0.000,11.1
2026-08-03T17:25:07.631586,1789,0.310,0.004,0.000,98.3
2026-08-03T17:25:07.693220,1790,0.309,0.003,0.000,16.5
2026-08-03T17:25:07.759988,1791,0.304,0.006,0.000,15.2
2026-08-03T17:25:07.770483,1792,0.304,0.006,0.000,101.9
2026-08-03T17:25:07.825011,1793,0.303,0.002,0.000,18.6
2026-08-03T17:25:07.893797,1794,0.300,0.002,0.000,14.8
2026-08-03T17:25:07.923778,1795,0.295,0.001,0.000,38.4
2026-08-03T17:25:07.961791,1796,0.295,0.002,0.000,27.0
2026-08-03T17:25:08.054908,1797,0.288,0.002,0.000,10.9
2026-08-03T17:25:08.065283,1798,0.295,0.002,0.000,104.1
2026-08-03T17:25:08.124373,1799,0.303,0.001,0.000,17.1
2026-08-03T17:25:08.194231,1800,0.302,0.003,0.000,14.6
2026-08-03T17:25:08.224223,1801,0.296,0.002,0.000,34.2
2026-08-03T17:25:08.256766,1802,0.294,0.001,0.000,31.9
2026-08-03T17:25:08.322602,1803,0.294,0.004,0.000,15.4
2026-08-03T17:25:08.333400,1804,0.291,0.004,0.000,100.8
2026-08-03T17:25:08.393489,1805,0.289,0.004,0.000,16.9
2026-08-03T17:25:08.489909,1806,0.290,0.004,0.000,10.5
2026-08-03T17:25:08.500693,1807,0.292,0.004,0.000,99.0
2026-08-03T17:25:08.558145,1808,0.290,0.005,0.000,17.7
2026-08-03T17:25:08.625251,1809,0.290,0.006,0.000,15.3
2026-08-03T17:25:08.657362,1810,0.287,0.006,0.000,31.9
2026-08-03T17:25:08.694033,1811,0.286,0.005,0.000,28.4
2026-08-03T17:25:08.790408,1812,0.284,0.005,0.000,10.5
2026-08-03T17:25:08.800474,1813,0.279,0.005,0.000,111.1
2026-08-03T17:25:08.855617,1814,0.280,0.004,0.000,19.0
2026-08-03T17:25:08.922242,1815,0.280,0.005,0.000,15.3
2026-08-03T17:25:08.931410,1816,0.288,0.002,0.000,119.8
2026-08-03T17:25:08.989411,1817,0.289,0.003,0.000,17.6
2026-08-03T17:25:09.057020,1818,0.288,0.002,0.000,15.1
2026-08-03T17:25:09.088549,1819,0.285,0.002,0.000,32.5
2026-08-03T17:25:09.126197,1820,0.283,0.001,0.000,27.4
2026-08-03T17:25:09.220492,1821,0.283,0.002,0.000,10.7
2026-08-03T17:25:09.231049,1822,0.283,0.003,0.000,101.4
2026-08-03T17:25:09.288546,1823,0.287,0.003,0.000,17.8
2026-08-03T17:25:09.355935,1824,0.289,0.004,0.000,15.1
2026-08-03T17:25:09.390019,1825,0.294,0.004,0.000,30.0
2026-08-03T17:25:09.421299,1826,0.294,0.004,0.000,33.5
2026-08-03T17:25:09.490709,1827,0.293,0.003,0.000,14.6
2026-08-03T17:25:09.501825,1828,0.292,0.004,0.000,97.1
2026-08-03T17:25:09.557726,1829,0.292,0.005,0.000,18.4
2026-08-03T17:25:09.655716,1830,0.288,0.005,0.000,10.3
2026-08-03T17:25:09.666832,1831,0.286,0.005,0.000,97.3
2026-08-03T17:25:09.721282,1832,0.288,0.005,0.000,18.6
2026-08-03T17:25:09.786650,1833,0.290,0.004,0.000,15.6
2026-08-03T17:25:09.820709,1834,0.285,0.003,0.000,30.0
2026-08-03T17:25:09.857008,1835,0.265,0.003,0.000,28.8
2026-08-03T17:25:09.952440,1836,0.143,0.009,0.000,10.6
2026-08-03T17:25:09.964480,1837,0.156,0.010,0.000,88.3
2026-08-03T17:25:10.021474,1838,0.214,0.009,0.000,18.0
2026-08-03T17:25:10.082662,1839,0.239,0.009,0.000,16.7
2026-08-03T17:25:10.093778,1840,0.254,0.009,0.000,96.9
2026-08-03T17:25:10.153155,1841,0.268,0.007,0.000,17.3
2026-08-03T17:25:10.222531,1842,0.273,0.009,0.000,14.7
2026-08-03T17:25:10.252603,1843,0.275,0.007,0.000,34.1
2026-08-03T17:25:10.288218,1844,0.277,0.007,0.000,29.0
2026-08-03T17:25:10.385132,1845,0.276,0.007,0.000,10.4
2026-08-03T17:25:10.394216,1846,0.275,0.006,0.000,122.0
2026-08-03T17:25:10.453972,1847,0.275,0.007,0.000,17.0
2026-08-03T17:25:10.521234,1848,0.276,0.006,0.000,15.1
2026-08-03T17:25:10.553206,1849,0.280,0.006,0.000,32.1
2026-08-03T17:25:10.586852,1850,0.286,0.006,0.000,31.3
2026-08-03T17:25:10.652472,1851,0.285,0.005,0.000,15.5
2026-08-03T17:25:10.663589,1852,0.284,0.006,0.000,96.1
2026-08-03T17:25:10.722566,1853,0.280,0.005,0.000,17.2
2026-08-03T17:25:10.814746,1854,0.277,0.006,0.000,11.0
2026-08-03T17:25:10.823787,1855,0.275,0.005,0.000,120.5
2026-08-03T17:25:10.885405,1856,0.278,0.008,0.000,16.4
2026-08-03T17:25:10.952473,1857,0.277,0.008,0.000,15.2
2026-08-03T17:25:10.987613,1858,0.278,0.008,0.000,29.0
2026-08-03T17:25:11.020948,1859,0.280,0.007,0.000,31.1
2026-08-03T17:25:11.115653,1860,0.280,0.007,0.000,10.7
2026-08-03T17:25:11.125783,1861,0.281,0.008,0.000,106.3
2026-08-03T17:25:11.185472,1862,0.281,0.007,0.000,17.1
2026-08-03T17:25:11.249148,1863,0.280,0.006,0.000,16.0
2026-08-03T17:25:11.259722,1864,0.279,0.007,0.000,101.6
2026-08-03T17:25:11.317217,1865,0.279,0.007,0.000,17.6
2026-08-03T17:25:11.385936,1866,0.276,0.007,0.000,14.8
2026-08-03T17:25:11.415765,1867,0.277,0.007,0.000,34.3
2026-08-03T17:25:11.453363,1868,0.279,0.007,0.000,27.3
2026-08-03T17:25:11.545309,1869,0.281,0.006,0.000,11.0
2026-08-03T17:25:11.556236,1870,0.281,0.005,0.000,98.4
2026-08-03T17:25:11.616277,1871,0.281,0.005,0.000,17.0
2026-08-03T17:25:11.683902,1872,0.280,0.005,0.000,15.1
2026-08-03T17:25:11.716521,1873,0.279,0.006,0.000,31.4
2026-08-03T17:25:11.749315,1874,0.279,0.006,0.000,31.4
2026-08-03T17:25:11.816364,1875,0.279,0.005,0.000,15.3
2026-08-03T17:25:11.824382,1876,0.281,0.004,0.000,139.6
2026-08-03T17:25:11.885788,1877,0.280,0.004,0.000,16.6
2026-08-03T17:25:11.982723,1878,0.283,0.003,0.000,10.4
2026-08-03T17:25:11.993286,1879,0.259,0.004,0.000,101.9
2026-08-03T17:25:12.048487,1880,0.217,0.008,0.000,18.4
2026-08-03T17:25:12.119150,1881,0.221,0.009,0.000,14.4
2026-08-03T17:25:12.147628,1882,0.246,0.008,0.000,36.1
2026-08-03T17:25:12.185837,1883,0.253,0.008,0.000,27.0
2026-08-03T17:25:12.280097,1884,0.261,0.005,0.000,10.7
2026-08-03T17:25:12.290819,1885,0.268,0.005,0.000,99.6
2026-08-03T17:25:12.349420,1886,0.268,0.005,0.000,17.8
2026-08-03T17:25:12.413378,1887,0.271,0.005,0.000,15.9
2026-08-03T17:25:12.423293,1888,0.278,0.005,0.000,108.9
2026-08-03T17:25:12.482311,1889,0.274,0.005,0.000,17.2
2026-08-03T17:25:12.547188,1890,0.273,0.004,0.000,15.7
2026-08-03T17:25:12.582848,1891,0.266,0.004,0.000,28.6
2026-08-03T17:25:12.618282,1892,0.277,0.005,0.000,29.1
2026-08-03T17:25:12.710699,1893,0.261,0.009,0.000,10.9
2026-08-03T17:25:12.722708,1894,0.245,0.008,0.000,88.4
2026-08-03T17:25:12.780636,1895,0.216,0.009,0.000,17.7
2026-08-03T17:25:12.847730,1896,0.213,0.020,0.000,15.2
2026-08-03T17:25:12.882535,1897,0.247,0.022,0.000,29.4
2026-08-03T17:25:12.913897,1898,0.288,0.017,0.000,33.1
2026-08-03T17:25:12.982813,1899,0.297,0.021,0.000,14.7
2026-08-03T17:25:12.992673,1900,0.284,0.027,0.000,109.5
2026-08-03T17:25:13.049778,1901,0.382,0.194,0.000,18.2
2026-08-03T17:25:13.145937,1902,0.660,0.049,0.000,10.5
2026-08-03T17:25:13.152549,1903,0.000,0.000,0.000,168.0
2026-08-03T17:25:13.213684,1904,0.000,0.000,0.000,16.6
2026-08-03T17:25:13.280662,1905,0.000,0.000,0.000,15.2
2026-08-03T17:25:13.316621,1906,0.279,0.023,0.000,28.4
2026-08-03T17:25:13.351130,1907,0.278,0.023,0.000,29.8
2026-08-03T17:25:13.448027,1908,0.289,0.052,0.000,10.5
2026-08-03T17:25:13.460634,1909,0.299,0.038,0.000,84.4
2026-08-03T17:25:13.514028,1910,0.299,0.022,0.000,19.0
2026-08-03T17:25:13.574049,1911,0.305,0.034,0.000,16.9
2026-08-03T17:25:13.582562,1912,0.314,0.028,0.000,130.7
2026-08-03T17:25:13.644427,1913,0.313,0.019,0.000,16.4
2026-08-03T17:25:13.712751,1914,0.309,0.031,0.000,14.8
2026-08-03T17:25:13.745318,1915,0.317,0.027,0.000,31.5
2026-08-03T17:25:13.781664,1916,0.317,0.029,0.000,28.3
2026-08-03T17:25:13.877705,1917,0.311,0.033,0.000,10.5
2026-08-03T17:25:13.888415,1918,0.308,0.028,0.000,100.4
2026-08-03T17:25:13.945921,1919,0.296,0.022,0.000,17.6
2026-08-03T17:25:14.013891,1920,0.295,0.032,0.000,14.9
2026-08-03T17:25:14.044028,1921,0.304,0.031,0.000,34.0
2026-08-03T17:25:14.076978,1922,0.304,0.020,0.000,31.2
2026-08-03T17:25:14.146508,1923,0.304,0.018,0.000,14.6
2026-08-03T17:25:14.155297,1924,0.294,0.030,0.000,123.6
2026-08-03T17:25:14.213923,1925,0.289,0.019,0.000,17.3
2026-08-03T17:25:14.313103,1926,0.236,0.021,0.000,10.2
2026-08-03T17:25:14.323726,1927,0.227,0.049,0.000,100.7
2026-08-03T17:25:14.377113,1928,0.251,0.046,0.000,19.4
2026-08-03T17:25:14.446081,1929,0.258,0.042,0.000,14.7
2026-08-03T17:25:14.475865,1930,0.261,0.020,0.000,34.4
2026-08-03T17:25:14.512993,1931,0.265,0.026,0.000,27.6
2026-08-03T17:25:14.606164,1932,0.284,0.056,0.000,10.8
2026-08-03T17:25:14.614831,1933,0.277,0.049,0.000,128.1
2026-08-03T17:25:14.676470,1934,0.282,0.051,0.000,16.5
2026-08-03T17:25:14.747654,1935,0.274,0.042,0.000,14.3
2026-08-03T17:25:14.756670,1936,0.276,0.043,0.000,120.8
2026-08-03T17:25:14.809724,1937,0.272,0.039,0.000,19.2
2026-08-03T17:25:14.877741,1938,0.275,0.053,0.000,15.0
2026-08-03T17:25:14.908589,1939,0.271,0.046,0.000,33.2
2026-08-03T17:25:14.944684,1940,0.270,0.076,0.000,28.5
2026-08-03T17:25:15.041558,1941,0.271,0.064,0.000,10.5
2026-08-03T17:25:15.052984,1942,0.270,0.054,0.000,95.5
2026-08-03T17:25:15.109283,1943,0.273,0.052,0.000,18.0
2026-08-03T17:25:15.179441,1944,0.271,0.044,0.000,14.5
2026-08-03T17:25:15.207583,1945,0.271,0.035,0.000,36.7
2026-08-03T17:25:15.241825,1946,0.271,0.031,0.000,30.1
2026-08-03T17:25:15.309885,1947,0.270,0.026,0.000,14.9
2026-08-03T17:25:15.320469,1948,0.265,0.023,0.000,101.3
2026-08-03T17:25:15.376775,1949,0.267,0.035,0.000,18.1
2026-08-03T17:25:15.470364,1950,0.262,0.043,0.000,10.8
2026-08-03T17:25:15.480947,1951,0.260,0.042,0.000,100.7
2026-08-03T17:25:15.541204,1952,0.259,0.029,0.000,17.0
2026-08-03T17:25:15.610842,1953,0.259,0.028,0.000,14.6
2026-08-03T17:25:15.640615,1954,0.257,0.034,0.000,34.5
2026-08-03T17:25:15.677382,1955,0.258,0.027,0.000,27.9
2026-08-03T17:25:15.774085,1956,0.257,0.020,0.000,10.4
2026-08-03T17:25:15.785975,1957,0.257,0.050,0.000,89.6
2026-08-03T17:25:15.840508,1958,0.259,0.047,0.000,18.8
2026-08-03T17:25:15.905382,1959,0.260,0.048,0.000,15.7
2026-08-03T17:25:15.914007,1960,0.259,0.034,0.000,126.2
2026-08-03T17:25:15.972741,1961,0.263,0.039,0.000,17.4
2026-08-03T17:25:16.045072,1962,0.264,0.038,0.000,14.1
2026-08-03T17:25:16.070699,1963,0.265,0.042,0.000,40.1
2026-08-03T17:25:16.110387,1964,0.264,0.040,0.000,26.0
2026-08-03T17:25:16.204204,1965,0.265,0.028,0.000,10.8
2026-08-03T17:25:16.214545,1966,0.267,0.025,0.000,103.9
2026-08-03T17:25:16.272975,1967,0.265,0.025,0.000,17.4
2026-08-03T17:25:16.339034,1968,0.266,0.020,0.000,15.4
2026-08-03T17:25:16.373632,1969,0.265,0.018,0.000,29.5
2026-08-03T17:25:16.405805,1970,0.266,0.020,0.000,32.1
2026-08-03T17:25:16.476842,1971,0.267,0.015,0.000,14.3
2026-08-03T17:25:16.487406,1972,0.265,0.014,0.000,102.3
2026-08-03T17:25:16.539790,1973,0.267,0.021,0.000,19.4
2026-08-03T17:25:16.636744,1974,0.261,0.021,0.000,10.4
2026-08-03T17:25:16.646209,1975,0.261,0.017,0.000,114.4
2026-08-03T17:25:16.706404,1976,0.267,0.041,0.000,16.9
2026-08-03T17:25:16.776566,1977,0.265,0.044,0.000,14.5
2026-08-03T17:25:16.803586,1978,0.275,0.027,0.000,38.1
2026-08-03T17:25:16.841296,1979,0.272,0.021,0.000,27.3
2026-08-03T17:25:16.936307,1980,0.278,0.055,0.000,10.6
2026-08-03T17:25:16.946418,1981,0.270,0.033,0.000,107.2
2026-08-03T17:25:17.004924,1982,0.265,0.015,0.000,17.4
2026-08-03T17:25:17.075762,1983,0.267,0.024,0.000,14.4
2026-08-03T17:25:17.086982,1984,0.267,0.028,0.000,95.4
2026-08-03T17:25:17.138450,1985,0.248,0.018,0.000,20.0
2026-08-03T17:25:17.208959,1986,0.235,0.025,0.000,14.4
2026-08-03T17:25:17.235122,1987,0.156,0.015,0.000,39.3
2026-08-03T17:25:17.274352,1988,0.166,0.040,0.000,26.6
2026-08-03T17:25:17.365688,1989,0.197,0.029,0.000,11.1
2026-08-03T17:25:17.374435,1990,0.217,0.037,0.000,124.6
2026-08-03T17:25:17.437586,1991,0.196,0.037,0.000,16.5
2026-08-03T17:25:17.501587,1992,0.207,0.014,0.000,15.9
2026-08-03T17:25:17.538414,1993,0.210,0.009,0.000,27.7
2026-08-03T17:25:17.568792,1994,0.201,0.045,0.000,34.1
2026-08-03T17:25:17.635068,1995,0.184,0.031,0.000,15.5
2026-08-03T17:25:17.646447,1996,0.204,0.020,0.000,94.1
2026-08-03T17:25:17.704331,1997,0.226,0.025,0.000,17.6
2026-08-03T17:25:17.797561,1998,0.226,0.054,0.000,10.9
2026-08-03T17:25:17.808445,1999,0.211,0.015,0.000,99.7
2026-08-03T17:25:17.868411,2000,0.212,0.063,0.000,16.9
2026-08-03T17:25:17.933881,2001,0.217,0.081,0.000,15.5
2026-08-03T17:25:17.970406,2002,0.203,0.013,0.000,27.9
2026-08-03T17:25:18.003989,2003,0.193,0.029,0.000,30.7
2026-08-03T17:25:18.098080,2004,0.215,0.036,0.000,10.7
2026-08-03T17:25:18.110048,2005,0.193,0.036,0.000,88.4
2026-08-03T17:25:18.167951,2006,0.227,0.089,0.000,17.8
2026-08-03T17:25:18.231800,2007,0.198,0.047,0.000,15.9
2026-08-03T17:25:18.240289,2008,0.204,0.037,0.000,128.5
2026-08-03T17:25:18.301425,2009,0.243,0.032,0.000,16.7
2026-08-03T17:25:18.367093,2010,0.246,0.074,0.000,15.5
2026-08-03T17:25:18.401439,2011,0.273,0.087,0.000,29.8
2026-08-03T17:25:18.436046,2012,0.275,0.049,0.000,30.2
2026-08-03T17:25:18.530529,2013,0.267,0.048,0.000,10.7
2026-08-03T17:25:18.539564,2014,0.264,0.049,0.000,120.3
2026-08-03T17:25:18.601348,2015,0.258,0.053,0.000,17.0
2026-08-03T17:25:18.666580,2016,0.247,0.050,0.000,15.7
2026-08-03T17:25:18.700312,2017,0.241,0.062,0.000,30.4
2026-08-03T17:25:18.733242,2018,0.240,0.038,0.000,31.5
2026-08-03T17:25:18.800348,2019,0.242,0.050,0.000,15.1
2026-08-03T17:25:18.811742,2020,0.240,0.044,0.000,93.0
2026-08-03T17:25:18.868470,2021,0.265,0.015,0.000,18.0
2026-08-03T17:25:18.964518,2022,0.266,0.040,0.000,10.5
2026-08-03T17:25:18.976478,2023,0.297,0.054,0.000,88.3
2026-08-03T17:25:19.032415,2024,0.285,0.008,0.000,18.3
2026-08-03T17:25:19.099248,2025,0.300,0.013,0.000,15.2
2026-08-03T17:25:19.133275,2026,0.307,0.028,0.000,30.2
2026-08-03T17:25:19.170475,2027,0.302,0.043,0.000,27.6
2026-08-03T17:25:19.262571,2028,0.315,0.053,0.000,11.0
2026-08-03T17:25:19.273089,2029,0.324,0.044,0.000,101.5
2026-08-03T17:25:19.333253,2030,0.331,0.057,0.000,16.9
2026-08-03T17:25:19.393544,2031,0.324,0.023,0.000,16.9
2026-08-03T17:25:19.402237,2032,0.328,0.020,0.000,124.3
2026-08-03T17:25:19.465836,2033,0.336,0.018,0.000,15.9
2026-08-03T17:25:19.531423,2034,0.299,0.019,0.000,15.5
2026-08-03T17:25:19.564690,2035,0.332,0.016,0.000,30.7
2026-08-03T17:25:19.599591,2036,0.318,0.003,0.000,29.9
2026-08-03T17:25:19.694417,2037,0.326,0.021,0.000,10.7
2026-08-03T17:25:19.702620,2038,0.343,0.010,0.000,133.6
2026-08-03T17:25:19.763812,2039,0.335,0.012,0.000,16.6
2026-08-03T17:25:19.830658,2040,0.332,0.009,0.000,15.2
2026-08-03T17:25:19.866158,2041,0.345,0.004,0.000,28.8
2026-08-03T17:25:19.896521,2042,0.344,0.003,0.000,34.1
2026-08-03T17:25:19.963941,2043,0.339,0.006,0.000,15.1
2026-08-03T17:25:19.976412,2044,0.355,0.008,0.000,84.6
2026-08-03T17:25:20.032569,2045,0.334,0.032,0.000,18.3
2026-08-03T17:25:20.125635,2046,0.345,0.008,0.000,10.9
2026-08-03T17:25:20.136049,2047,0.348,0.009,0.000,102.2
2026-08-03T17:25:20.196399,2048,0.364,0.010,0.000,16.8
2026-08-03T17:25:20.264591,2049,0.358,0.007,0.000,14.9
2026-08-03T17:25:20.296509,2050,0.374,0.005,0.000,32.0
2026-08-03T17:25:20.331482,2051,0.373,0.005,0.000,30.1
2026-08-03T17:25:20.427583,2052,0.390,0.008,0.000,10.5
2026-08-03T17:25:20.439892,2053,0.370,0.007,0.000,86.6
2026-08-03T17:25:20.496212,2054,0.376,0.010,0.000,18.3
2026-08-03T17:25:20.562590,2055,0.384,0.009,0.000,15.3
2026-08-03T17:25:20.571539,2056,0.330,0.005,0.000,121.8
2026-08-03T17:25:20.629171,2057,0.242,0.015,0.000,17.7
2026-08-03T17:25:20.696254,2058,0.221,0.012,0.000,15.2
2026-08-03T17:25:20.727644,2059,0.212,0.009,0.000,32.6
2026-08-03T17:25:20.766770,2060,0.217,0.011,0.000,26.1
2026-08-03T17:25:20.859699,2061,0.216,0.018,0.000,10.9
2026-08-03T17:25:20.869452,2062,0.224,0.021,0.000,112.5
2026-08-03T17:25:20.927786,2063,0.254,0.023,0.000,17.5
2026-08-03T17:25:20.994529,2064,0.284,0.019,0.000,15.2
2026-08-03T17:25:21.028264,2065,0.284,0.015,0.000,30.3
2026-08-03T17:25:21.059917,2066,0.293,0.017,0.000,32.4
2026-08-03T17:25:21.127129,2067,0.265,0.017,0.000,15.1
2026-08-03T17:25:21.137945,2068,0.257,0.034,0.000,98.9
2026-08-03T17:25:21.196767,2069,0.270,0.010,0.000,17.2
2026-08-03T17:25:21.290692,2070,0.271,0.009,0.000,10.8
2026-08-03T17:25:21.298638,2071,0.275,0.009,0.000,138.9
2026-08-03T17:25:21.360690,2072,0.288,0.018,0.000,16.8
2026-08-03T17:25:21.426715,2073,0.266,0.008,0.000,15.4
2026-08-03T17:25:21.461773,2074,0.268,0.018,0.000,29.1
2026-08-03T17:25:21.497134,2075,0.263,0.013,0.000,29.1
2026-08-03T17:25:21.590320,2076,0.261,0.024,0.000,10.9
2026-08-03T17:25:21.600151,2077,0.265,0.021,0.000,109.7
2026-08-03T17:25:21.660236,2078,0.276,0.059,0.000,16.9
2026-08-03T17:25:21.723217,2079,0.275,0.046,0.000,16.2
2026-08-03T17:25:21.733597,2080,0.274,0.043,0.000,102.8
2026-08-03T17:25:21.792133,2081,0.235,0.018,0.000,17.3
2026-08-03T17:25:21.860342,2082,0.213,0.018,0.000,14.9
2026-08-03T17:25:21.893236,2083,0.243,0.010,0.000,31.2
2026-08-03T17:25:21.928452,2084,0.241,0.019,0.000,29.0
2026-08-03T17:25:22.024966,2085,0.224,0.017,0.000,10.4
2026-08-03T17:25:22.033976,2086,0.266,0.077,0.000,120.7
2026-08-03T17:25:22.093415,2087,0.334,0.136,0.000,17.5
2026-08-03T17:25:22.159939,2088,0.332,0.181,0.000,15.2
2026-08-03T17:25:22.193342,2089,0.272,0.244,0.000,30.6
2026-08-03T17:25:22.224710,2090,0.258,0.208,0.000,33.4
2026-08-03T17:25:22.290246,2091,0.256,0.104,0.000,15.5
2026-08-03T17:25:22.300231,2092,0.249,0.103,0.000,107.4
2026-08-03T17:25:22.360961,2093,0.214,0.085,0.000,17.2
2026-08-03T17:25:22.454348,2094,0.213,0.061,0.000,10.8
2026-08-03T17:25:22.463081,2095,0.215,0.045,0.000,123.9
2026-08-03T17:25:22.524346,2096,0.212,0.067,0.000,17.0
2026-08-03T17:25:22.594120,2097,0.212,0.023,0.000,14.6
2026-08-03T17:25:22.625770,2098,0.201,0.144,0.000,32.4
2026-08-03T17:25:22.664909,2099,0.207,0.098,0.000,26.3
2026-08-03T17:25:22.756469,2100,0.210,0.067,0.000,11.1
2026-08-03T17:25:22.767061,2101,0.211,0.171,0.000,101.0
2026-08-03T17:25:22.823978,2102,0.207,0.275,0.000,17.8
2026-08-03T17:25:22.887421,2103,0.207,0.286,0.000,16.1
2026-08-03T17:25:22.900422,2104,0.213,0.268,0.000,81.3
2026-08-03T17:25:22.956971,2105,0.215,0.090,0.000,18.0
2026-08-03T17:25:23.022608,2106,0.214,0.069,0.000,15.4
2026-08-03T17:25:23.056648,2107,0.229,0.217,0.000,30.0
2026-08-03T17:25:23.094621,2108,0.237,0.192,0.000,26.8
2026-08-03T17:25:23.186949,2109,0.243,0.132,0.000,10.9
2026-08-03T17:25:23.195361,2110,0.249,0.179,0.000,130.2
2026-08-03T17:25:23.256716,2111,0.242,0.266,0.000,16.5
2026-08-03T17:25:23.323136,2112,0.245,0.273,0.000,15.2
2026-08-03T17:25:23.356701,2113,0.253,0.142,0.000,30.4
2026-08-03T17:25:23.388794,2114,0.253,0.117,0.000,31.9
2026-08-03T17:25:23.453913,2115,0.253,0.110,0.000,15.5
2026-08-03T17:25:23.462785,2116,0.252,0.114,0.000,122.1
2026-08-03T17:25:23.524820,2117,0.253,0.127,0.000,16.5
2026-08-03T17:25:23.618831,2118,0.251,0.243,0.000,10.7
2026-08-03T17:25:23.629995,2119,0.239,0.257,0.000,95.4
2026-08-03T17:25:23.689086,2120,0.241,0.124,0.000,17.2
2026-08-03T17:25:23.758212,2121,0.223,0.068,0.000,14.7
2026-08-03T17:25:23.789185,2122,0.217,0.117,0.000,33.2
2026-08-03T17:25:23.826994,2123,0.228,0.110,0.000,27.2
2026-08-03T17:25:23.919574,2124,0.234,0.123,0.000,11.0
2026-08-03T17:25:23.930761,2125,0.232,0.105,0.000,95.2
2026-08-03T17:25:23.990333,2126,0.224,0.110,0.000,17.2
2026-08-03T17:25:24.054731,2127,0.223,0.126,0.000,15.9
2026-08-03T17:25:24.065802,2128,0.221,0.066,0.000,96.5
2026-08-03T17:25:24.121702,2129,0.216,0.075,0.000,18.2
2026-08-03T17:25:24.187754,2130,0.220,0.083,0.000,15.4
2026-08-03T17:25:24.221194,2131,0.213,0.032,0.000,30.5
2026-08-03T17:25:24.257304,2132,0.220,0.034,0.000,28.5
2026-08-03T17:25:24.351445,2133,0.228,0.044,0.000,10.7
2026-08-03T17:25:24.362550,2134,0.227,0.045,0.000,96.4
2026-08-03T17:25:24.422242,2135,0.223,0.046,0.000,17.0
2026-08-03T17:25:24.487935,2136,0.225,0.072,0.000,15.4
2026-08-03T17:25:24.521803,2137,0.217,0.099,0.000,30.2
2026-08-03T17:25:24.552500,2138,0.218,0.095,0.000,34.1
2026-08-03T17:25:24.617844,2139,0.226,0.065,0.000,15.5
2026-08-03T17:25:24.627393,2140,0.226,0.063,0.000,113.1
2026-08-03T17:25:24.688947,2141,0.218,0.061,0.000,16.5
2026-08-03T17:25:24.782440,2142,0.220,0.082,0.000,10.8
2026-08-03T17:25:24.790410,2143,0.219,0.085,0.000,137.0
2026-08-03T17:25:24.853466,2144,0.213,0.051,0.000,16.0
2026-08-03T17:25:24.924656,2145,0.218,0.044,0.000,14.2
2026-08-03T17:25:24.952405,2146,0.216,0.026,0.000,37.2
2026-08-03T17:25:24.989824,2147,0.217,0.049,0.000,27.4
2026-08-03T17:25:25.082707,2148,0.215,0.046,0.000,10.9
2026-08-03T17:25:25.092967,2149,0.215,0.035,0.000,104.4
2026-08-03T17:25:25.154626,2150,0.226,0.048,0.000,16.4
2026-08-03T17:25:25.215574,2151,0.225,0.057,0.000,16.6
2026-08-03T17:25:25.227886,2152,0.223,0.053,0.000,86.5
2026-08-03T17:25:25.285687,2153,0.223,0.043,0.000,17.6
2026-08-03T17:25:25.352097,2154,0.224,0.028,0.000,15.2
2026-08-03T17:25:25.385652,2155,0.211,0.041,0.000,30.6
2026-08-03T17:25:25.421726,2156,0.199,0.042,0.000,28.8
2026-08-03T17:25:25.514328,2157,0.208,0.060,0.000,11.0
2026-08-03T17:25:25.527819,2158,0.202,0.048,0.000,78.3
2026-08-03T17:25:25.585036,2159,0.187,0.058,0.000,17.7
2026-08-03T17:25:25.653497,2160,0.211,0.053,0.000,14.8
2026-08-03T17:25:25.685842,2161,0.215,0.068,0.000,31.8
2026-08-03T17:25:25.719816,2162,0.213,0.051,0.000,30.9
2026-08-03T17:25:25.790553,2163,0.219,0.072,0.000,14.4
2026-08-03T17:25:25.801707,2164,0.219,0.037,0.000,98.6
2026-08-03T17:25:25.854428,2165,0.212,0.030,0.000,19.5
2026-08-03T17:25:25.947409,2166,0.225,0.050,0.000,10.9
2026-08-03T17:25:25.956359,2167,0.226,0.076,0.000,120.5
2026-08-03T17:25:26.016138,2168,0.216,0.086,0.000,17.5
2026-08-03T17:25:26.089291,2169,0.211,0.074,0.000,13.9
2026-08-03T17:25:26.114021,2170,0.227,0.118,0.000,41.8
2026-08-03T17:25:26.152529,2171,0.233,0.085,0.000,26.6
2026-08-03T17:25:26.247829,2172,0.229,0.080,0.000,10.6
2026-08-03T17:25:26.258441,2173,0.240,0.061,0.000,100.3
2026-08-03T17:25:26.317221,2174,0.236,0.039,0.000,17.3
2026-08-03T17:25:26.382676,2175,0.244,0.057,0.000,15.5
2026-08-03T17:25:26.396637,2176,0.245,0.059,0.000,75.5
2026-08-03T17:25:26.450208,2177,0.256,0.057,0.000,19.0
2026-08-03T17:25:26.514784,2178,0.253,0.060,0.000,15.7
2026-08-03T17:25:26.550209,2179,0.267,0.053,0.000,28.8
2026-08-03T17:25:26.588170,2180,0.250,0.056,0.000,27.1
2026-08-03T17:25:26.682379,2181,0.253,0.059,0.000,10.8
2026-08-03T17:25:26.692999,2182,0.257,0.054,0.000,101.1
2026-08-03T17:25:26.750931,2183,0.263,0.061,0.000,17.7
2026-08-03T17:25:26.819812,2184,0.272,0.066,0.000,14.7
2026-08-03T17:25:26.847835,2185,0.284,0.077,0.000,36.9
2026-08-03T17:25:26.881656,2186,0.275,0.059,0.000,30.4
2026-08-03T17:25:26.945802,2187,0.270,0.050,0.000,16.0
2026-08-03T17:25:26.955504,2188,0.268,0.048,0.000,110.8
2026-08-03T17:25:27.017217,2189,0.262,0.059,0.000,16.4
2026-08-03T17:25:27.110404,2190,0.251,0.020,0.000,10.8
2026-08-03T17:25:27.118966,2191,0.258,0.052,0.000,126.3
2026-08-03T17:25:27.180857,2192,0.252,0.035,0.000,16.3
2026-08-03T17:25:27.250167,2193,0.245,0.043,0.000,14.7
2026-08-03T17:25:27.281134,2194,0.246,0.046,0.000,33.1
2026-08-03T17:25:27.317755,2195,0.246,0.054,0.000,27.8
2026-08-03T17:25:27.410279,2196,0.244,0.067,0.404,10.9
2026-08-03T17:25:27.420707,2197,0.244,0.053,0.404,104.1
2026-08-03T17:25:27.481990,2198,0.238,0.064,0.404,16.5
2026-08-03T17:25:27.544558,2199,0.240,0.047,0.000,16.2
2026-08-03T17:25:27.554061,2200,0.241,0.085,0.000,113.0
2026-08-03T17:25:27.613625,2201,0.252,0.037,0.000,17.1
2026-08-03T17:25:27.685380,2202,0.253,0.057,0.000,14.1
2026-08-03T17:25:27.710991,2203,0.276,0.013,0.000,40.1
2026-08-03T17:25:27.750653,2204,0.284,0.032,0.000,25.7
2026-08-03T17:25:27.843881,2205,0.272,0.014,0.000,10.8
2026-08-03T17:25:27.857444,2206,0.266,0.035,0.000,77.8
2026-08-03T17:25:27.914318,2207,0.271,0.025,0.000,17.9
2026-08-03T17:25:27.981131,2208,0.258,0.028,0.000,15.2
2026-08-03T17:25:28.012638,2209,0.238,0.020,0.000,32.5
2026-08-03T17:25:28.046170,2210,0.259,0.021,0.000,31.2
2026-08-03T17:25:28.113302,2211,0.271,0.034,0.000,15.1
2026-08-03T17:25:28.121848,2212,0.285,0.052,0.000,126.8
2026-08-03T17:25:28.180383,2213,0.289,0.043,0.000,17.4
2026-08-03T17:25:28.275167,2214,0.285,0.039,0.000,10.7
2026-08-03T17:25:28.284335,2215,0.298,0.030,0.000,117.2
2026-08-03T17:25:28.345977,2216,0.286,0.366,0.000,16.4
2026-08-03T17:25:28.413504,2217,0.892,0.470,0.000,15.0
2026-08-03T17:25:28.443583,2218,0.000,0.000,0.000,34.1
2026-08-03T17:25:28.484106,2219,0.141,0.006,0.000,25.3
2026-08-03T17:25:28.574241,2220,0.085,0.011,0.000,11.2
2026-08-03T17:25:28.582244,2221,0.084,0.038,0.000,138.0
2026-08-03T17:25:28.645239,2222,0.079,0.015,0.000,16.1
2026-08-03T17:25:28.710224,2223,0.080,0.004,0.000,15.6
2026-08-03T17:25:28.719328,2224,0.090,0.011,0.000,119.6
2026-08-03T17:25:28.779005,2225,0.078,0.020,0.000,17.0
2026-08-03T17:25:28.848570,2226,0.090,0.017,0.000,14.6
2026-08-03T17:25:28.872826,2227,0.093,0.013,0.000,42.3
2026-08-03T17:25:28.912649,2228,0.089,0.011,0.000,25.5
2026-08-03T17:25:29.006541,2229,0.084,0.010,0.000,10.7
2026-08-03T17:25:29.017664,2230,0.090,0.007,0.000,96.2
2026-08-03T17:25:29.077162,2231,0.105,0.013,0.000,17.0
2026-08-03T17:25:29.148912,2232,0.099,0.010,0.000,14.2
2026-08-03T17:25:29.173775,2233,0.056,0.008,0.000,41.4
2026-08-03T17:25:29.209075,2234,0.071,0.019,0.000,29.3
2026-08-03T17:25:29.278704,2235,0.117,0.015,0.000,14.5
2026-08-03T17:25:29.287884,2236,0.120,0.016,0.000,118.2
2026-08-03T17:25:29.345660,2237,0.235,0.013,0.000,17.6
2026-08-03T17:25:29.438640,2238,0.165,0.011,0.000,10.9
2026-08-03T17:25:29.450901,2239,0.113,0.015,0.000,86.0
2026-08-03T17:25:29.510352,2240,0.107,0.009,0.000,17.1
2026-08-03T17:25:29.575326,2241,0.097,0.003,0.000,15.6
2026-08-03T17:25:29.607429,2242,0.087,0.006,0.000,31.9
2026-08-03T17:25:29.647889,2243,0.075,0.002,0.000,25.4
2026-08-03T17:25:29.738009,2244,0.085,0.012,0.000,11.2
2026-08-03T17:25:29.748490,2245,0.092,0.007,0.000,113.5
2026-08-03T17:25:29.810538,2246,0.105,0.018,0.000,17.0
2026-08-03T17:25:29.880032,2247,0.104,0.020,0.000,14.6
2026-08-03T17:25:29.888572,2248,0.110,0.026,0.000,129.0
2026-08-03T17:25:29.942473,2249,0.093,0.020,0.000,18.9
2026-08-03T17:25:30.011628,2250,0.078,0.013,0.000,14.8
2026-08-03T17:25:30.037970,2251,0.064,0.011,0.000,39.2
2026-08-03T17:25:30.077921,2252,0.063,0.009,0.000,25.6
2026-08-03T17:25:30.174118,2253,0.068,0.004,0.000,10.5
2026-08-03T17:25:30.183465,2254,0.089,0.009,0.000,119.0
2026-08-03T17:25:30.240779,2255,0.164,0.021,0.000,17.7
2026-08-03T17:25:30.312446,2256,0.169,0.011,0.000,14.3
2026-08-03T17:25:30.340112,2257,0.139,0.004,0.000,37.2
2026-08-03T17:25:30.373105,2258,0.114,0.006,0.000,31.2
2026-08-03T17:25:30.440727,2259,0.090,0.008,0.000,15.0
2026-08-03T17:25:30.450220,2260,0.095,0.011,0.000,118.8
2026-08-03T17:25:30.510933,2261,0.100,0.008,0.000,16.7
2026-08-03T17:25:30.605398,2262,0.096,0.008,0.000,10.7
2026-08-03T17:25:30.614699,2263,0.098,0.013,0.000,115.2
2026-08-03T17:25:30.672567,2264,0.132,0.010,0.000,17.7
2026-08-03T17:25:30.745274,2265,0.165,0.014,0.000,14.1
2026-08-03T17:25:30.770510,2266,0.220,0.010,0.000,40.7
2026-08-03T17:25:30.808271,2267,0.228,0.006,0.000,27.6
2026-08-03T17:25:30.905324,2268,0.137,0.002,0.000,10.4
2026-08-03T17:25:30.917670,2269,0.124,0.003,0.000,87.4
2026-08-03T17:25:30.973789,2270,0.096,0.003,0.000,18.3
2026-08-03T17:25:31.036864,2271,0.080,0.011,0.000,16.2
2026-08-03T17:25:31.047775,2272,0.109,0.010,0.000,101.1
2026-08-03T17:25:31.105207,2273,0.088,0.010,0.000,17.9
2026-08-03T17:25:31.171902,2274,0.088,0.010,0.000,15.3
2026-08-03T17:25:31.206345,2275,0.105,0.009,0.000,29.6
2026-08-03T17:25:31.241978,2276,0.106,0.010,0.000,28.9
2026-08-03T17:25:31.336245,2277,0.075,0.010,0.000,10.8
2026-08-03T17:25:31.347138,2278,0.069,0.011,0.000,98.3
2026-08-03T17:25:31.405896,2279,0.069,0.008,0.000,17.2
2026-08-03T17:25:31.473141,2280,0.055,0.008,0.000,15.1
2026-08-03T17:25:31.505027,2281,0.051,0.004,0.000,32.1
2026-08-03T17:25:31.538890,2282,0.046,0.003,0.000,30.5
2026-08-03T17:25:31.606360,2283,0.047,0.002,0.000,15.0
2026-08-03T17:25:31.615367,2284,0.050,0.004,0.000,121.4
2026-08-03T17:25:31.672708,2285,0.072,0.006,0.000,18.2
2026-08-03T17:25:31.767090,2286,0.069,0.009,0.000,10.7
2026-08-03T17:25:31.776000,2287,0.083,0.008,0.000,120.3
2026-08-03T17:25:31.837922,2288,0.060,0.009,0.000,16.4
2026-08-03T17:25:31.904993,2289,0.056,0.008,0.000,15.2
2026-08-03T17:25:31.937635,2290,0.052,0.011,0.000,31.4
2026-08-03T17:25:31.973997,2291,0.053,0.015,0.000,28.2
2026-08-03T17:25:32.067496,2292,0.046,0.014,0.000,10.8
2026-08-03T17:25:32.078542,2293,0.049,0.010,0.000,99.1
2026-08-03T17:25:32.137605,2294,0.099,0.016,0.000,17.2
2026-08-03T17:25:32.202699,2295,0.151,0.026,0.000,15.6
2026-08-03T17:25:32.213976,2296,0.157,0.026,0.000,94.6
2026-08-03T17:25:32.269934,2297,0.136,0.035,0.000,18.1
2026-08-03T17:25:32.336629,2298,0.112,0.031,0.000,15.2
2026-08-03T17:25:32.369867,2299,0.066,0.024,0.000,30.7
2026-08-03T17:25:32.405911,2300,0.052,0.020,0.000,28.5
2026-08-03T17:25:32.499725,2301,0.052,0.023,0.000,10.8
2026-08-03T17:25:32.514052,2302,0.051,0.021,0.000,78.7
2026-08-03T17:25:32.570862,2303,0.098,0.023,0.000,17.9
2026-08-03T17:25:32.635652,2304,0.143,0.021,0.000,15.7
2026-08-03T17:25:32.669062,2305,0.163,0.021,0.000,30.6
2026-08-03T17:25:32.702155,2306,0.158,0.021,0.000,31.3
2026-08-03T17:25:32.769944,2307,0.114,0.021,0.000,15.1
2026-08-03T17:25:32.778655,2308,0.079,0.020,0.000,125.2
2026-08-03T17:25:32.838197,2309,0.070,0.019,0.000,17.1
2026-08-03T17:25:32.931696,2310,0.060,0.020,0.000,10.8
2026-08-03T17:25:32.940509,2311,0.060,0.020,0.000,122.4
2026-08-03T17:25:33.001530,2312,0.075,0.019,0.000,16.7
2026-08-03T17:25:33.072087,2313,0.074,0.017,0.000,14.4
2026-08-03T17:25:33.097929,2314,0.074,0.018,0.000,41.0
2026-08-03T17:25:33.138103,2315,0.072,0.018,0.000,25.6
2026-08-03T17:25:33.233217,2316,0.069,0.020,0.000,10.6
2026-08-03T17:25:33.244762,2317,0.069,0.023,0.000,95.9
2026-08-03T17:25:33.301420,2318,0.063,0.021,0.000,18.1
2026-08-03T17:25:33.365305,2319,0.070,0.018,0.000,16.0
2026-08-03T17:25:33.376691,2320,0.067,0.019,0.000,95.1
2026-08-03T17:25:33.433196,2321,0.064,0.011,0.000,18.2
2026-08-03T17:25:33.502152,2322,0.059,0.013,0.000,14.8
2026-08-03T17:25:33.536309,2323,0.071,0.018,0.000,29.9
2026-08-03T17:25:33.566875,2324,0.084,0.019,0.000,34.4
2026-08-03T17:25:33.666779,2325,0.065,0.005,0.000,10.1
2026-08-03T17:25:33.677869,2326,0.067,0.007,0.000,96.8
2026-08-03T17:25:33.733196,2327,0.083,0.025,0.000,18.4
2026-08-03T17:25:33.803060,2328,0.091,0.020,0.000,14.6
2026-08-03T17:25:33.831960,2329,0.066,0.025,0.000,35.5
2026-08-03T17:25:33.868088,2330,0.066,0.018,0.000,28.5
2026-08-03T17:25:33.933947,2331,0.057,0.015,0.000,15.4
2026-08-03T17:25:33.942682,2332,0.055,0.015,0.000,124.2
2026-08-03T17:25:34.002918,2333,0.066,0.009,0.000,16.8
2026-08-03T17:25:34.095630,2334,0.050,0.010,0.000,10.9
2026-08-03T17:25:34.105496,2335,0.066,0.012,0.000,109.2
2026-08-03T17:25:34.165296,2336,0.064,0.011,0.000,17.1
2026-08-03T17:25:34.233237,2337,0.074,0.022,0.000,14.9
2026-08-03T17:25:34.264718,2338,0.076,0.016,0.000,34.1
2026-08-03T17:25:34.301053,2339,0.065,0.006,0.000,28.3
2026-08-03T17:25:34.399274,2340,0.059,0.009,0.000,10.3
2026-08-03T17:25:34.408654,2341,0.064,0.024,0.000,115.8
2026-08-03T17:25:34.464390,2342,0.074,0.031,0.000,18.2
2026-08-03T17:25:34.528634,2343,0.000,0.000,0.000,15.8
2026-08-03T17:25:34.538934,2344,0.077,0.012,0.000,104.1
2026-08-03T17:25:34.596714,2345,0.047,0.017,0.000,17.6
2026-08-03T17:25:34.667615,2346,0.000,0.000,0.000,14.3
2026-08-03T17:25:34.696006,2347,0.071,0.018,0.000,36.2
2026-08-03T17:25:34.732475,2348,0.059,0.028,0.000,28.1
2026-08-03T17:25:34.832516,2349,0.056,0.022,0.000,10.1
2026-08-03T17:25:34.840881,2350,0.064,0.038,0.000,130.3
2026-08-03T17:25:34.896453,2351,0.063,0.029,0.000,18.4
2026-08-03T17:25:34.966800,2352,0.081,0.052,0.000,14.5
2026-08-03T17:25:34.997059,2353,0.080,0.025,0.000,35.5
2026-08-03T17:25:35.028484,2354,0.000,0.000,0.000,32.9
2026-08-03T17:25:35.098472,2355,0.000,0.000,0.000,14.5
2026-08-03T17:25:35.110393,2356,0.077,0.015,0.000,88.7
2026-08-03T17:25:35.163297,2357,0.000,0.000,0.000,19.2
2026-08-03T17:25:35.260638,2358,0.000,0.000,0.000,10.5
2026-08-03T17:25:35.272284,2359,0.132,0.014,0.000,91.0
2026-08-03T17:25:35.326743,2360,0.000,0.000,0.000,19.0
2026-08-03T17:25:35.398091,2361,0.085,0.017,0.000,14.3
2026-08-03T17:25:35.425795,2362,0.000,0.000,0.000,36.9
2026-08-03T17:25:35.464613,2363,0.000,0.000,0.000,26.5
2026-08-03T17:25:35.562611,2364,0.000,0.000,0.000,10.4
2026-08-03T17:25:35.570647,2365,0.000,0.000,0.000,135.8
2026-08-03T17:25:35.629353,2366,0.000,0.000,0.000,17.3
2026-08-03T17:25:35.693356,2367,0.000,0.000,0.000,16.0
2026-08-03T17:25:35.701287,2368,0.000,0.000,0.000,138.3
2026-08-03T17:25:35.761979,2369,0.000,0.000,0.000,16.7
2026-08-03T17:25:35.833183,2370,0.174,0.039,0.000,14.2
2026-08-03T17:25:35.857153,2371,0.000,0.000,0.000,42.9
2026-08-03T17:25:35.899670,2372,0.119,0.029,0.000,24.2
2026-08-03T17:25:35.991835,2373,0.111,0.024,0.000,11.0
2026-08-03T17:25:35.998847,2374,0.000,0.000,0.000,160.3
2026-08-03T17:25:36.063553,2375,0.106,0.032,0.000,15.7
2026-08-03T17:25:36.130398,2376,0.000,0.000,0.000,15.3
2026-08-03T17:25:36.160540,2377,0.000,0.000,0.000,34.0
2026-08-03T17:25:36.193246,2378,0.000,0.000,0.000,31.8
2026-08-03T17:25:36.263131,2379,0.000,0.000,0.000,14.6
2026-08-03T17:25:36.273300,2380,0.000,0.000,0.000,106.5
2026-08-03T17:25:36.329645,2381,0.000,0.000,0.000,18.1
2026-08-03T17:25:36.425563,2382,0.000,0.000,0.000,10.6
2026-08-03T17:25:36.435622,2383,0.000,0.000,0.000,106.7
2026-08-03T17:25:36.493153,2384,0.000,0.000,0.000,17.6
2026-08-03T17:25:36.569656,2385,0.000,0.000,0.000,13.3
2026-08-03T17:25:36.589092,2386,0.000,0.000,0.000,53.6
2026-08-03T17:25:36.627870,2387,0.000,0.000,0.000,26.4
2026-08-03T17:25:36.725350,2388,0.000,0.000,0.000,10.4
2026-08-03T17:25:36.736036,2389,0.000,0.000,0.000,101.7
2026-08-03T17:25:36.792721,2390,0.000,0.000,0.000,18.1
2026-08-03T17:25:36.860418,2391,0.000,0.000,0.000,15.1
2026-08-03T17:25:36.869266,2392,0.000,0.000,0.000,123.1
2026-08-03T17:25:36.924563,2393,0.000,0.000,0.000,18.6
2026-08-03T17:25:36.990905,2394,0.000,0.000,0.000,15.5
2026-08-03T17:25:37.023988,2395,0.000,0.000,0.000,31.2
2026-08-03T17:25:37.061757,2396,0.000,0.000,0.000,27.6
2026-08-03T17:25:37.158711,2397,0.000,0.000,0.000,10.5
2026-08-03T17:25:37.166873,2398,0.000,0.000,0.000,135.1
2026-08-03T17:25:37.225780,2399,0.000,0.000,0.000,17.2
2026-08-03T17:25:37.292156,2400,0.000,0.000,0.000,15.4
2026-08-03T17:25:37.323726,2401,0.000,0.000,0.000,32.4
2026-08-03T17:25:37.356946,2402,0.000,0.000,0.000,31.1
2026-08-03T17:25:37.427790,2403,0.000,0.000,0.000,14.3
2026-08-03T17:25:37.436865,2404,0.000,0.000,0.000,120.6
2026-08-03T17:25:37.495435,2405,0.000,0.000,0.000,17.6
2026-08-03T17:25:37.598828,2406,0.000,0.000,0.000,9.8
2026-08-03T17:25:37.606752,2407,0.000,0.000,0.000,137.2
2026-08-03T17:25:37.657463,2408,0.000,0.000,0.000,20.2
2026-08-03T17:25:37.723209,2409,0.000,0.000,0.000,15.6
2026-08-03T17:25:37.757871,2410,0.000,0.000,0.000,29.5
2026-08-03T17:25:37.793933,2411,0.000,0.000,0.000,29.4
2026-08-03T17:25:37.887136,2412,0.000,0.000,0.000,10.9
2026-08-03T17:25:37.897840,2413,0.000,0.000,0.000,105.2
2026-08-03T17:25:37.956140,2414,0.000,0.000,0.000,17.4
2026-08-03T17:25:38.024077,2415,0.000,0.000,0.000,15.0
2026-08-03T17:25:38.034198,2416,0.000,0.000,0.000,107.5
2026-08-03T17:25:38.088878,2417,0.000,0.000,0.000,18.6
2026-08-03T17:25:38.160838,2418,0.176,0.008,0.000,14.1
2026-08-03T17:25:38.185835,2419,0.000,0.000,0.000,41.3
2026-08-03T17:25:38.225762,2420,0.000,0.000,0.000,26.0
2026-08-03T17:25:38.326636,2421,0.000,0.000,0.000,10.0
2026-08-03T17:25:38.334912,2422,0.000,0.000,0.000,131.9
2026-08-03T17:25:38.389330,2423,0.000,0.000,0.000,18.8
2026-08-03T17:25:38.458807,2424,0.000,0.000,0.000,14.6
2026-08-03T17:25:38.487201,2425,0.000,0.000,0.000,36.4
2026-08-03T17:25:38.520039,2426,0.000,0.000,0.000,31.5
2026-08-03T17:25:38.588123,2427,0.000,0.000,0.000,15.0
2026-08-03T17:25:38.596460,2428,0.000,0.000,0.000,131.8
2026-08-03T17:25:38.656830,2429,0.000,0.000,0.000,16.8
2026-08-03T17:25:38.757546,2430,0.196,0.016,0.000,10.1
2026-08-03T17:25:38.766429,2431,0.130,0.021,0.000,125.7
2026-08-03T17:25:38.820730,2432,0.106,0.032,0.000,18.7
2026-08-03T17:25:38.887531,2433,0.102,0.038,0.000,15.2
2026-08-03T17:25:38.921961,2434,0.111,0.033,0.000,30.1
2026-08-03T17:25:38.957450,2435,0.114,0.032,0.000,29.6
2026-08-03T17:25:39.049777,2436,0.103,0.032,0.000,11.1
2026-08-03T17:25:39.059728,2437,0.119,0.027,0.000,108.2
2026-08-03T17:25:39.121439,2438,0.115,0.023,0.000,16.5
2026-08-03T17:25:39.184318,2439,0.123,0.022,0.000,16.3
2026-08-03T17:25:39.195655,2440,0.119,0.022,0.000,94.4
2026-08-03T17:25:39.253018,2441,0.104,0.021,0.000,17.8
2026-08-03T17:25:39.323659,2442,0.105,0.021,0.000,14.4
2026-08-03T17:25:39.352176,2443,0.114,0.022,0.000,36.1
2026-08-03T17:25:39.390461,2444,0.111,0.023,0.000,27.3
2026-08-03T17:25:39.484615,2445,0.113,0.021,0.000,10.7
2026-08-03T17:25:39.495636,2446,0.122,0.023,0.000,97.4
2026-08-03T17:25:39.554117,2447,0.125,0.019,0.000,17.3
2026-08-03T17:25:39.620292,2448,0.117,0.020,0.000,15.4
2026-08-03T17:25:39.652994,2449,0.118,0.031,0.000,31.3
2026-08-03T17:25:39.686465,2450,0.118,0.039,0.000,30.6
2026-08-03T17:25:39.751749,2451,0.116,0.041,0.000,15.5
2026-08-03T17:25:39.760089,2452,0.116,0.043,0.000,131.2
2026-08-03T17:25:39.821487,2453,0.120,0.041,0.000,16.5
2026-08-03T17:25:39.915251,2454,0.118,0.031,0.000,10.8
2026-08-03T17:25:39.924116,2455,0.111,0.033,0.000,121.8
2026-08-03T17:25:39.986434,2456,0.112,0.030,0.000,16.3
2026-08-03T17:25:40.056714,2457,0.105,0.025,0.000,14.4
2026-08-03T17:25:40.084553,2458,0.109,0.027,0.000,37.2
2026-08-03T17:25:40.120903,2459,0.104,0.027,0.000,28.6
2026-08-03T17:25:40.216872,2460,0.080,0.025,0.000,10.5
2026-08-03T17:25:40.228488,2461,0.084,0.025,0.000,91.6
2026-08-03T17:25:40.284767,2462,0.086,0.030,0.000,18.3
2026-08-03T17:25:40.349043,2463,0.090,0.028,0.000,15.9
2026-08-03T17:25:40.360463,2464,0.085,0.021,0.000,93.2
2026-08-03T17:25:40.418311,2465,0.086,0.023,0.000,17.6
2026-08-03T17:25:40.488356,2466,0.089,0.026,0.000,14.5
2026-08-03T17:25:40.518508,2467,0.077,0.024,0.000,33.9
2026-08-03T17:25:40.550140,2468,0.075,0.021,0.000,32.6
2026-08-03T17:25:40.650479,2469,0.074,0.024,0.000,10.1
2026-08-03T17:25:40.661205,2470,0.060,0.023,0.000,99.8
2026-08-03T17:25:40.718466,2471,0.051,0.022,0.000,17.7
2026-08-03T17:25:40.785603,2472,0.064,0.022,0.000,15.2
2026-08-03T17:25:40.817042,2473,0.070,0.012,0.000,32.6
2026-08-03T17:25:40.850362,2474,0.073,0.013,0.000,30.9
2026-08-03T17:25:40.915314,2475,0.073,0.010,0.000,15.6
2026-08-03T17:25:40.926863,2476,0.076,0.007,0.000,92.5
2026-08-03T17:25:40.985178,2477,0.071,0.006,0.000,17.5
2026-08-03T17:25:41.083610,2478,0.067,0.005,0.000,10.4
2026-08-03T17:25:41.092164,2479,0.064,0.003,0.000,126.2
2026-08-03T17:25:41.149905,2480,0.070,0.003,0.000,18.1
2026-08-03T17:25:41.217175,2481,0.076,0.002,0.000,15.1
2026-08-03T17:25:41.250375,2482,0.070,0.006,0.000,30.8
2026-08-03T17:25:41.286430,2483,0.074,0.004,0.000,29.0
2026-08-03T17:25:41.380634,2484,0.076,0.011,0.000,10.8
2026-08-03T17:25:41.391125,2485,0.077,0.011,0.000,103.1
2026-08-03T17:25:41.450827,2486,0.076,0.008,0.000,17.3
2026-08-03T17:25:41.517995,2487,0.074,0.009,0.000,15.2
2026-08-03T17:25:41.529714,2488,0.082,0.003,0.000,91.5
2026-08-03T17:25:41.584399,2489,0.082,0.003,0.000,18.7
2026-08-03T17:25:41.649626,2490,0.092,0.006,0.000,15.7
2026-08-03T17:25:41.680099,2491,0.089,0.006,0.000,33.6
2026-08-03T17:25:41.716429,2492,0.094,0.004,0.000,28.2
2026-08-03T17:25:41.811173,2493,0.082,0.007,0.000,10.6
2026-08-03T17:25:41.822142,2494,0.076,0.011,0.000,98.2
2026-08-03T17:25:41.879951,2495,0.085,0.007,0.000,17.5
2026-08-03T17:25:41.948543,2496,0.083,0.007,0.000,14.8
2026-08-03T17:25:41.979156,2497,0.088,0.005,0.000,33.5
2026-08-03T17:25:42.014134,2498,0.093,0.008,0.000,29.2
2026-08-03T17:25:42.081527,2499,0.115,0.005,0.000,15.0
2026-08-03T17:25:42.091042,2500,0.120,0.008,0.000,115.1
2026-08-03T17:25:42.148490,2501,0.112,0.006,0.000,17.7
2026-08-03T17:25:42.249369,2502,0.090,0.004,0.000,10.0
2026-08-03T17:25:42.259041,2503,0.093,0.002,0.000,112.9
2026-08-03T17:25:42.311904,2504,0.090,0.007,0.000,19.3
2026-08-03T17:25:42.380825,2505,0.085,0.007,0.000,14.8
2026-08-03T17:25:42.411354,2506,0.100,0.006,0.000,35.9
2026-08-03T17:25:42.448427,2507,0.105,0.009,0.000,27.5
2026-08-03T17:25:42.548663,2508,0.116,0.011,0.000,10.1
2026-08-03T17:25:42.557637,2509,0.122,0.012,0.000,120.7
2026-08-03T17:25:42.612285,2510,0.122,0.012,0.000,18.7
2026-08-03T17:25:42.677128,2511,0.112,0.010,0.000,15.6
2026-08-03T17:25:42.686596,2512,0.111,0.010,0.000,114.1
2026-08-03T17:25:42.744794,2513,0.106,0.008,0.000,17.4
2026-08-03T17:25:42.815596,2514,0.106,0.007,0.000,14.3
2026-08-03T17:25:42.845420,2515,0.125,0.009,0.000,34.4
2026-08-03T17:25:42.880320,2516,0.115,0.007,0.000,29.5
2026-08-03T17:25:42.976293,2517,0.096,0.004,0.000,10.5
2026-08-03T17:25:42.985409,2518,0.108,0.006,0.000,119.6
2026-08-03T17:25:43.046037,2519,0.096,0.006,0.000,16.7
2026-08-03T17:25:43.113425,2520,0.102,0.006,0.000,15.1
2026-08-03T17:25:43.146107,2521,0.096,0.007,0.000,31.3
2026-08-03T17:25:43.178387,2522,0.085,0.009,0.000,32.1
2026-08-03T17:25:43.246068,2523,0.086,0.010,0.000,15.0
2026-08-03T17:25:43.256778,2524,0.085,0.010,0.000,100.5
2026-08-03T17:25:43.313618,2525,0.087,0.013,0.000,17.8
2026-08-03T17:25:43.408204,2526,0.095,0.015,0.000,10.7
2026-08-03T17:25:43.418695,2527,0.094,0.018,0.000,103.3
2026-08-03T17:25:43.477938,2528,0.071,0.007,0.000,17.2
2026-08-03T17:25:43.549095,2529,0.072,0.004,0.000,14.3
2026-08-03T17:25:43.575808,2530,0.083,0.002,0.000,38.9
2026-08-03T17:25:43.613556,2531,0.084,0.004,0.000,27.1
2026-08-03T17:25:43.709471,2532,0.091,0.009,0.000,10.5
2026-08-03T17:25:43.722933,2533,0.088,0.007,0.000,78.4
2026-08-03T17:25:43.777856,2534,0.090,0.007,0.000,18.7
2026-08-03T17:25:43.841481,2535,0.088,0.007,0.000,16.0
2026-08-03T17:25:43.853139,2536,0.092,0.011,0.000,92.2
2026-08-03T17:25:43.911024,2537,0.086,0.007,0.000,17.7
2026-08-03T17:25:43.977610,2538,0.075,0.002,0.000,15.3
2026-08-03T17:25:44.010502,2539,0.086,0.011,0.000,31.1
2026-08-03T17:25:44.044304,2540,0.087,0.008,0.000,30.8
2026-08-03T17:25:44.142487,2541,0.073,0.021,0.000,10.3
2026-08-03T17:25:44.151307,2542,0.080,0.007,0.000,123.5
2026-08-03T17:25:44.210053,2543,0.095,0.007,0.000,17.2
2026-08-03T17:25:44.278667,2544,0.106,0.019,0.000,14.9
2026-08-03T17:25:44.309919,2545,0.095,0.024,0.000,32.7
2026-08-03T17:25:44.341493,2546,0.116,0.021,0.000,32.8
2026-08-03T17:25:44.411269,2547,0.132,0.033,0.000,14.5
2026-08-03T17:25:44.422343,2548,0.101,0.010,0.000,97.6
2026-08-03T17:25:44.479422,2549,0.094,0.021,0.000,17.8
2026-08-03T17:25:44.572079,2550,0.099,0.006,0.000,10.9
2026-08-03T17:25:44.581412,2551,0.093,0.014,0.000,116.7
2026-08-03T17:25:44.642417,2552,0.118,0.023,0.000,16.7
2026-08-03T17:25:44.708163,2553,0.000,0.000,0.000,15.5
2026-08-03T17:25:44.744790,2554,0.058,0.019,0.000,27.9
2026-08-03T17:25:44.777978,2555,0.062,0.013,0.000,31.2
2026-08-03T17:25:44.872285,2556,0.113,0.030,0.000,10.7
2026-08-03T17:25:44.883466,2557,0.164,0.023,0.000,96.3
2026-08-03T17:25:44.942764,2558,0.165,0.031,0.000,17.2
2026-08-03T17:25:45.007108,2559,0.000,0.000,0.000,15.8
2026-08-03T17:25:45.018732,2560,0.165,0.022,0.000,92.9
2026-08-03T17:25:45.073749,2561,0.112,0.039,0.000,18.4
2026-08-03T17:25:45.142078,2562,0.097,0.024,0.000,14.9
2026-08-03T17:25:45.172950,2563,0.089,0.015,0.000,33.2
2026-08-03T17:25:45.209766,2564,0.000,0.000,0.000,27.9
2026-08-03T17:25:45.304100,2565,0.000,0.000,0.000,10.7
2026-08-03T17:25:45.318442,2566,0.099,0.013,0.000,74.5
2026-08-03T17:25:45.375778,2567,0.107,0.010,0.000,17.9
2026-08-03T17:25:45.441743,2568,0.114,0.009,0.000,15.4
2026-08-03T17:25:45.472682,2569,0.149,0.006,0.000,33.1
2026-08-03T17:25:45.506309,2570,0.150,0.005,0.000,30.7
2026-08-03T17:25:45.570049,2571,0.141,0.006,0.000,16.0
2026-08-03T17:25:45.580889,2572,0.111,0.008,0.000,98.6
2026-08-03T17:25:45.643043,2573,0.131,0.009,0.000,16.3
2026-08-03T17:25:45.739708,2574,0.111,0.015,0.000,10.6
2026-08-03T17:25:45.750376,2575,0.102,0.021,0.000,101.6
2026-08-03T17:25:45.804879,2576,0.105,0.019,0.000,18.6
2026-08-03T17:25:45.876104,2577,0.119,0.019,0.000,14.2
2026-08-03T17:25:45.904813,2578,0.137,0.015,0.000,35.8
2026-08-03T17:25:45.940531,2579,0.153,0.013,0.000,29.3
2026-08-03T17:25:46.036251,2580,0.224,0.009,0.000,10.6
2026-08-03T17:25:46.046959,2581,0.257,0.013,0.000,100.2
2026-08-03T17:25:46.106718,2582,0.262,0.011,0.000,16.9
2026-08-03T17:25:46.178850,2583,0.187,0.007,0.000,14.1
2026-08-03T17:25:46.188023,2584,0.143,0.005,0.000,118.9
2026-08-03T17:25:46.236693,2585,0.089,0.001,0.000,20.9
2026-08-03T17:25:46.303879,2586,0.089,0.005,0.000,15.1
2026-08-03T17:25:46.336510,2587,0.107,0.007,0.000,31.4
2026-08-03T17:25:46.372391,2588,0.112,0.006,0.000,28.7
2026-08-03T17:25:46.468960,2589,0.122,0.009,0.000,10.5
2026-08-03T17:25:46.478940,2590,0.118,0.011,0.000,108.4
2026-08-03T17:25:46.535895,2591,0.089,0.008,0.000,17.8
2026-08-03T17:25:46.607488,2592,0.084,0.010,0.000,14.2
2026-08-03T17:25:46.634613,2593,0.087,0.011,0.000,38.6
2026-08-03T17:25:46.668791,2594,0.103,0.008,0.000,30.0
2026-08-03T17:25:46.736370,2595,0.105,0.008,0.000,15.0
2026-08-03T17:25:46.744740,2596,0.123,0.007,0.000,130.4
2026-08-03T17:25:46.804399,2597,0.113,0.005,0.000,17.0
2026-08-03T17:25:46.901456,2598,0.103,0.007,0.000,10.4
2026-08-03T17:25:46.910149,2599,0.131,0.004,0.000,124.4
2026-08-03T17:25:46.968709,2600,0.122,0.001,0.000,17.3
2026-08-03T17:25:47.036431,2601,0.110,0.001,0.000,15.0
2026-08-03T17:25:47.069794,2602,0.122,0.002,0.000,30.6
2026-08-03T17:25:47.105805,2603,0.103,0.006,0.000,29.1
2026-08-03T17:25:47.199671,2604,0.106,0.004,0.000,10.8
2026-08-03T17:25:47.210555,2605,0.095,0.003,0.000,99.0
2026-08-03T17:25:47.269386,2606,0.078,0.005,0.000,17.2
2026-08-03T17:25:47.334307,2607,0.073,0.004,0.000,15.7
2026-08-03T17:25:47.345314,2608,0.075,0.002,0.000,97.0
2026-08-03T17:25:47.400860,2609,0.080,0.002,0.000,18.3
2026-08-03T17:25:47.466905,2610,0.069,0.002,0.000,15.5
2026-08-03T17:25:47.502841,2611,0.055,0.005,0.000,28.3
2026-08-03T17:25:47.538192,2612,0.063,0.008,0.000,29.5
2026-08-03T17:25:47.634073,2613,0.076,0.005,0.000,10.6
2026-08-03T17:25:47.643230,2614,0.070,0.009,0.000,121.7
2026-08-03T17:25:47.701663,2615,0.072,0.022,0.000,17.8
2026-08-03T17:25:47.769322,2616,0.061,0.018,0.000,15.0
2026-08-03T17:25:47.802905,2617,0.069,0.052,0.000,30.4
2026-08-03T17:25:47.833719,2618,0.114,0.066,0.000,34.2
2026-08-03T17:25:47.901654,2619,0.112,0.043,0.000,15.0
2026-08-03T17:25:47.910659,2620,0.098,0.031,0.000,121.3
2026-08-03T17:25:47.970029,2621,0.104,0.036,0.000,17.5
2026-08-03T17:25:48.066183,2622,0.110,0.027,0.000,10.6
2026-08-03T17:25:48.076723,2623,0.104,0.024,0.000,101.1
2026-08-03T17:25:48.133641,2624,0.097,0.022,0.000,17.9
2026-08-03T17:25:48.208373,2625,0.082,0.027,0.000,13.6
2026-08-03T17:25:48.231436,2626,0.090,0.009,0.000,44.7
2026-08-03T17:25:48.271080,2627,0.103,0.009,0.000,26.0
2026-08-03T17:25:48.370178,2628,0.065,0.011,0.000,10.2
2026-08-03T17:25:48.380498,2629,0.067,0.006,0.000,106.1
2026-08-03T17:25:48.433695,2630,0.084,0.005,0.000,19.7
2026-08-03T17:25:48.498627,2631,0.096,0.004,0.000,15.7
2026-08-03T17:25:48.510690,2632,0.107,0.007,0.000,88.1
2026-08-03T17:25:48.564864,2633,0.090,0.014,0.000,18.8
2026-08-03T17:25:48.630529,2634,0.092,0.023,0.000,15.6
2026-08-03T17:25:48.666664,2635,0.069,0.015,0.000,28.2
2026-08-03T17:25:48.703175,2636,0.068,0.014,0.000,28.2
2026-08-03T17:25:48.794868,2637,0.061,0.023,0.000,11.1
2026-08-03T17:25:48.807221,2638,0.062,0.047,0.000,86.0
2026-08-03T17:25:48.865613,2639,0.062,0.055,0.000,18.1
2026-08-03T17:25:48.934455,2640,0.063,0.051,0.000,14.8
2026-08-03T17:25:48.966632,2641,0.064,0.032,0.000,32.0
2026-08-03T17:25:48.997905,2642,0.065,0.025,0.000,33.1
2026-08-03T17:25:49.063357,2643,0.070,0.017,0.000,15.6
2026-08-03T17:25:49.072510,2644,0.076,0.014,0.000,118.0
2026-08-03T17:25:49.133571,2645,0.096,0.004,0.000,16.7
2026-08-03T17:25:49.227726,2646,0.145,0.002,0.000,10.8
2026-08-03T17:25:49.235903,2647,0.186,0.003,0.000,133.1
2026-08-03T17:25:49.297527,2648,0.186,0.002,0.000,16.6
2026-08-03T17:25:49.367985,2649,0.107,0.002,0.000,14.4
2026-08-03T17:25:49.397602,2650,0.082,0.003,0.000,34.6
2026-08-03T17:25:49.432582,2651,0.076,0.000,0.000,29.7
2026-08-03T17:25:49.526494,2652,0.078,0.001,0.000,10.8
2026-08-03T17:25:49.535728,2653,0.073,0.003,0.000,118.7
2026-08-03T17:25:49.597814,2654,0.077,0.007,0.000,16.7
2026-08-03T17:25:49.662736,2655,0.073,0.007,0.000,15.7
2026-08-03T17:25:49.675569,2656,0.070,0.004,0.000,82.7
2026-08-03T17:25:49.728629,2657,0.063,0.005,0.000,19.3
2026-08-03T17:25:49.797539,2658,0.062,0.005,0.000,14.7
2026-08-03T17:25:49.829773,2659,0.058,0.001,0.000,31.9
2026-08-03T17:25:49.866736,2660,0.061,0.002,0.000,28.2
2026-08-03T17:25:49.961600,2661,0.058,0.003,0.000,10.7
2026-08-03T17:25:49.971804,2662,0.064,0.007,0.000,104.7
2026-08-03T17:25:50.030030,2663,0.052,0.020,0.000,17.4
2026-08-03T17:25:50.101325,2664,0.062,0.035,0.000,14.3
2026-08-03T17:25:50.130612,2665,0.047,0.048,0.000,35.0
2026-08-03T17:25:50.163226,2666,0.046,0.060,0.000,32.0
2026-08-03T17:25:50.230790,2667,0.048,0.050,0.000,15.1
2026-08-03T17:25:50.241000,2668,0.046,0.056,0.000,105.4
2026-08-03T17:25:50.297494,2669,0.053,0.027,0.000,18.1
2026-08-03T17:25:50.392460,2670,0.060,0.019,0.000,10.6
2026-08-03T17:25:50.401457,2671,0.074,0.010,0.000,119.1
2026-08-03T17:25:50.460583,2672,0.062,0.011,0.000,17.2
2026-08-03T17:25:50.531000,2673,0.055,0.120,0.000,14.5
2026-08-03T17:25:50.558181,2674,0.052,0.183,0.000,37.8
2026-08-03T17:25:50.596754,2675,0.051,0.101,0.000,26.5
2026-08-03T17:25:50.695607,2676,0.055,0.021,0.000,10.2
2026-08-03T17:25:50.704616,2677,0.056,0.007,0.000,121.9
2026-08-03T17:25:50.761118,2678,0.054,0.007,0.000,18.0
2026-08-03T17:25:50.827116,2679,0.053,0.036,0.000,15.4
2026-08-03T17:25:50.837227,2680,0.048,0.088,0.000,107.8
2026-08-03T17:25:50.893621,2681,0.055,0.012,0.000,18.0
2026-08-03T17:25:50.960412,2682,0.059,0.012,0.000,15.2
2026-08-03T17:25:50.993177,2683,0.070,0.010,0.000,31.2
2026-08-03T17:25:51.030056,2684,0.072,0.013,0.000,27.7
2026-08-03T17:25:51.123760,2685,0.060,0.047,0.000,10.8
2026-08-03T17:25:51.134504,2686,0.075,0.030,0.000,99.8
2026-08-03T17:25:51.194111,2687,0.065,0.009,0.000,17.1
2026-08-03T17:25:51.260314,2688,0.064,0.003,0.000,15.4
2026-08-03T17:25:51.294761,2689,0.054,0.002,0.000,29.6
2026-08-03T17:25:51.327800,2690,0.069,0.005,0.000,31.4
2026-08-03T17:25:51.392384,2691,0.061,0.007,0.000,15.7
2026-08-03T17:25:51.401203,2692,0.055,0.004,0.000,124.6
2026-08-03T17:25:51.461410,2693,0.072,0.005,0.000,17.3
2026-08-03T17:25:51.556672,2694,0.067,0.010,0.000,10.6
2026-08-03T17:25:51.567816,2695,0.072,0.006,0.000,96.2
2026-08-03T17:25:51.625166,2696,0.070,0.023,0.000,17.9
2026-08-03T17:25:51.689185,2697,0.000,0.000,0.000,15.9
2026-08-03T17:25:51.724805,2698,0.000,0.000,0.000,28.6
2026-08-03T17:25:51.763211,2699,0.000,0.000,0.000,26.9
2026-08-03T17:25:51.856184,2700,0.000,0.000,0.000,10.9
2026-08-03T17:25:51.868164,2701,0.000,0.000,0.000,95.3
2026-08-03T17:25:51.925769,2702,0.000,0.000,0.000,17.8
2026-08-03T17:25:51.992213,2703,0.000,0.000,0.000,15.3
2026-08-03T17:25:52.000550,2704,0.000,0.000,0.000,131.2
2026-08-03T17:25:52.057740,2705,0.000,0.000,0.000,17.8
2026-08-03T17:25:52.123328,2706,0.000,0.000,0.000,15.7
2026-08-03T17:25:52.156135,2707,0.000,0.000,0.000,31.1
2026-08-03T17:25:52.185368,2708,0.000,0.000,0.000,36.1
2026-08-03T17:25:52.282010,2709,0.000,0.000,0.000,10.5
2026-08-03T17:25:52.284624,2710,0.000,0.000,0.000,524.1
2026-08-03T17:25:52.349843,2711,0.000,0.000,0.000,15.5
2026-08-03T17:25:52.417116,2712,0.000,0.000,0.000,15.1
2026-08-03T17:25:52.449285,2713,0.000,0.000,0.000,31.8
2026-08-03T17:25:52.481758,2714,0.000,0.000,0.000,32.0
2026-08-03T17:25:52.548521,2715,0.000,0.000,0.000,15.3
2026-08-03T17:25:52.551193,2716,0.000,0.000,0.000,547.4
2026-08-03T17:25:52.580430,2717,0.000,0.000,0.000,34.9
2026-08-03T17:25:52.649752,2718,0.000,0.000,0.000,14.6
2026-08-03T17:25:52.681001,2719,0.000,0.000,0.000,32.8
2026-08-03T17:25:52.717812,2720,0.000,0.000,0.000,27.8
2026-08-03T17:25:52.812281,2721,0.000,0.000,0.000,10.7
2026-08-03T17:25:52.815459,2722,0.000,0.000,0.000,414.0
2026-08-03T17:25:52.881288,2723,0.000,0.000,0.000,15.3
2026-08-03T17:25:52.950822,2724,0.000,0.000,0.000,14.7
2026-08-03T17:25:52.980880,2725,0.000,0.000,0.000,34.2
2026-08-03T17:25:53.017086,2726,0.000,0.000,0.000,28.5
2026-08-03T17:25:53.113712,2727,0.000,0.000,0.000,10.5
2026-08-03T17:25:53.118102,2728,0.000,0.000,0.000,272.8
2026-08-03T17:25:53.181433,2729,0.000,0.000,0.000,15.9
2026-08-03T17:25:53.245015,2730,0.000,0.000,0.000,15.9
2026-08-03T17:25:53.247653,2731,0.000,0.000,0.000,515.0
2026-08-03T17:25:53.313081,2732,0.000,0.000,0.000,15.6
2026-08-03T17:25:53.382392,2733,0.000,0.000,0.000,14.6
2026-08-03T17:25:53.413653,2734,0.000,0.000,0.000,32.7
2026-08-03T17:25:53.449854,2735,0.000,0.000,0.000,29.0
2026-08-03T17:25:53.545997,2736,0.000,0.000,0.000,10.6
2026-08-03T17:25:53.548719,2737,0.000,0.000,0.000,501.0
2026-08-03T17:25:53.613163,2738,0.000,0.000,0.000,15.7
2026-08-03T17:25:53.679165,2739,0.000,0.000,0.000,15.4
2026-08-03T17:25:53.682444,2740,0.000,0.000,0.000,400.9
2026-08-03T17:25:53.712499,2741,0.000,0.000,0.000,33.9
2026-08-03T17:25:53.778317,2742,0.000,0.000,0.000,15.4
2026-08-03T17:25:53.782025,2743,0.000,0.000,0.000,338.8
2026-08-03T17:25:53.845936,2744,0.000,0.000,0.000,15.9
2026-08-03T17:25:53.915904,2745,0.000,0.000,0.000,14.5
2026-08-03T17:25:53.945069,2746,0.000,0.000,0.000,35.3
2026-08-03T17:25:53.981364,2747,0.000,0.000,0.000,28.1
2026-08-03T17:25:54.078327,2748,0.000,0.000,0.000,10.4
2026-08-03T17:25:54.081020,2749,0.000,0.000,0.000,495.8
2026-08-03T17:25:54.144812,2750,0.000,0.000,0.000,15.8
2026-08-03T17:25:54.222814,2751,0.000,0.000,0.000,13.0
2026-08-03T17:25:54.245007,2752,0.000,0.000,0.000,46.6
2026-08-03T17:25:54.277131,2753,0.000,0.000,0.000,32.1
2026-08-03T17:25:54.348596,2754,0.000,0.000,0.000,14.2
2026-08-03T17:25:54.351141,2755,0.000,0.000,0.000,530.2
2026-08-03T17:25:54.412465,2756,0.000,0.000,0.000,16.5
2026-08-03T17:25:54.511221,2757,0.000,0.000,0.000,10.3
2026-08-03T17:25:54.514013,2758,0.000,0.000,0.000,502.1
2026-08-03T17:25:54.577123,2759,0.000,0.000,0.000,16.0
2026-08-03T17:25:54.645949,2760,0.000,0.000,0.000,14.8
2026-08-03T17:25:54.677474,2761,0.000,0.000,0.000,32.4
2026-08-03T17:25:54.712692,2762,0.000,0.000,0.000,29.3
2026-08-03T17:25:54.811853,2763,0.000,0.000,0.000,10.2
2026-08-03T17:25:54.814416,2764,0.000,0.000,0.000,533.9
2026-08-03T17:25:54.876972,2765,0.000,0.000,0.000,16.2
2026-08-03T17:25:54.943736,2766,0.000,0.000,0.000,15.2
2026-08-03T17:25:54.946313,2767,0.000,0.000,0.000,521.7
2026-08-03T17:25:55.009222,2768,0.000,0.000,0.000,16.1
2026-08-03T17:25:55.078984,2769,0.000,0.000,0.000,14.5
2026-08-03T17:25:55.111509,2770,0.000,0.000,0.000,31.4
2026-08-03T17:25:55.144917,2771,0.000,0.000,0.000,31.3
2026-08-03T17:25:55.240917,2772,0.000,0.000,0.000,10.5
2026-08-03T17:25:55.243770,2773,0.000,0.000,0.000,485.8
2026-08-03T17:25:55.309992,2774,0.000,0.000,0.000,15.3
2026-08-03T17:25:55.377131,2775,0.000,0.000,0.000,15.3
2026-08-03T17:25:55.409127,2776,0.000,0.000,0.000,32.0
2026-08-03T17:25:55.441044,2777,0.000,0.000,0.000,32.5
2026-08-03T17:25:55.508182,2778,0.000,0.000,0.000,15.2
2026-08-03T17:25:55.510870,2779,0.000,0.000,0.000,524.2
2026-08-03T17:25:55.540051,2780,0.000,0.000,0.000,35.2
2026-08-03T17:25:55.610020,2781,0.000,0.000,0.000,14.4
2026-08-03T17:25:55.641226,2782,0.000,0.000,0.000,32.8
2026-08-03T17:25:55.677188,2783,0.000,0.000,0.000,29.1
2026-08-03T17:25:55.776194,2784,0.000,0.000,0.000,10.3
2026-08-03T17:25:55.778652,2785,0.000,0.000,0.000,562.2
2026-08-03T17:25:55.841615,2786,0.000,0.000,0.000,16.0
2026-08-03T17:25:55.909207,2787,0.000,0.000,0.000,15.1
2026-08-03T17:25:55.941453,2788,0.000,0.000,0.000,31.8
2026-08-03T17:25:55.972864,2789,0.000,0.000,0.000,33.2
2026-08-03T17:25:56.041469,2790,0.000,0.000,0.000,14.9
2026-08-03T17:25:56.044218,2791,0.000,0.000,0.000,519.6
2026-08-03T17:25:56.108668,2792,0.000,0.000,0.000,15.7
2026-08-03T17:25:56.202200,2793,0.000,0.000,0.000,10.8
2026-08-03T17:25:56.207595,2794,0.000,0.000,0.000,213.5
2026-08-03T17:25:56.272839,2795,0.000,0.000,0.000,15.5
2026-08-03T17:25:56.345010,2796,0.000,0.000,0.000,14.1
2026-08-03T17:25:56.372617,2797,0.000,0.000,0.000,37.4
2026-08-03T17:25:56.408671,2798,0.000,0.000,0.000,28.7
2026-08-03T17:25:56.506292,2799,0.000,0.000,0.000,10.3
2026-08-03T17:25:56.510688,2800,0.000,0.000,0.000,269.9
2026-08-03T17:25:56.573231,2801,0.000,0.000,0.000,16.1
2026-08-03T17:25:56.636130,2802,0.000,0.000,0.000,16.3
2026-08-03T17:25:56.639284,2803,0.000,0.000,0.000,401.3
2026-08-03T17:25:56.672729,2804,0.000,0.000,0.000,30.5
2026-08-03T17:25:56.736801,2805,0.000,0.000,0.000,15.8
2026-08-03T17:25:56.739451,2806,0.000,0.000,0.000,513.8
2026-08-03T17:25:56.804920,2807,0.000,0.000,0.000,15.4
2026-08-03T17:25:56.872709,2808,0.000,0.000,0.000,15.0
2026-08-03T17:25:56.905348,2809,0.000,0.000,0.000,31.3
2026-08-03T17:25:56.940861,2810,0.000,0.000,0.000,29.1
2026-08-03T17:25:57.035809,2811,0.000,0.000,0.000,10.6
2026-08-03T17:25:57.039421,2812,0.000,0.000,0.000,343.3
2026-08-03T17:25:57.104968,2813,0.000,0.000,0.000,15.8
2026-08-03T17:25:57.173205,2814,0.000,0.000,0.000,14.9
2026-08-03T17:25:57.175900,2815,0.000,0.000,0.000,502.3
2026-08-03T17:25:57.236713,2816,0.000,0.000,0.000,16.6
2026-08-03T17:25:57.312533,2817,0.000,0.000,0.000,13.4
2026-08-03T17:25:57.337401,2818,0.000,0.000,0.000,41.6
2026-08-03T17:25:57.373247,2819,0.000,0.000,0.000,29.1
2026-08-03T17:25:57.475663,2820,0.000,0.000,0.000,9.9
2026-08-03T17:25:57.478410,2821,0.000,0.000,0.000,496.0
2026-08-03T17:25:57.538423,2822,0.000,0.000,0.000,17.0
2026-08-03T17:25:57.608075,2823,0.000,0.000,0.000,14.7
2026-08-03T17:25:57.637408,2824,0.000,0.000,0.000,35.1
2026-08-03T17:25:57.673047,2825,0.000,0.000,0.000,29.4
2026-08-03T17:25:57.775630,2826,0.000,0.000,0.000,9.9
2026-08-03T17:25:57.778661,2827,0.000,0.000,0.000,453.8
2026-08-03T17:25:57.837241,2828,0.000,0.000,0.000,17.4
2026-08-03T17:25:57.903070,2829,0.000,0.000,0.000,15.4
2026-08-03T17:25:57.905954,2830,0.000,0.000,0.000,456.1
2026-08-03T17:25:57.969451,2831,0.000,0.000,0.000,16.0
2026-08-03T17:25:58.042869,2832,0.000,0.000,0.000,13.8
2026-08-03T17:25:58.069270,2833,0.000,0.000,0.000,38.9
2026-08-03T17:25:58.105593,2834,0.000,0.000,0.000,28.2
2026-08-03T17:25:58.203855,2835,0.000,0.000,0.000,10.3
2026-08-03T17:25:58.206435,2836,0.000,0.000,0.000,530.5
2026-08-03T17:25:58.269152,2837,0.000,0.000,0.000,16.5
2026-08-03T17:25:58.335046,2838,0.000,0.000,0.000,15.4
2026-08-03T17:25:58.337819,2839,0.000,0.000,0.000,483.0
2026-08-03T17:25:58.368507,2840,0.000,0.000,0.000,33.3
2026-08-03T17:25:58.437854,2841,0.000,0.000,0.000,14.7
2026-08-03T17:25:58.440761,2842,0.000,0.000,0.000,460.9
2026-08-03T17:25:58.501201,2843,0.000,0.000,0.000,16.8
2026-08-03T17:25:58.571837,2844,0.000,0.000,0.000,14.4
2026-08-03T17:25:58.600834,2845,0.000,0.000,0.000,35.3
2026-08-03T17:25:58.636886,2846,0.000,0.000,0.000,28.6
2026-08-03T17:25:58.734714,2847,0.000,0.000,0.000,10.3
2026-08-03T17:25:58.737443,2848,0.000,0.000,0.000,488.9
2026-08-03T17:25:58.800876,2849,0.000,0.000,0.000,16.1
2026-08-03T17:25:58.871496,2850,0.000,0.000,0.000,14.5
2026-08-03T17:25:58.901466,2851,0.000,0.000,0.000,34.8
2026-08-03T17:25:58.932580,2852,0.000,0.000,0.000,33.2
2026-08-03T17:25:59.007017,2853,0.000,0.000,0.000,13.6
2026-08-03T17:25:59.010296,2854,0.000,0.000,0.000,396.9
2026-08-03T17:25:59.068973,2855,0.000,0.000,0.000,17.3
2026-08-03T17:25:59.166878,2856,0.000,0.000,0.000,10.4
2026-08-03T17:25:59.169500,2857,0.000,0.000,0.000,537.8
2026-08-03T17:25:59.233592,2858,0.000,0.000,0.000,15.7
2026-08-03T17:25:59.303792,2859,0.000,0.000,0.000,14.5
2026-08-03T17:25:59.333526,2860,0.000,0.000,0.000,34.4
2026-08-03T17:25:59.369826,2861,0.000,0.000,0.000,28.6
2026-08-03T17:25:59.467150,2862,0.000,0.000,0.000,10.4
2026-08-03T17:25:59.471586,2863,0.000,0.000,0.000,266.8
2026-08-03T17:25:59.533629,2864,0.000,0.000,0.000,16.3
2026-08-03T17:25:59.596411,2865,0.000,0.000,0.000,16.3
2026-08-03T17:25:59.599445,2866,0.000,0.000,0.000,449.3
2026-08-03T17:25:59.664693,2867,0.000,0.000,0.000,15.5
2026-08-03T17:25:59.737768,2868,0.000,0.000,0.000,14.0
2026-08-03T17:25:59.765888,2869,0.000,0.000,0.000,36.7
2026-08-03T17:25:59.801477,2870,0.000,0.000,0.000,29.1
2026-08-03T17:25:59.900697,2871,0.000,0.000,0.000,10.2
2026-08-03T17:25:59.903155,2872,0.000,0.000,0.000,562.5
2026-08-03T17:25:59.965127,2873,0.000,0.000,0.000,16.3
2026-08-03T17:26:00.041302,2874,0.000,0.000,0.000,13.4
2026-08-03T17:26:00.066006,2875,0.000,0.000,0.000,41.8
2026-08-03T17:26:00.097430,2876,0.000,0.000,0.000,33.7
2026-08-03T17:26:00.169729,2877,0.000,0.000,0.000,14.1
2026-08-03T17:26:00.172588,2878,0.000,0.000,0.000,494.3
2026-08-03T17:26:00.233916,2879,0.000,0.000,0.000,16.5
2026-08-03T17:26:00.331586,2880,0.000,0.000,0.000,10.4
2026-08-03T17:26:00.334178,2881,0.000,0.000,0.000,540.2
2026-08-03T17:26:00.397698,2882,0.000,0.000,0.000,15.9
2026-08-03T17:26:00.465715,2883,0.000,0.000,0.000,15.1
2026-08-03T17:26:00.498195,2884,0.000,0.000,0.000,31.6
2026-08-03T17:26:00.532298,2885,0.000,0.000,0.000,30.8
2026-08-03T17:26:00.630290,2886,0.000,0.000,0.000,10.3
2026-08-03T17:26:00.632796,2887,0.000,0.000,0.000,544.5
2026-08-03T17:26:00.698151,2888,0.000,0.000,0.000,15.4
2026-08-03T17:26:00.763538,2889,0.000,0.000,0.000,15.6
2026-08-03T17:26:00.766390,2890,0.000,0.000,0.000,490.8
2026-08-03T17:26:00.828804,2891,0.000,0.000,0.000,16.2
2026-08-03T17:26:00.896146,2892,0.000,0.000,0.000,15.2
2026-08-03T17:26:00.930215,2893,0.000,0.000,0.000,30.0
2026-08-03T17:26:00.965272,2894,0.000,0.000,0.000,29.8
2026-08-03T17:26:01.060649,2895,0.000,0.000,0.000,10.6
2026-08-03T17:26:01.065390,2896,0.000,0.000,0.000,247.0
2026-08-03T17:26:01.129369,2897,0.000,0.000,0.000,15.8
2026-08-03T17:26:01.197717,2898,0.000,0.000,0.000,14.8
2026-08-03T17:26:01.228999,2899,0.000,0.000,0.000,32.7
2026-08-03T17:26:01.262021,2900,0.000,0.000,0.000,31.3
2026-08-03T17:26:01.330995,2901,0.000,0.000,0.000,14.7
2026-08-03T17:26:01.333561,2902,0.000,0.000,0.000,541.6
2026-08-03T17:26:01.398040,2903,0.000,0.000,0.000,15.7
2026-08-03T17:26:01.491605,2904,0.000,0.000,0.000,10.9
2026-08-03T17:26:01.495365,2905,0.000,0.000,0.000,334.5
2026-08-03T17:26:01.561483,2906,0.000,0.000,0.000,15.3
2026-08-03T17:26:01.628695,2907,0.000,0.000,0.000,15.2
2026-08-03T17:26:01.662360,2908,0.000,0.000,0.000,30.3
2026-08-03T17:26:01.697102,2909,0.000,0.000,0.000,30.1
2026-08-03T17:26:01.801129,2910,0.000,0.000,0.000,9.7
2026-08-03T17:26:01.804137,2911,0.000,0.000,0.000,459.4
2026-08-03T17:26:01.861138,2912,0.000,0.000,0.000,17.9
2026-08-03T17:26:01.925340,2913,0.000,0.000,0.000,15.8
2026-08-03T17:26:01.928902,2914,0.000,0.000,0.000,503.1
2026-08-03T17:26:01.993238,2915,0.000,0.000,0.000,15.7
2026-08-03T17:26:02.062403,2916,0.000,0.000,0.000,14.8
2026-08-03T17:26:02.093205,2917,0.000,0.000,0.000,33.3
2026-08-03T17:26:02.128919,2918,0.000,0.000,0.000,28.8
2026-08-03T17:26:02.224668,2919,0.000,0.000,0.000,10.6
2026-08-03T17:26:02.227556,2920,0.000,0.000,0.000,500.2
2026-08-03T17:26:02.292999,2921,0.000,0.000,0.000,15.4
2026-08-03T17:26:02.368614,2922,0.000,0.000,0.000,13.4
2026-08-03T17:26:02.392866,2923,0.000,0.000,0.000,42.6
2026-08-03T17:26:02.425382,2924,0.000,0.000,0.000,31.6
2026-08-03T17:26:02.494658,2925,0.000,0.000,0.000,14.7
2026-08-03T17:26:02.497420,2926,0.000,0.000,0.000,472.7
2026-08-03T17:26:02.561929,2927,0.000,0.000,0.000,15.6
2026-08-03T17:26:02.659083,2928,0.000,0.000,0.000,10.4
2026-08-03T17:26:02.661863,2929,0.000,0.000,0.000,489.1
2026-08-03T17:26:02.725468,2930,0.000,0.000,0.000,15.9
2026-08-03T17:26:02.793808,2931,0.000,0.000,0.000,14.9
2026-08-03T17:26:02.825060,2932,0.000,0.000,0.000,32.8
2026-08-03T17:26:02.861164,2933,0.000,0.000,0.000,28.4
2026-08-03T17:26:02.957965,2934,0.000,0.000,0.000,10.4
2026-08-03T17:26:02.960910,2935,0.000,0.000,0.000,502.3
2026-08-03T17:26:03.024628,2936,0.000,0.000,0.000,15.9
2026-08-03T17:26:03.089833,2937,0.000,0.000,0.000,15.6
2026-08-03T17:26:03.096019,2938,0.000,0.000,0.000,216.8
2026-08-03T17:26:03.156994,2939,0.000,0.000,0.000,16.7
2026-08-03T17:26:03.228110,2940,0.000,0.000,0.000,14.3
2026-08-03T17:26:03.256790,2941,0.000,0.000,0.000,35.8
2026-08-03T17:26:03.293189,2942,0.000,0.000,0.000,28.4
2026-08-03T17:26:03.392958,2943,0.000,0.000,0.000,10.2
2026-08-03T17:26:03.395543,2944,0.000,0.000,0.000,547.6
2026-08-03T17:26:03.457480,2945,0.000,0.000,0.000,16.3
2026-08-03T17:26:03.525576,2946,0.000,0.000,0.000,15.0
2026-08-03T17:26:03.557582,2947,0.000,0.000,0.000,32.0
2026-08-03T17:26:03.589668,2948,0.000,0.000,0.000,32.1
2026-08-03T17:26:03.657137,2949,0.000,0.000,0.000,15.2
2026-08-03T17:26:03.660377,2950,0.000,0.000,0.000,405.2
2026-08-03T17:26:03.726053,2951,0.000,0.000,0.000,15.6
2026-08-03T17:26:03.820720,2952,0.000,0.000,0.000,10.8
2026-08-03T17:26:03.825277,2953,0.000,0.000,0.000,258.8
2026-08-03T17:26:03.889443,2954,0.000,0.000,0.000,15.8
2026-08-03T17:26:03.960450,2955,0.000,0.000,0.000,14.4
2026-08-03T17:26:03.989230,2956,0.000,0.000,0.000,35.6
2026-08-03T17:26:04.025835,2957,0.000,0.000,0.000,28.7
2026-08-03T17:26:04.121001,2958,0.000,0.000,0.000,10.7
2026-08-03T17:26:04.123450,2959,0.000,0.000,0.000,557.0
2026-08-03T17:26:04.189509,2960,0.000,0.000,0.000,15.3
2026-08-03T17:26:04.262412,2961,0.000,0.000,0.000,13.9
2026-08-03T17:26:04.265141,2962,0.000,0.000,0.000,498.9
2026-08-03T17:26:04.320846,2963,0.000,0.000,0.000,18.2
2026-08-03T17:26:04.389559,2964,0.000,0.000,0.000,14.9
2026-08-03T17:26:04.422439,2965,0.000,0.000,0.000,31.1
2026-08-03T17:26:04.457625,2966,0.000,0.000,0.000,29.6
2026-08-03T17:26:04.552532,2967,0.000,0.000,0.000,10.7
2026-08-03T17:26:04.555576,2968,0.000,0.000,0.000,426.6
2026-08-03T17:26:04.620762,2969,0.000,0.000,0.000,15.5
2026-08-03T17:26:04.689725,2970,0.000,0.000,0.000,14.7
2026-08-03T17:26:04.721087,2971,0.000,0.000,0.000,32.6
2026-08-03T17:26:04.752801,2972,0.000,0.000,0.000,32.6
2026-08-03T17:26:04.820054,2973,0.000,0.000,0.000,15.1
2026-08-03T17:26:04.822754,2974,0.000,0.000,0.000,496.1
2026-08-03T17:26:04.853389,2975,0.000,0.000,0.000,35.2
2026-08-03T17:26:04.923418,2976,0.000,0.000,0.000,14.5
2026-08-03T17:26:04.953558,2977,0.000,0.000,0.000,33.9
2026-08-03T17:26:04.989102,2978,0.000,0.000,0.000,29.2
2026-08-03T17:26:05.087560,2979,0.000,0.000,0.000,10.2
2026-08-03T17:26:05.090452,2980,0.000,0.000,0.000,507.1
2026-08-03T17:26:05.153512,2981,0.000,0.000,0.000,16.0
2026-08-03T17:26:05.223117,2982,0.000,0.000,0.000,14.6
2026-08-03T17:26:05.253113,2983,0.000,0.000,0.000,34.2
2026-08-03T17:26:05.285700,2984,0.000,0.000,0.000,31.7
2026-08-03T17:26:05.354152,2985,0.000,0.000,0.000,14.9
2026-08-03T17:26:05.356911,2986,0.000,0.000,0.000,492.6
2026-08-03T17:26:05.421989,2987,0.000,0.000,0.000,15.5
2026-08-03T17:26:05.518626,2988,0.000,0.000,0.000,10.5
2026-08-03T17:26:05.521494,2989,0.000,0.000,0.000,474.8
2026-08-03T17:26:05.585439,2990,0.000,0.000,0.000,15.9
2026-08-03T17:26:05.654683,2991,0.000,0.000,0.000,14.7
2026-08-03T17:26:05.686129,2992,0.000,0.000,0.000,32.6
2026-08-03T17:26:05.721240,2993,0.000,0.000,0.000,29.6
2026-08-03T17:26:05.827636,2994,0.000,0.000,0.000,9.5
2026-08-03T17:26:05.833468,2995,0.000,0.000,0.000,208.0
2026-08-03T17:26:05.884813,2996,0.000,0.000,0.000,19.9
2026-08-03T17:26:05.953651,2997,0.000,0.000,0.000,14.7
2026-08-03T17:26:05.956478,2998,0.000,0.000,0.000,504.7
2026-08-03T17:26:06.016606,2999,0.000,0.000,0.000,16.9
2026-08-03T17:26:06.084446,3000,0.000,0.000,0.000,15.0
2026-08-03T17:26:06.117451,3001,0.000,0.000,0.000,31.0
2026-08-03T17:26:06.153351,3002,0.000,0.000,0.000,29.0
2026-08-03T17:26:06.248431,3003,0.000,0.000,0.000,10.7
2026-08-03T17:26:06.251559,3004,0.000,0.000,0.000,402.6
2026-08-03T17:26:06.317707,3005,0.000,0.000,0.000,15.3
2026-08-03T17:26:06.387016,3006,0.000,0.000,0.000,14.7
2026-08-03T17:26:06.416642,3007,0.000,0.000,0.000,34.5
2026-08-03T17:26:06.449017,3008,0.000,0.000,0.000,31.6
2026-08-03T17:26:06.520690,3009,0.000,0.000,0.000,14.2
2026-08-03T17:26:06.523514,3010,0.000,0.000,0.000,474.2
2026-08-03T17:26:06.584741,3011,0.000,0.000,0.000,16.5
2026-08-03T17:26:06.651944,3012,0.000,0.000,0.000,15.1
2026-08-03T17:26:06.654592,3013,0.000,0.000,0.000,501.6
2026-08-03T17:26:06.716599,3014,0.000,0.000,0.000,16.3
2026-08-03T17:26:06.784636,3015,0.000,0.000,0.000,14.9
2026-08-03T17:26:06.787465,3016,0.000,0.000,0.000,484.2
2026-08-03T17:26:06.849477,3017,0.000,0.000,0.000,16.3
2026-08-03T17:26:06.921526,3018,0.000,0.000,0.000,14.1
2026-08-03T17:26:06.948777,3019,0.000,0.000,0.000,38.2
2026-08-03T17:26:06.985034,3020,0.000,0.000,0.000,28.3
2026-08-03T17:26:07.088015,3021,0.000,0.000,0.000,9.8
2026-08-03T17:26:07.091109,3022,0.000,0.000,0.000,508.5
2026-08-03T17:26:07.148935,3023,0.000,0.000,0.000,17.5
2026-08-03T17:26:07.215165,3024,0.000,0.000,0.000,15.3
2026-08-03T17:26:07.217802,3025,0.000,0.000,0.000,532.9
2026-08-03T17:26:07.281018,3026,0.000,0.000,0.000,16.0
2026-08-03T17:26:07.350669,3027,0.000,0.000,0.000,14.6
2026-08-03T17:26:07.381292,3028,0.000,0.000,0.000,33.4
2026-08-03T17:26:07.417198,3029,0.000,0.000,0.000,28.9
2026-08-03T17:26:07.511873,3030,0.000,0.000,0.000,10.7
2026-08-03T17:26:07.515611,3031,0.000,0.000,0.000,322.7
2026-08-03T17:26:07.581573,3032,0.000,0.000,0.000,15.3
2026-08-03T17:26:07.648445,3033,0.000,0.000,0.000,15.3
2026-08-03T17:26:07.651117,3034,0.000,0.000,0.000,502.6
2026-08-03T17:26:07.681341,3035,0.000,0.000,0.000,33.7
2026-08-03T17:26:07.743789,3036,0.000,0.000,0.000,16.3
2026-08-03T17:26:07.749374,3037,0.000,0.000,0.000,204.0
2026-08-03T17:26:07.780784,3038,0.000,0.000,0.000,32.4
2026-08-03T17:26:07.845482,3039,0.000,0.000,0.000,15.7
2026-08-03T17:26:07.847990,3040,0.000,0.000,0.000,530.8
2026-08-03T17:26:07.913028,3041,0.000,0.000,0.000,15.6
2026-08-03T17:26:07.981328,3042,0.000,0.000,0.000,14.9
2026-08-03T17:26:08.012965,3043,0.000,0.000,0.000,32.3
2026-08-03T17:26:08.049169,3044,0.000,0.000,0.000,28.5
2026-08-03T17:26:08.144551,3045,0.000,0.000,0.000,10.6
2026-08-03T17:26:08.147724,3046,0.000,0.000,0.000,401.2
2026-08-03T17:26:08.214198,3047,0.000,0.000,0.000,15.2
2026-08-03T17:26:08.276902,3048,0.000,0.000,0.000,16.3
2026-08-03T17:26:08.279804,3049,0.000,0.000,0.000,463.2
2026-08-03T17:26:08.313903,3050,0.000,0.000,0.000,30.2
2026-08-03T17:26:08.378077,3051,0.000,0.000,0.000,16.0
2026-08-03T17:26:08.380630,3052,0.000,0.000,0.000,537.0
2026-08-03T17:26:08.445138,3053,0.000,0.000,0.000,15.9
2026-08-03T17:26:08.511360,3054,0.000,0.000,0.000,15.4
2026-08-03T17:26:08.545638,3055,0.000,0.000,0.000,29.8
2026-08-03T17:26:08.581775,3056,0.000,0.000,0.000,28.9
2026-08-03T17:26:08.676935,3057,0.000,0.000,0.000,10.6
2026-08-03T17:26:08.679584,3058,0.000,0.000,0.000,508.9
2026-08-03T17:26:08.745938,3059,0.000,0.000,0.000,15.2
2026-08-03T17:26:08.809520,3060,0.000,0.000,0.000,16.1
2026-08-03T17:26:08.812022,3061,0.000,0.000,0.000,538.6
2026-08-03T17:26:08.845493,3062,0.000,0.000,0.000,30.4
2026-08-03T17:26:08.910305,3063,0.000,0.000,0.000,15.7
2026-08-03T17:26:08.913065,3064,0.000,0.000,0.000,492.9
2026-08-03T17:26:08.945312,3065,0.000,0.000,0.000,31.9
2026-08-03T17:26:09.011879,3066,0.000,0.000,0.000,15.3
2026-08-03T17:26:09.014576,3067,0.000,0.000,0.000,514.2
2026-08-03T17:26:09.077385,3068,0.000,0.000,0.000,16.1
2026-08-03T17:26:09.144881,3069,0.000,0.000,0.000,15.0
2026-08-03T17:26:09.177647,3070,0.000,0.000,0.000,31.2
2026-08-03T17:26:09.212589,3071,0.000,0.000,0.000,30.1
2026-08-03T17:26:09.308785,3072,0.000,0.000,0.000,10.5
2026-08-03T17:26:09.313286,3073,0.000,0.000,0.000,263.2
2026-08-03T17:26:09.378399,3074,0.000,0.000,0.000,15.5
2026-08-03T17:26:09.441128,3075,0.000,0.000,0.000,16.4
2026-08-03T17:26:09.443990,3076,0.000,0.000,0.000,493.9
2026-08-03T17:26:09.478438,3077,0.000,0.000,0.000,30.9
2026-08-03T17:26:09.540245,3078,0.000,0.000,0.000,16.5
2026-08-03T17:26:09.543570,3079,0.000,0.000,0.000,375.4
2026-08-03T17:26:09.609997,3080,0.000,0.000,0.000,15.2
2026-08-03T17:26:09.676088,3081,0.000,0.000,0.000,15.5
2026-08-03T17:26:09.709711,3082,0.000,0.000,0.000,30.4
2026-08-03T17:26:09.744769,3083,0.000,0.000,0.000,29.5
2026-08-03T17:26:09.839698,3084,0.000,0.000,0.000,10.6
2026-08-03T17:26:09.845553,3085,0.000,0.000,0.000,201.2
2026-08-03T17:26:09.909009,3086,0.000,0.000,0.000,15.9
2026-08-03T17:26:09.974398,3087,0.000,0.000,0.000,15.6
2026-08-03T17:26:09.977125,3088,0.000,0.000,0.000,508.2
2026-08-03T17:26:10.009128,3089,0.000,0.000,0.000,31.8
2026-08-03T17:26:10.072972,3090,0.000,0.000,0.000,16.0
2026-08-03T17:26:10.075792,3091,0.000,0.000,0.000,459.4
2026-08-03T17:26:10.109612,3092,0.000,0.000,0.000,30.1
2026-08-03T17:26:10.173046,3093,0.000,0.000,0.000,16.2
2026-08-03T17:26:10.175826,3094,0.000,0.000,0.000,485.7
2026-08-03T17:26:10.241446,3095,0.000,0.000,0.000,15.5
2026-08-03T17:26:10.309070,3096,0.000,0.000,0.000,15.1
2026-08-03T17:26:10.342375,3097,0.000,0.000,0.000,30.7
2026-08-03T17:26:10.378972,3098,0.000,0.000,0.000,28.5
2026-08-03T17:26:10.472798,3099,0.000,0.000,0.000,10.8
2026-08-03T17:26:10.475694,3100,0.000,0.000,0.000,442.8
2026-08-03T17:26:10.540625,3101,0.000,0.000,0.000,15.9
2026-08-03T17:26:10.603697,3102,0.000,0.000,0.000,16.0
2026-08-03T17:26:10.607725,3103,0.000,0.000,0.000,296.8
2026-08-03T17:26:10.649567,3104,0.000,0.000,0.000,24.5
2026-08-03T17:26:10.714876,3105,0.000,0.000,0.000,15.6
2026-08-03T17:26:10.726122,3106,0.000,0.000,0.000,96.5
2026-08-03T17:26:10.780018,3107,0.000,0.000,0.000,19.0
2026-08-03T17:26:10.850575,3108,0.000,0.000,0.000,14.4
2026-08-03T17:26:10.881828,3109,0.000,0.000,0.000,32.9
2026-08-03T17:26:10.918406,3110,0.000,0.000,0.000,28.4
2026-08-03T17:26:11.012532,3111,0.000,0.000,0.000,10.7
2026-08-03T17:26:11.023017,3112,0.000,0.000,0.000,101.9
2026-08-03T17:26:11.082040,3113,0.000,0.000,0.000,17.4
2026-08-03T17:26:11.149668,3114,0.000,0.000,0.000,15.0
2026-08-03T17:26:11.182531,3115,0.081,0.009,0.000,31.1
2026-08-03T17:26:11.212398,3116,0.000,0.000,0.000,35.0
2026-08-03T17:26:11.286051,3117,0.073,0.015,0.000,13.9
2026-08-03T17:26:11.297924,3118,0.080,0.003,0.000,90.9
2026-08-03T17:26:11.351339,3119,0.086,0.017,0.000,19.0
2026-08-03T17:26:11.444194,3120,0.102,0.016,0.000,10.9
2026-08-03T17:26:11.456840,3121,0.119,0.014,0.000,83.8
2026-08-03T17:26:11.514650,3122,0.106,0.009,0.000,17.7
2026-08-03T17:26:11.584612,3123,0.100,0.007,0.000,14.5
2026-08-03T17:26:11.609994,3124,0.075,0.005,0.000,40.4
2026-08-03T17:26:11.649817,3125,0.073,0.029,0.000,25.7
2026-08-03T17:26:11.743643,3126,0.072,0.011,0.000,10.8
2026-08-03T17:26:11.752830,3127,0.075,0.017,0.000,117.4
2026-08-03T17:26:11.812969,3128,0.091,0.011,0.000,17.4
2026-08-03T17:26:11.879455,3129,0.089,0.006,0.000,15.3
2026-08-03T17:26:11.890402,3130,0.095,0.003,0.000,98.9
2026-08-03T17:26:11.946217,3131,0.087,0.007,0.000,18.6
2026-08-03T17:26:12.013612,3132,0.072,0.006,0.000,15.1
2026-08-03T17:26:12.047114,3133,0.059,0.006,0.000,30.5
2026-08-03T17:26:12.083579,3134,0.059,0.006,0.000,28.1
2026-08-03T17:26:12.180045,3135,0.069,0.011,0.000,10.5
2026-08-03T17:26:12.193036,3136,0.059,0.012,0.000,95.3
2026-08-03T17:26:12.246684,3137,0.061,0.012,0.000,19.0
2026-08-03T17:26:12.312312,3138,0.083,0.020,0.000,15.5
2026-08-03T17:26:12.347357,3139,0.126,0.023,0.000,29.1
2026-08-03T17:26:12.378003,3140,0.130,0.016,0.000,34.4
2026-08-03T17:26:12.447597,3141,0.137,0.045,0.000,14.7
2026-08-03T17:26:12.454228,3142,0.000,0.000,0.000,169.1
2026-08-03T17:26:12.513731,3143,0.000,0.000,0.000,17.0
2026-08-03T17:26:12.606435,3144,0.000,0.000,0.000,10.9
2026-08-03T17:26:12.616481,3145,0.000,0.000,0.000,107.1
2026-08-03T17:26:12.674693,3146,0.000,0.000,0.000,17.5
2026-08-03T17:26:12.745397,3147,0.000,0.000,0.000,14.7
2026-08-03T17:26:12.776700,3148,0.000,0.000,0.000,32.7
2026-08-03T17:26:12.812386,3149,0.000,0.000,0.000,28.5
2026-08-03T17:26:12.907996,3150,0.000,0.000,0.000,10.6
2026-08-03T17:26:12.916573,3151,0.000,0.000,0.000,130.6
2026-08-03T17:26:12.976050,3152,0.000,0.000,0.000,17.1
2026-08-03T17:26:13.042450,3153,0.000,0.000,0.000,15.3
2026-08-03T17:26:13.051138,3154,0.000,0.000,0.000,127.4
2026-08-03T17:26:13.108269,3155,0.000,0.000,0.000,17.8
2026-08-03T17:26:13.178393,3156,0.000,0.000,0.000,14.5
2026-08-03T17:26:13.208779,3157,0.000,0.000,0.000,33.8
2026-08-03T17:26:13.245436,3158,0.000,0.000,0.000,28.0
2026-08-03T17:26:13.343479,3159,0.000,0.000,0.000,10.3
2026-08-03T17:26:13.351784,3160,0.000,0.000,0.000,132.5
2026-08-03T17:26:13.409403,3161,0.000,0.000,0.000,17.7
2026-08-03T17:26:13.480185,3162,0.000,0.000,0.000,14.4
2026-08-03T17:26:13.511326,3163,0.000,0.000,0.000,32.8
2026-08-03T17:26:13.543756,3164,0.000,0.000,0.000,31.9
2026-08-03T17:26:13.607428,3165,0.000,0.000,0.000,15.9
2026-08-03T17:26:13.610358,3166,0.000,0.000,0.000,496.2
2026-08-03T17:26:13.669223,3167,0.000,0.000,0.000,17.2
2026-08-03T17:26:13.766295,3168,0.000,0.000,0.000,10.4
2026-08-03T17:26:13.770251,3169,0.000,0.000,0.000,307.8
2026-08-03T17:26:13.834163,3170,0.000,0.000,0.000,15.8
2026-08-03T17:26:13.901401,3171,0.000,0.000,0.000,15.2
2026-08-03T17:26:13.934022,3172,0.000,0.000,0.000,31.4
2026-08-03T17:26:13.969625,3173,0.000,0.000,0.000,29.1
2026-08-03T17:26:14.067314,3174,0.000,0.000,0.000,10.3
2026-08-03T17:26:14.069857,3175,0.000,0.000,0.000,526.8
2026-08-03T17:26:14.133645,3176,0.000,0.000,0.000,15.9
2026-08-03T17:26:14.199616,3177,0.000,0.000,0.000,15.4
2026-08-03T17:26:14.202464,3178,0.000,0.000,0.000,513.4
2026-08-03T17:26:14.265448,3179,0.000,0.000,0.000,16.0
2026-08-03T17:26:14.332068,3180,0.000,0.000,0.000,15.3
2026-08-03T17:26:14.366070,3181,0.000,0.000,0.000,30.0
2026-08-03T17:26:14.401722,3182,0.000,0.000,0.000,29.3
2026-08-03T17:26:14.497102,3183,0.000,0.000,0.000,10.7
2026-08-03T17:26:14.499717,3184,0.000,0.000,0.000,528.5
2026-08-03T17:26:14.565405,3185,0.000,0.000,0.000,15.4
2026-08-03T17:26:14.633680,3186,0.000,0.000,0.000,14.9
2026-08-03T17:26:14.665840,3187,0.000,0.000,0.000,31.8
2026-08-03T17:26:14.697699,3188,0.000,0.000,0.000,33.1
2026-08-03T17:26:14.767647,3189,0.000,0.000,0.000,14.6
2026-08-03T17:26:14.770454,3190,0.000,0.000,0.000,481.7
2026-08-03T17:26:14.834088,3191,0.000,0.000,0.000,16.3
2026-08-03T17:26:14.931137,3192,0.000,0.000,0.000,10.4
2026-08-03T17:26:14.933735,3193,0.000,0.000,0.000,526.7
2026-08-03T17:26:14.998072,3194,0.000,0.000,0.000,15.7
2026-08-03T17:26:15.066062,3195,0.000,0.000,0.000,15.0
2026-08-03T17:26:15.097472,3196,0.000,0.000,0.000,32.6
2026-08-03T17:26:15.133884,3197,0.000,0.000,0.000,28.7
2026-08-03T17:26:15.229557,3198,0.000,0.000,0.000,10.6
2026-08-03T17:26:15.232089,3199,0.000,0.000,0.000,523.9
2026-08-03T17:26:15.298166,3200,0.000,0.000,0.000,15.3
2026-08-03T17:26:15.360330,3201,0.000,0.000,0.000,16.5
2026-08-03T17:26:15.365517,3202,0.000,0.000,0.000,225.0
2026-08-03T17:26:15.430016,3203,0.000,0.000,0.000,15.7
2026-08-03T17:26:15.496003,3204,0.000,0.000,0.000,15.6
2026-08-03T17:26:15.530606,3205,0.000,0.000,0.000,29.6
2026-08-03T17:26:15.566315,3206,0.000,0.000,0.000,28.9
2026-08-03T17:26:15.660520,3207,0.000,0.000,0.000,10.8
2026-08-03T17:26:15.663727,3208,0.000,0.000,0.000,409.4
2026-08-03T17:26:15.730115,3209,0.000,0.000,0.000,15.2
2026-08-03T17:26:15.796098,3210,0.000,0.000,0.000,15.6
2026-08-03T17:26:15.830105,3211,0.000,0.000,0.000,30.0
2026-08-03T17:26:15.861398,3212,0.000,0.000,0.000,33.4
2026-08-03T17:26:15.928702,3213,0.000,0.000,0.000,15.2
2026-08-03T17:26:15.931248,3214,0.000,0.000,0.000,539.5
2026-08-03T17:26:15.962051,3215,0.000,0.000,0.000,33.1
2026-08-03T17:26:16.029315,3216,0.000,0.000,0.000,15.2
2026-08-03T17:26:16.063092,3217,0.000,0.000,0.000,30.2
2026-08-03T17:26:16.097489,3218,0.000,0.000,0.000,30.4
2026-08-03T17:26:16.191608,3219,0.000,0.000,0.000,10.8
2026-08-03T17:26:16.196198,3220,0.000,0.000,0.000,265.2
2026-08-03T17:26:16.261515,3221,0.000,0.000,0.000,15.4
2026-08-03T17:26:16.330301,3222,0.000,0.000,0.000,14.8
2026-08-03T17:26:16.361956,3223,0.000,0.000,0.000,32.3
2026-08-03T17:26:16.393918,3224,0.000,0.000,0.000,32.9
2026-08-03T17:26:16.464011,3225,0.000,0.000,0.000,14.5
2026-08-03T17:26:16.466871,3226,0.000,0.000,0.000,526.8
2026-08-03T17:26:16.528952,3227,0.000,0.000,0.000,16.3
2026-08-03T17:26:16.625172,3228,0.000,0.000,0.000,10.5
2026-08-03T17:26:16.627914,3229,0.000,0.000,0.000,524.5
2026-08-03T17:26:16.694191,3230,0.000,0.000,0.000,15.2
2026-08-03T17:26:16.761911,3231,0.000,0.000,0.000,15.0
2026-08-03T17:26:16.793905,3232,0.000,0.000,0.000,32.0
2026-08-03T17:26:16.829841,3233,0.000,0.000,0.000,28.9
2026-08-03T17:26:16.924200,3234,0.000,0.000,0.000,10.7
2026-08-03T17:26:16.927681,3235,0.000,0.000,0.000,363.1
2026-08-03T17:26:16.993844,3236,0.000,0.000,0.000,15.3
2026-08-03T17:26:17.061907,3237,0.000,0.000,0.000,15.1
2026-08-03T17:26:17.064607,3238,0.000,0.000,0.000,496.8
2026-08-03T17:26:17.126463,3239,0.000,0.000,0.000,16.3
2026-08-03T17:26:17.194221,3240,0.000,0.000,0.000,15.1
2026-08-03T17:26:17.226979,3241,0.000,0.000,0.000,31.7
2026-08-03T17:26:17.262818,3242,0.000,0.000,0.000,29.1
2026-08-03T17:26:17.358217,3243,0.000,0.000,0.000,10.7
2026-08-03T17:26:17.360915,3244,0.000,0.000,0.000,524.1
2026-08-03T17:26:17.425988,3245,0.000,0.000,0.000,15.5
2026-08-03T17:26:17.494507,3246,0.000,0.000,0.000,14.9
2026-08-03T17:26:17.525633,3247,0.000,0.000,0.000,32.8
2026-08-03T17:26:17.557394,3248,0.000,0.000,0.000,32.7
2026-08-03T17:26:17.625826,3249,0.000,0.000,0.000,14.8
2026-08-03T17:26:17.628509,3250,0.000,0.000,0.000,533.7
2026-08-03T17:26:17.693912,3251,0.000,0.000,0.000,15.4
2026-08-03T17:26:17.793419,3252,0.000,0.000,0.000,10.2
2026-08-03T17:26:17.796050,3253,0.000,0.000,0.000,507.1
2026-08-03T17:26:17.857359,3254,0.000,0.000,0.000,16.5
2026-08-03T17:26:17.925690,3255,0.000,0.000,0.000,14.9
2026-08-03T17:26:17.958960,3256,0.000,0.000,0.000,30.9
2026-08-03T17:26:17.993610,3257,0.000,0.000,0.000,29.9
2026-08-03T17:26:18.089477,3258,0.000,0.000,0.000,10.6
2026-08-03T17:26:18.092019,3259,0.000,0.000,0.000,515.1
2026-08-03T17:26:18.157598,3260,0.000,0.000,0.000,15.4
2026-08-03T17:26:18.226530,3261,0.000,0.000,0.000,14.8
2026-08-03T17:26:18.236863,3262,0.000,0.000,0.000,104.8
2026-08-03T17:26:18.300567,3263,0.218,0.030,0.000,16.0
2026-08-03T17:26:18.365776,3264,0.229,0.026,0.000,15.6
2026-08-03T17:26:18.398956,3265,0.200,0.030,0.000,30.9
2026-08-03T17:26:18.435110,3266,0.177,0.026,0.000,28.9
2026-08-03T17:26:18.525855,3267,0.171,0.028,0.000,11.2
2026-08-03T17:26:18.536446,3268,0.152,0.027,0.000,101.4
2026-08-03T17:26:18.598198,3269,0.099,0.010,0.000,16.4
2026-08-03T17:26:18.666942,3270,0.080,0.005,0.000,14.8
2026-08-03T17:26:18.696172,3271,0.000,0.000,0.000,36.4
2026-08-03T17:26:18.728890,3272,0.000,0.000,0.000,31.5
2026-08-03T17:26:18.797311,3273,0.000,0.000,0.000,14.8
2026-08-03T17:26:18.805544,3274,0.000,0.000,0.000,133.6
2026-08-03T17:26:18.865765,3275,0.000,0.000,0.000,17.1
2026-08-03T17:26:18.961146,3276,0.119,0.011,0.000,10.6
2026-08-03T17:26:18.970989,3277,0.072,0.013,0.000,109.6
2026-08-03T17:26:19.031668,3278,0.068,0.016,0.000,16.9
2026-08-03T17:26:19.095670,3279,0.125,0.006,0.000,15.9
2026-08-03T17:26:19.131880,3280,0.278,0.004,0.000,29.0
2026-08-03T17:26:19.167081,3281,0.302,0.004,0.000,29.3
2026-08-03T17:26:19.261972,3282,0.314,0.017,0.000,10.7
2026-08-03T17:26:19.273093,3283,0.310,0.016,0.000,95.5
2026-08-03T17:26:19.330448,3284,0.092,0.010,0.000,17.9
2026-08-03T17:26:19.398496,3285,0.056,0.016,0.000,14.9
2026-08-03T17:26:19.407127,3286,0.061,0.015,0.000,126.1
2026-08-03T17:26:19.462472,3287,0.082,0.014,0.000,18.4
2026-08-03T17:26:19.528743,3288,0.141,0.047,0.000,15.4
2026-08-03T17:26:19.561388,3289,0.223,0.012,0.000,31.5
2026-08-03T17:26:19.598513,3290,0.231,0.039,0.000,27.5
2026-08-03T17:26:19.694381,3291,0.234,0.027,0.000,10.6
2026-08-03T17:26:19.703202,3292,0.229,0.014,0.000,125.4
2026-08-03T17:26:19.761551,3293,0.235,0.022,0.000,17.4
2026-08-03T17:26:19.831413,3294,0.224,0.037,0.000,14.6
2026-08-03T17:26:19.862105,3295,0.228,0.046,0.000,33.5
2026-08-03T17:26:19.895615,3296,0.223,0.037,0.000,30.7
2026-08-03T17:26:19.969414,3297,0.224,0.031,0.000,13.9
2026-08-03T17:26:19.978399,3298,0.220,0.017,0.000,124.0
2026-08-03T17:26:20.031480,3299,0.235,0.019,0.000,19.1
2026-08-03T17:26:20.127067,3300,0.237,0.011,0.000,10.6
2026-08-03T17:26:20.138509,3301,0.232,0.018,0.000,94.1
2026-08-03T17:26:20.193237,3302,0.232,0.005,0.000,18.7
2026-08-03T17:26:20.263452,3303,0.235,0.008,0.000,14.5
2026-08-03T17:26:20.293289,3304,0.238,0.001,0.000,34.4
2026-08-03T17:26:20.331508,3305,0.222,0.003,0.000,26.9
2026-08-03T17:26:20.425187,3306,0.092,0.007,0.000,10.8
2026-08-03T17:26:20.436471,3307,0.058,0.008,0.000,94.6
2026-08-03T17:26:20.494397,3308,0.081,0.003,0.000,17.5
2026-08-03T17:26:20.561714,3309,0.124,0.002,0.000,15.1
2026-08-03T17:26:20.572309,3310,0.166,0.002,0.000,102.9
2026-08-03T17:26:20.627713,3311,0.185,0.002,0.000,18.3
2026-08-03T17:26:20.692953,3312,0.194,0.002,0.000,15.5
2026-08-03T17:26:20.725774,3313,0.210,0.003,0.000,31.2
2026-08-03T17:26:20.763308,3314,0.224,0.003,0.000,27.2
2026-08-03T17:26:20.856498,3315,0.233,0.003,0.000,10.9
2026-08-03T17:26:20.868385,3316,0.233,0.003,0.000,89.1
2026-08-03T17:26:20.924929,3317,0.067,0.005,0.000,18.1
2026-08-03T17:26:20.991572,3318,0.024,0.006,0.000,15.2
2026-08-03T17:26:21.026645,3319,0.039,0.006,0.000,29.2
2026-08-03T17:26:21.058470,3320,0.059,0.005,0.000,32.8
2026-08-03T17:26:21.130582,3321,0.142,0.005,0.000,14.1
2026-08-03T17:26:21.142879,3322,0.195,0.002,0.000,87.4
2026-08-03T17:26:21.195140,3323,0.225,0.008,0.000,19.6
2026-08-03T17:26:21.291702,3324,0.236,0.005,0.000,10.5
2026-08-03T17:26:21.302668,3325,0.245,0.004,0.000,97.6
2026-08-03T17:26:21.358532,3326,0.269,0.002,0.000,18.2
2026-08-03T17:26:21.425012,3327,0.267,0.001,0.000,15.3
2026-08-03T17:26:21.458135,3328,0.265,0.014,0.000,30.8
2026-08-03T17:26:21.493775,3329,0.267,0.048,0.000,28.9
2026-08-03T17:26:21.591513,3330,0.281,0.130,0.000,10.3
2026-08-03T17:26:21.602550,3331,0.285,0.158,0.000,99.2
2026-08-03T17:26:21.659027,3332,0.286,0.149,0.000,18.0
2026-08-03T17:26:21.723372,3333,0.283,0.120,0.000,15.8
2026-08-03T17:26:21.733028,3334,0.285,0.083,0.000,111.6
2026-08-03T17:26:21.789615,3335,0.287,0.042,0.000,18.2
2026-08-03T17:26:21.858087,3336,0.282,0.035,0.000,14.9
2026-08-03T17:26:21.889032,3337,0.277,0.028,0.000,33.1
2026-08-03T17:26:21.926205,3338,0.273,0.033,0.000,27.5
2026-08-03T17:26:22.020832,3339,0.273,0.035,0.000,10.7
2026-08-03T17:26:22.032396,3340,0.272,0.031,0.000,94.1
2026-08-03T17:26:22.088862,3341,0.268,0.019,0.000,18.0
2026-08-03T17:26:22.156660,3342,0.250,0.012,0.000,15.0
2026-08-03T17:26:22.189546,3343,0.106,0.013,0.000,31.0
2026-08-03T17:26:22.221070,3344,0.040,0.028,0.000,32.7
2026-08-03T17:26:22.290540,3345,0.027,0.021,0.000,14.6
2026-08-03T17:26:22.301895,3346,0.018,0.027,0.000,95.2
2026-08-03T17:26:22.359366,3347,0.033,0.036,0.000,17.7
2026-08-03T17:26:22.453922,3348,0.019,0.052,0.000,10.7
2026-08-03T17:26:22.464670,3349,0.022,0.058,0.000,99.4
2026-08-03T17:26:22.522876,3350,0.089,0.062,0.000,17.6
2026-08-03T17:26:22.588930,3351,0.100,0.065,0.000,15.5
2026-08-03T17:26:22.623028,3352,0.117,0.073,0.000,30.0
2026-08-03T17:26:22.659029,3353,0.104,0.062,0.000,28.7
2026-08-03T17:26:22.755039,3354,0.108,0.061,0.000,10.5
2026-08-03T17:26:22.765893,3355,0.112,0.061,0.000,98.1
2026-08-03T17:26:22.823903,3356,0.111,0.064,0.000,17.5
2026-08-03T17:26:22.886234,3357,0.109,0.068,0.000,16.4
2026-08-03T17:26:22.896957,3358,0.106,0.074,0.000,101.8
2026-08-03T17:26:22.955743,3359,0.102,0.087,0.000,17.2
2026-08-03T17:26:23.022381,3360,0.107,0.085,0.000,15.2
2026-08-03T17:26:23.054161,3361,0.122,0.079,0.000,32.4
2026-08-03T17:26:23.089458,3362,0.122,0.076,0.000,29.1
2026-08-03T17:26:23.184438,3363,0.116,0.079,0.000,10.7
2026-08-03T17:26:23.195182,3364,0.119,0.069,0.000,99.3
2026-08-03T17:26:23.252975,3365,0.121,0.056,0.000,17.6
2026-08-03T17:26:23.319007,3366,0.122,0.050,0.000,15.4
2026-08-03T17:26:23.354706,3367,0.120,0.046,0.000,28.6
2026-08-03T17:26:23.387522,3368,0.121,0.040,0.000,31.5
2026-08-03T17:26:23.453138,3369,0.115,0.032,0.000,15.4
2026-08-03T17:26:23.463975,3370,0.110,0.040,0.000,98.6
2026-08-03T17:26:23.522002,3371,0.110,0.037,0.000,17.5
2026-08-03T17:26:23.614151,3372,0.113,0.041,0.000,11.0
2026-08-03T17:26:23.625213,3373,0.101,0.038,0.000,96.8
2026-08-03T17:26:23.685277,3374,0.079,0.047,0.000,17.3
2026-08-03T17:26:23.757030,3375,0.079,0.045,0.000,14.2
2026-08-03T17:26:23.784592,3376,0.089,0.034,0.000,37.6
2026-08-03T17:26:23.819344,3377,0.089,0.042,0.000,29.7
2026-08-03T17:26:23.920753,3378,0.094,0.058,0.000,9.9
2026-08-03T17:26:23.929510,3379,0.095,0.050,0.000,123.4
2026-08-03T17:26:23.986351,3380,0.096,0.047,0.000,17.8
2026-08-03T17:26:24.051299,3381,0.103,0.053,0.000,15.7
2026-08-03T17:26:24.062781,3382,0.107,0.051,0.000,95.2
2026-08-03T17:26:24.118023,3383,0.106,0.057,0.000,18.7
2026-08-03T17:26:24.186161,3384,0.108,0.058,0.000,14.9
2026-08-03T17:26:24.218153,3385,0.109,0.058,0.000,32.0
2026-08-03T17:26:24.256405,3386,0.110,0.055,0.000,26.6
2026-08-03T17:26:24.353266,3387,0.120,0.055,0.000,10.4
2026-08-03T17:26:24.363329,3388,0.121,0.052,0.000,106.6
2026-08-03T17:26:24.417464,3389,0.120,0.051,0.000,18.8
2026-08-03T17:26:24.483968,3390,0.121,0.053,0.000,15.3
2026-08-03T17:26:24.517581,3391,0.154,0.029,0.000,30.3
2026-08-03T17:26:24.549943,3392,0.176,0.019,0.000,32.0
2026-08-03T17:26:24.616816,3393,0.201,0.014,0.000,15.2
2026-08-03T17:26:24.627124,3394,0.216,0.007,0.000,103.9
2026-08-03T17:26:24.684490,3395,0.239,0.006,0.000,17.7
2026-08-03T17:26:24.782660,3396,0.258,0.006,0.000,10.3
2026-08-03T17:26:24.792209,3397,0.267,0.005,0.000,112.9
2026-08-03T17:26:24.849470,3398,0.271,0.029,0.000,17.7
2026-08-03T17:26:24.919962,3399,0.268,0.015,0.000,14.4
2026-08-03T17:26:24.948656,3400,0.275,0.011,0.000,35.7
2026-08-03T17:26:24.985821,3401,0.267,0.014,0.000,27.6
2026-08-03T17:26:25.081521,3402,0.104,0.012,0.000,10.5
2026-08-03T17:26:25.090336,3403,0.078,0.008,0.000,121.9
2026-08-03T17:26:25.151051,3404,0.075,0.008,0.000,16.8
2026-08-03T17:26:25.214550,3405,0.077,0.008,0.000,16.1
2026-08-03T17:26:25.225798,3406,0.086,0.010,0.000,95.3
2026-08-03T17:26:25.283743,3407,0.178,0.008,0.000,17.5
2026-08-03T17:26:25.351468,3408,0.206,0.009,0.000,15.0
2026-08-03T17:26:25.382150,3409,0.225,0.010,0.000,33.4
2026-08-03T17:26:25.418948,3410,0.238,0.009,0.000,28.0
2026-08-03T17:26:25.512799,3411,0.243,0.009,0.000,10.8
2026-08-03T17:26:25.522955,3412,0.251,0.010,0.000,105.7
2026-08-03T17:26:25.582226,3413,0.255,0.011,0.000,17.2
2026-08-03T17:26:25.649584,3414,0.256,0.013,0.000,15.1
2026-08-03T17:26:25.680898,3415,0.248,0.013,0.000,32.7
2026-08-03T17:26:25.714361,3416,0.250,0.014,0.000,30.6
2026-08-03T17:26:25.779704,3417,0.247,0.013,0.000,15.5
2026-08-03T17:26:25.789742,3418,0.246,0.014,0.000,119.8
2026-08-03T17:26:25.849745,3419,0.252,0.013,0.000,16.9
2026-08-03T17:26:25.944805,3420,0.252,0.014,0.000,10.6
2026-08-03T17:26:25.952834,3421,0.253,0.013,0.000,137.4
2026-08-03T17:26:26.015987,3422,0.255,0.013,0.000,16.0
2026-08-03T17:26:26.085618,3423,0.255,0.013,0.000,14.6
2026-08-03T17:26:26.110707,3424,0.258,0.013,0.000,42.8
2026-08-03T17:26:26.149510,3425,0.261,0.013,0.000,26.4
2026-08-03T17:26:26.243152,3426,0.260,0.014,0.000,10.8
2026-08-03T17:26:26.253688,3427,0.257,0.015,0.000,101.1
2026-08-03T17:26:26.315585,3428,0.263,0.015,0.000,16.6
2026-08-03T17:26:26.378724,3429,0.266,0.015,0.000,16.1
2026-08-03T17:26:26.389716,3430,0.263,0.014,0.000,97.4
2026-08-03T17:26:26.444702,3431,0.265,0.017,0.000,18.5
2026-08-03T17:26:26.513203,3432,0.268,0.015,0.000,14.8
2026-08-03T17:26:26.545588,3433,0.269,0.013,0.000,31.6
2026-08-03T17:26:26.583803,3434,0.268,0.013,0.000,26.7
2026-08-03T17:26:26.678995,3435,0.273,0.014,0.000,10.6
2026-08-03T17:26:26.687650,3436,0.275,0.014,0.000,129.0
2026-08-03T17:26:26.745942,3437,0.272,0.014,0.000,17.5
2026-08-03T17:26:26.811913,3438,0.268,0.014,0.000,15.4
2026-08-03T17:26:26.847028,3439,0.270,0.014,0.000,29.0
2026-08-03T17:26:26.877461,3440,0.269,0.014,0.000,34.0
2026-08-03T17:26:26.945582,3441,0.273,0.014,0.000,14.9
2026-08-03T17:26:26.953718,3442,0.276,0.013,0.000,135.3
2026-08-03T17:26:27.014459,3443,0.279,0.012,0.000,16.7
2026-08-03T17:26:27.109174,3444,0.281,0.012,0.000,10.7
2026-08-03T17:26:27.118096,3445,0.280,0.013,0.000,121.6
2026-08-03T17:26:27.177976,3446,0.280,0.013,0.000,17.4
2026-08-03T17:26:27.244624,3447,0.279,0.015,0.000,15.3
2026-08-03T17:26:27.277623,3448,0.266,0.016,0.000,31.0
2026-08-03T17:26:27.315985,3449,0.266,0.016,0.000,26.7
2026-08-03T17:26:27.409573,3450,0.266,0.016,0.000,10.9
2026-08-03T17:26:27.421940,3451,0.267,0.015,0.000,86.6
2026-08-03T17:26:27.479540,3452,0.266,0.014,0.000,17.9
2026-08-03T17:26:27.542536,3453,0.267,0.014,0.000,16.2
2026-08-03T17:26:27.551709,3454,0.268,0.014,0.000,118.0
2026-08-03T17:26:27.609595,3455,0.270,0.013,0.000,17.5
2026-08-03T17:26:27.676389,3456,0.270,0.015,0.000,15.2
2026-08-03T17:26:27.711142,3457,0.268,0.014,0.000,29.4
2026-08-03T17:26:27.746523,3458,0.269,0.014,0.000,29.8
2026-08-03T17:26:27.840464,3459,0.270,0.014,0.000,10.8
2026-08-03T17:26:27.851751,3460,0.268,0.014,0.000,95.9
2026-08-03T17:26:27.910726,3461,0.266,0.013,0.000,17.1
2026-08-03T17:26:27.978345,3462,0.268,0.012,0.000,15.0
2026-08-03T17:26:28.009235,3463,0.275,0.010,0.000,33.3
2026-08-03T17:26:28.042158,3464,0.273,0.009,0.000,31.2
2026-08-03T17:26:28.111926,3465,0.275,0.010,0.000,14.5
2026-08-03T17:26:28.123393,3466,0.276,0.009,0.000,93.7
2026-08-03T17:26:28.178718,3467,0.277,0.010,0.000,18.4
2026-08-03T17:26:28.272336,3468,0.277,0.011,0.000,10.8
2026-08-03T17:26:28.280783,3469,0.279,0.011,0.000,129.0
2026-08-03T17:26:28.342384,3470,0.279,0.013,0.000,16.5
2026-08-03T17:26:28.414913,3471,0.279,0.013,0.000,14.0
2026-08-03T17:26:28.439349,3472,0.273,0.012,0.000,42.3
2026-08-03T17:26:28.478038,3473,0.251,0.012,0.000,26.4
2026-08-03T17:26:28.572914,3474,0.234,0.014,0.000,10.7
2026-08-03T17:26:28.583393,3475,0.219,0.013,0.000,102.3
2026-08-03T17:26:28.643390,3476,0.205,0.014,0.000,16.9
2026-08-03T17:26:28.708332,3477,0.205,0.013,0.000,15.7
2026-08-03T17:26:28.717642,3478,0.203,0.014,0.000,116.0
2026-08-03T17:26:28.774349,3479,0.205,0.015,0.000,18.0
2026-08-03T17:26:28.844246,3480,0.205,0.014,0.000,14.5
2026-08-03T17:26:28.871700,3481,0.203,0.014,0.000,37.4
2026-08-03T17:26:28.908626,3482,0.205,0.013,0.000,27.8
2026-08-03T17:26:29.003997,3483,0.206,0.012,0.000,10.6
2026-08-03T17:26:29.015085,3484,0.207,0.010,0.000,96.1
2026-08-03T17:26:29.072933,3485,0.213,0.033,0.000,17.8
2026-08-03T17:26:29.140665,3486,0.218,0.076,0.000,15.1
2026-08-03T17:26:29.173596,3487,0.220,0.077,0.000,32.1
2026-08-03T17:26:29.206689,3488,0.219,0.101,0.000,32.0
2026-08-03T17:26:29.273874,3489,0.216,0.095,0.000,15.4
2026-08-03T17:26:29.282551,3490,0.212,0.104,0.000,129.3
2026-08-03T17:26:29.341447,3491,0.210,0.093,0.000,17.2
2026-08-03T17:26:29.436659,3492,0.213,0.067,0.000,10.6
2026-08-03T17:26:29.445596,3493,0.213,0.053,0.000,122.4
2026-08-03T17:26:29.506416,3494,0.210,0.041,0.000,16.6
2026-08-03T17:26:29.572481,3495,0.210,0.036,0.000,15.4
2026-08-03T17:26:29.604492,3496,0.195,0.030,0.000,31.9
2026-08-03T17:26:29.641302,3497,0.200,0.025,0.000,27.8
2026-08-03T17:26:29.736385,3498,0.198,0.050,0.000,10.6
2026-08-03T17:26:29.746251,3499,0.199,0.049,0.000,108.6
2026-08-03T17:26:29.806491,3500,0.225,0.115,0.000,16.8
2026-08-03T17:26:29.868623,3501,0.251,0.125,0.000,16.4
2026-08-03T17:26:29.878847,3502,0.265,0.162,0.000,104.9
2026-08-03T17:26:29.938880,3503,0.027,0.184,0.000,17.0
2026-08-03T17:26:30.005676,3504,0.015,0.181,0.000,15.4
2026-08-03T17:26:30.038438,3505,0.077,0.176,0.000,31.3
2026-08-03T17:26:30.074340,3506,0.125,0.167,0.000,28.9
2026-08-03T17:26:30.172211,3507,0.200,0.170,0.000,10.3
2026-08-03T17:26:30.181090,3508,0.231,0.175,0.000,123.2
2026-08-03T17:26:30.238894,3509,0.255,0.179,0.000,17.5
2026-08-03T17:26:30.308938,3510,0.266,0.178,0.000,14.5
2026-08-03T17:26:30.338137,3511,0.274,0.180,0.000,35.1
2026-08-03T17:26:30.370453,3512,0.277,0.180,0.000,32.3
2026-08-03T17:26:30.437320,3513,0.281,0.167,0.000,15.3
2026-08-03T17:26:30.447718,3514,0.286,0.155,0.000,104.0
2026-08-03T17:26:30.506749,3515,0.280,0.137,0.000,17.3
2026-08-03T17:26:30.600692,3516,0.287,0.126,0.000,10.7
2026-08-03T17:26:30.612786,3517,0.292,0.146,0.000,87.8
2026-08-03T17:26:30.670247,3518,0.289,0.144,0.000,17.9
2026-08-03T17:26:30.737633,3519,0.289,0.150,0.000,15.1
2026-08-03T17:26:30.769124,3520,0.291,0.142,0.000,32.5
2026-08-03T17:26:30.806963,3521,0.289,0.146,0.000,27.6
2026-08-03T17:26:30.899300,3522,0.295,0.152,0.000,11.1
2026-08-03T17:26:30.907523,3523,0.296,0.153,0.000,131.6
2026-08-03T17:26:30.970505,3524,0.300,0.151,0.000,16.1
2026-08-03T17:26:31.032072,3525,0.301,0.159,0.000,16.5
2026-08-03T17:26:31.041579,3526,0.221,0.158,0.000,114.5
2026-08-03T17:26:31.101744,3527,0.052,0.158,0.000,17.0
2026-08-03T17:26:31.172238,3528,0.074,0.154,0.000,14.4
2026-08-03T17:26:31.202423,3529,0.122,0.135,0.000,33.9
2026-08-03T17:26:31.239113,3530,0.157,0.135,0.000,27.9
2026-08-03T17:26:31.332189,3531,0.202,0.121,0.000,10.9
2026-08-03T17:26:31.342409,3532,0.223,0.095,0.000,105.0
2026-08-03T17:26:31.402138,3533,0.248,0.062,0.000,17.1
2026-08-03T17:26:31.472237,3534,0.254,0.060,0.000,14.5
2026-08-03T17:26:31.501744,3535,0.267,0.049,0.000,34.7
2026-08-03T17:26:31.533989,3536,0.268,0.040,0.000,32.5
2026-08-03T17:26:31.602873,3537,0.270,0.039,0.000,14.9
2026-08-03T17:26:31.611857,3538,0.272,0.038,0.000,120.5
2026-08-03T17:26:31.669845,3539,0.273,0.038,0.000,17.5
2026-08-03T17:26:31.763717,3540,0.274,0.033,0.000,10.8
2026-08-03T17:26:31.775592,3541,0.273,0.040,0.000,90.1
2026-08-03T17:26:31.836102,3542,0.274,0.038,0.000,16.9
2026-08-03T17:26:31.900283,3543,0.275,0.039,0.000,15.9
2026-08-03T17:26:31.934052,3544,0.154,0.041,0.000,30.2
2026-08-03T17:26:31.970715,3545,0.031,0.039,0.000,28.5
2026-08-03T17:26:32.063653,3546,0.053,0.038,0.000,10.9
2026-08-03T17:26:32.072491,3547,0.076,0.038,0.000,122.3
2026-08-03T17:26:32.135029,3548,0.163,0.045,0.000,16.2
2026-08-03T17:26:32.196657,3549,0.197,0.045,0.000,16.6
2026-08-03T17:26:32.205777,3550,0.229,0.038,0.000,119.2
2026-08-03T17:26:32.266098,3551,0.240,0.020,0.000,16.9
2026-08-03T17:26:32.333086,3552,0.251,0.036,0.000,15.2
2026-08-03T17:26:32.365998,3553,0.261,0.026,0.000,31.1
2026-08-03T17:26:32.401795,3554,0.257,0.024,0.000,29.0
2026-08-03T17:26:32.495410,3555,0.267,0.014,0.000,10.8
2026-08-03T17:26:32.503371,3556,0.264,0.025,0.000,137.9
2026-08-03T17:26:32.566939,3557,0.225,0.044,0.000,16.0
2026-08-03T17:26:32.633608,3558,0.085,0.027,0.000,15.2
2026-08-03T17:26:32.666617,3559,0.033,0.012,0.000,31.0
2026-08-03T17:26:32.697149,3560,0.044,0.007,0.000,34.4
2026-08-03T17:26:32.764307,3561,0.086,0.002,0.000,15.1
2026-08-03T17:26:32.776060,3562,0.158,0.002,0.000,90.3
2026-08-03T17:26:32.833961,3563,0.217,0.001,0.000,17.7
2026-08-03T17:26:32.929155,3564,0.242,0.005,0.000,10.7
2026-08-03T17:26:32.940786,3565,0.239,0.004,0.000,92.9
2026-08-03T17:26:32.998449,3566,0.248,0.003,0.000,17.7
2026-08-03T17:26:33.063036,3567,0.258,0.003,0.000,15.7
2026-08-03T17:26:33.097867,3568,0.274,0.003,0.000,29.3
2026-08-03T17:26:33.136767,3569,0.281,0.005,0.000,26.2
2026-08-03T17:26:33.228007,3570,0.294,0.004,0.000,11.1
2026-08-03T17:26:33.239692,3571,0.293,0.002,0.000,90.8
2026-08-03T17:26:33.297203,3572,0.293,0.004,0.000,17.9
2026-08-03T17:26:33.358507,3573,0.288,0.006,0.000,16.7
2026-08-03T17:26:33.367381,3574,0.292,0.003,0.000,122.6
2026-08-03T17:26:33.429295,3575,0.297,0.007,0.000,16.4
2026-08-03T17:26:33.496106,3576,0.297,0.006,0.000,15.2
2026-08-03T17:26:33.531359,3577,0.294,0.007,0.000,28.9
2026-08-03T17:26:33.565016,3578,0.286,0.007,0.000,31.2
2026-08-03T17:26:33.662305,3579,0.333,0.006,0.000,10.4
2026-08-03T17:26:33.673204,3580,0.339,0.009,0.000,100.1
2026-08-03T17:26:33.731130,3581,0.350,0.009,0.000,17.6
2026-08-03T17:26:33.797996,3582,0.349,0.007,0.000,15.2
2026-08-03T17:26:33.828787,3583,0.347,0.008,0.000,33.2
2026-08-03T17:26:33.861969,3584,0.363,0.008,0.000,31.0
2026-08-03T17:26:33.927627,3585,0.360,0.012,0.000,15.5
2026-08-03T17:26:33.940513,3586,0.355,0.009,0.000,89.1
2026-08-03T17:26:33.998060,3587,0.357,0.008,0.000,17.7
2026-08-03T17:26:34.094208,3588,0.358,0.008,0.000,10.5
2026-08-03T17:26:34.104522,3589,0.362,0.007,0.000,106.1
2026-08-03T17:26:34.162945,3590,0.337,0.007,0.000,17.4
2026-08-03T17:26:34.231677,3591,0.217,0.006,0.000,14.8
2026-08-03T17:26:34.263072,3592,0.185,0.005,0.000,32.8
2026-08-03T17:26:34.299291,3593,0.224,0.007,0.000,28.6
2026-08-03T17:26:34.395107,3594,0.270,0.003,0.000,10.6
2026-08-03T17:26:34.403999,3595,0.296,0.007,0.000,123.5
2026-08-03T17:26:34.461543,3596,0.305,0.011,0.000,17.7
2026-08-03T17:26:34.525599,3597,0.312,0.011,0.000,15.9
2026-08-03T17:26:34.536412,3598,0.309,0.009,0.000,99.3
2026-08-03T17:26:34.593656,3599,0.334,0.010,0.000,17.7
2026-08-03T17:26:34.666331,3600,0.367,0.013,0.000,14.0
2026-08-03T17:26:34.694263,3601,0.435,0.013,0.000,36.8
2026-08-03T17:26:34.731205,3602,0.466,0.005,0.000,28.1
2026-08-03T17:26:34.830613,3603,0.518,0.046,0.000,10.2
2026-08-03T17:26:34.842651,3604,0.610,0.089,0.000,88.3
2026-08-03T17:26:34.894183,3605,0.755,0.110,0.000,20.0
2026-08-03T17:26:34.964914,3606,0.759,0.039,0.000,14.4
2026-08-03T17:26:34.994406,3607,0.681,0.524,0.000,34.7
2026-08-03T17:26:35.025246,3608,0.432,3.444,0.000,33.4
2026-08-03T17:26:35.089771,3609,0.000,0.000,0.000,15.8
2026-08-03T17:26:35.097429,3610,0.000,0.000,0.000,144.1
2026-08-03T17:26:35.163020,3611,0.259,0.246,0.000,15.4
2026-08-03T17:26:35.229938,3612,0.000,0.000,0.000,15.2
2026-08-03T17:26:35.240772,3613,0.267,0.698,0.000,98.6
2026-08-03T17:26:35.291958,3614,0.000,0.000,0.000,19.9
2026-08-03T17:26:35.355427,3615,0.000,0.000,0.000,16.0
2026-08-03T17:26:35.362930,3616,0.000,0.000,0.000,146.8
2026-08-03T17:26:35.427435,3617,0.000,0.000,0.000,15.7
2026-08-03T17:26:35.493879,3618,0.000,0.000,0.000,15.3
2026-08-03T17:26:35.524252,3619,0.000,0.000,0.000,33.6
2026-08-03T17:26:35.560551,3620,0.000,0.000,0.000,28.3
2026-08-03T17:26:35.656100,3621,0.000,0.000,0.000,10.6
2026-08-03T17:26:35.666163,3622,0.000,0.000,0.000,106.8
2026-08-03T17:26:35.725027,3623,0.000,0.000,0.000,17.3
2026-08-03T17:26:35.791115,3624,0.000,0.000,0.000,15.4
2026-08-03T17:26:35.799802,3625,0.000,0.000,0.000,125.3
2026-08-03T17:26:35.857740,3626,0.000,0.000,0.000,17.6
2026-08-03T17:26:35.923655,3627,0.000,0.000,0.000,15.4
2026-08-03T17:26:35.959897,3628,0.318,0.058,0.000,28.2
2026-08-03T17:26:35.992267,3629,0.000,0.000,0.000,31.7
2026-08-03T17:26:36.086430,3630,0.000,0.000,0.000,10.8
2026-08-03T17:26:36.096744,3631,0.000,0.000,0.000,103.6
2026-08-03T17:26:36.156720,3632,0.000,0.000,0.000,17.0
2026-08-03T17:26:36.218111,3633,0.000,0.000,0.000,16.7
2026-08-03T17:26:36.228276,3634,0.000,0.000,0.000,105.8
2026-08-03T17:26:36.291448,3635,0.000,0.000,0.000,16.2
2026-08-03T17:26:36.359025,3636,0.000,0.000,0.000,15.1
2026-08-03T17:26:36.367345,3637,0.000,0.000,0.000,133.5
2026-08-03T17:26:36.425857,3638,0.000,0.000,0.000,17.8
2026-08-03T17:26:36.519334,3639,0.000,0.000,0.000,10.9
2026-08-03T17:26:36.527105,3640,0.000,0.000,0.000,140.8
2026-08-03T17:26:36.590387,3641,0.000,0.000,0.000,16.1
2026-08-03T17:26:36.658306,3642,0.000,0.000,0.000,15.1
2026-08-03T17:26:36.691237,3643,0.000,0.000,0.000,31.1
2026-08-03T17:26:36.726751,3644,0.000,0.000,0.000,29.6
2026-08-03T17:26:36.821195,3645,0.297,0.171,0.000,10.7
2026-08-03T17:26:36.832955,3646,0.222,0.062,0.000,90.6
2026-08-03T17:26:36.889100,3647,0.164,0.023,0.000,18.4
2026-08-03T17:26:36.952476,3648,0.250,0.031,0.000,16.1
2026-08-03T17:26:36.964020,3649,0.275,0.024,0.000,92.4
2026-08-03T17:26:37.022577,3650,0.279,0.010,0.000,17.4
2026-08-03T17:26:37.089519,3651,0.279,0.014,0.000,15.2
2026-08-03T17:26:37.121111,3652,0.286,0.005,0.000,32.5
2026-08-03T17:26:37.160037,3653,0.280,0.003,0.000,26.3
2026-08-03T17:26:37.252326,3654,0.272,0.008,0.000,11.0
2026-08-03T17:26:37.261237,3655,0.269,0.010,0.000,121.1
2026-08-03T17:26:37.320650,3656,0.275,0.014,0.000,17.1
2026-08-03T17:26:37.384083,3657,0.279,0.011,0.000,16.0
2026-08-03T17:26:37.393607,3658,0.279,0.005,0.000,113.7
2026-08-03T17:26:37.455072,3659,0.279,0.005,0.000,16.5
2026-08-03T17:26:37.522215,3660,0.277,0.009,0.000,15.1
2026-08-03T17:26:37.532356,3661,0.281,0.005,0.000,106.2
2026-08-03T17:26:37.591818,3662,0.295,0.009,0.000,17.1
2026-08-03T17:26:37.685404,3663,0.287,0.003,0.000,10.8
2026-08-03T17:26:37.696610,3664,0.292,0.004,0.000,94.9
2026-08-03T17:26:37.753176,3665,0.294,0.001,0.000,18.1
2026-08-03T17:26:37.822023,3666,0.299,0.003,0.000,14.7
2026-08-03T17:26:37.854723,3667,0.303,0.001,0.000,31.2
2026-08-03T17:26:37.891209,3668,0.300,0.001,0.000,28.5
2026-08-03T17:26:37.984051,3669,0.306,0.004,0.000,10.9
2026-08-03T17:26:37.995603,3670,0.306,0.004,0.000,92.0
2026-08-03T17:26:38.054733,3671,0.302,0.005,0.000,17.3
2026-08-03T17:26:38.118079,3672,0.309,0.005,0.000,16.1
2026-08-03T17:26:38.129195,3673,0.314,0.004,0.000,103.0
2026-08-03T17:26:38.186287,3674,0.329,0.007,0.000,17.8
2026-08-03T17:26:38.252050,3675,0.324,0.002,0.000,15.5
2026-08-03T17:26:38.286902,3676,0.324,0.002,0.000,29.3
2026-08-03T17:26:38.321721,3677,0.326,0.003,0.000,30.0
2026-08-03T17:26:38.419001,3678,0.326,0.007,0.000,10.4
2026-08-03T17:26:38.429417,3679,0.326,0.004,0.000,103.1
2026-08-03T17:26:38.486109,3680,0.338,0.003,0.000,18.0
2026-08-03T17:26:38.552537,3681,0.333,0.003,0.000,15.4
2026-08-03T17:26:38.563096,3682,0.343,0.002,0.000,101.4
2026-08-03T17:26:38.620049,3683,0.343,0.003,0.000,17.9
2026-08-03T17:26:38.689384,3684,0.330,0.003,0.000,14.7
2026-08-03T17:26:38.700528,3685,0.335,0.006,0.000,95.4
2026-08-03T17:26:38.754620,3686,0.335,0.007,0.000,18.8
2026-08-03T17:26:38.848599,3687,0.319,0.005,0.000,10.8
2026-08-03T17:26:38.859255,3688,0.304,0.004,0.000,100.4
2026-08-03T17:26:38.917899,3689,0.075,0.005,0.000,17.4
2026-08-03T17:26:38.983416,3690,0.054,0.006,0.000,15.5
2026-08-03T17:26:39.019303,3691,0.165,0.012,0.000,28.4
2026-08-03T17:26:39.056615,3692,0.193,0.010,0.000,27.5
2026-08-03T17:26:39.147742,3693,0.221,0.006,0.000,11.2
2026-08-03T17:26:39.156234,3694,0.248,0.005,0.000,130.3
2026-08-03T17:26:39.217132,3695,0.292,0.005,0.000,16.6
2026-08-03T17:26:39.279409,3696,0.328,0.002,0.000,16.4
2026-08-03T17:26:39.289933,3697,0.330,0.001,0.000,101.9
2026-08-03T17:26:39.350947,3698,0.338,0.007,0.000,16.9
2026-08-03T17:26:39.419270,3699,0.367,0.008,0.000,14.9
2026-08-03T17:26:39.448944,3700,0.409,0.022,0.000,34.5
2026-08-03T17:26:39.487338,3701,0.512,0.028,0.000,27.0
2026-08-03T17:26:39.581790,3702,0.000,0.000,0.000,10.8
2026-08-03T17:26:39.590000,3703,0.000,0.000,0.000,132.0
2026-08-03T17:26:39.649440,3704,0.000,0.000,0.000,17.2
2026-08-03T17:26:39.714827,3705,0.000,0.000,0.000,15.6
2026-08-03T17:26:39.723061,3706,0.000,0.000,0.000,134.5
2026-08-03T17:26:39.781168,3707,0.000,0.000,0.000,17.6
2026-08-03T17:26:39.850894,3708,0.000,0.000,0.000,14.6
2026-08-03T17:26:39.859079,3709,0.000,0.000,0.000,134.2
2026-08-03T17:26:39.918314,3710,0.000,0.000,0.000,17.4
2026-08-03T17:26:40.011232,3711,0.000,0.000,0.000,10.9
2026-08-03T17:26:40.019786,3712,0.000,0.000,0.000,127.1
2026-08-03T17:26:40.081407,3713,0.000,0.000,0.000,16.5
2026-08-03T17:26:40.148211,3714,0.000,0.000,0.000,15.3
2026-08-03T17:26:40.181633,3715,0.000,0.000,0.000,30.5
2026-08-03T17:26:40.217518,3716,0.000,0.000,0.000,28.7
2026-08-03T17:26:40.311093,3717,0.000,0.000,0.000,10.8
2026-08-03T17:26:40.320797,3718,0.000,0.000,0.000,110.6
2026-08-03T17:26:40.382800,3719,0.000,0.000,0.000,16.4
2026-08-03T17:26:40.444602,3720,0.000,0.000,0.000,16.6
2026-08-03T17:26:40.454605,3721,0.000,0.000,0.000,107.8
2026-08-03T17:26:40.513976,3722,0.000,0.000,0.000,17.1
2026-08-03T17:26:40.582078,3723,0.000,0.000,0.000,14.9
2026-08-03T17:26:40.613033,3724,0.000,0.000,0.000,33.1
2026-08-03T17:26:40.651348,3725,0.269,0.022,0.000,26.6
2026-08-03T17:26:40.743115,3726,0.218,0.015,0.000,11.0
2026-08-03T17:26:40.753614,3727,0.221,0.009,0.000,101.1
2026-08-03T17:26:40.814019,3728,0.238,0.007,0.000,16.7
2026-08-03T17:26:40.874580,3729,0.232,0.007,0.000,16.9
2026-08-03T17:26:40.884581,3730,0.273,0.006,0.000,108.2
2026-08-03T17:26:40.946287,3731,0.260,0.005,0.000,16.7
2026-08-03T17:26:41.015834,3732,0.271,0.007,0.000,14.6
2026-08-03T17:26:41.025498,3733,0.275,0.007,0.000,111.8
2026-08-03T17:26:41.081188,3734,0.275,0.008,0.000,18.2
2026-08-03T17:26:41.176240,3735,0.279,0.007,0.000,10.6
2026-08-03T17:26:41.184737,3736,0.291,0.014,0.000,127.9
2026-08-03T17:26:41.245360,3737,0.300,0.006,0.000,16.8
2026-08-03T17:26:41.313591,3738,0.303,0.003,0.000,14.9
2026-08-03T17:26:41.347820,3739,0.287,0.005,0.000,29.8
2026-08-03T17:26:41.381356,3740,0.294,0.007,0.000,30.7
2026-08-03T17:26:41.475335,3741,0.305,0.003,0.000,10.7
2026-08-03T17:26:41.486196,3742,0.309,0.001,0.000,98.0
2026-08-03T17:26:41.545907,3743,0.312,0.010,0.000,17.1
2026-08-03T17:26:41.614476,3744,0.317,0.002,0.000,14.8
2026-08-03T17:26:41.623374,3745,0.320,0.005,0.000,121.7
2026-08-03T17:26:41.678894,3746,0.325,0.002,0.000,18.3
2026-08-03T17:26:41.746077,3747,0.323,0.001,0.000,15.1
2026-08-03T17:26:41.778826,3748,0.272,0.008,0.000,31.3
2026-08-03T17:26:41.816904,3749,0.092,0.005,0.000,26.9
2026-08-03T17:26:41.907545,3750,0.046,0.004,0.000,11.1
2026-08-03T17:26:41.917671,3751,0.138,0.002,0.000,105.3
2026-08-03T17:26:41.978420,3752,0.216,0.001,0.000,16.7
2026-08-03T17:26:42.040124,3753,0.237,0.001,0.000,16.5
2026-08-03T17:26:42.050200,3754,0.255,0.000,0.000,107.2
2026-08-03T17:26:42.112073,3755,0.281,0.005,0.000,16.4
2026-08-03T17:26:42.179655,3756,0.296,0.006,0.000,15.1
2026-08-03T17:26:42.187852,3757,0.296,0.006,0.000,133.4
2026-08-03T17:26:42.246270,3758,0.083,0.007,0.000,17.5
2026-08-03T17:26:42.340237,3759,0.038,0.006,0.000,10.8
2026-08-03T17:26:42.350078,3760,0.040,0.010,0.000,110.9
2026-08-03T17:26:42.409983,3761,0.092,0.009,0.000,17.0
2026-08-03T17:26:42.475633,3762,0.147,0.007,0.000,15.5
2026-08-03T17:26:42.510559,3763,0.187,0.008,0.000,29.1
2026-08-03T17:26:42.545993,3764,0.209,0.009,0.000,29.3
2026-08-03T17:26:42.642024,3765,0.249,0.008,0.000,10.5
2026-08-03T17:26:42.651208,3766,0.253,0.008,0.000,118.4
2026-08-03T17:26:42.711158,3767,0.252,0.011,0.000,17.2
2026-08-03T17:26:42.775933,3768,0.252,0.010,0.000,15.8
2026-08-03T17:26:42.785976,3769,0.253,0.010,0.000,107.9
2026-08-03T17:26:42.844241,3770,0.248,0.012,0.000,17.8
2026-08-03T17:26:42.908127,3771,0.252,0.013,0.000,15.9
2026-08-03T17:26:42.942648,3772,0.255,0.014,0.000,29.6
2026-08-03T17:26:42.978249,3773,0.254,0.010,0.000,28.8
2026-08-03T17:26:43.072026,3774,0.260,0.011,0.000,10.8
2026-08-03T17:26:43.081024,3775,0.264,0.010,0.000,120.4
2026-08-03T17:26:43.142182,3776,0.263,0.008,0.000,16.7
2026-08-03T17:26:43.205435,3777,0.261,0.008,0.000,16.1
2026-08-03T17:26:43.214844,3778,0.257,0.012,0.000,114.6
2026-08-03T17:26:43.275214,3779,0.254,0.016,0.000,16.8
2026-08-03T17:26:43.343361,3780,0.253,0.018,0.000,15.0
2026-08-03T17:26:43.352773,3781,0.257,0.017,0.000,115.5
2026-08-03T17:26:43.411456,3782,0.261,0.013,0.000,17.3
2026-08-03T17:26:43.504249,3783,0.259,0.009,0.000,10.9
2026-08-03T17:26:43.512725,3784,0.256,0.005,0.000,128.9
2026-08-03T17:26:43.574025,3785,0.258,0.003,0.000,16.6
2026-08-03T17:26:43.643233,3786,0.257,0.004,0.000,14.7
2026-08-03T17:26:43.673508,3787,0.257,0.005,0.000,33.7
2026-08-03T17:26:43.711361,3788,0.262,0.005,0.000,27.1
2026-08-03T17:26:43.807619,3789,0.264,0.005,0.000,10.5
2026-08-03T17:26:43.816498,3790,0.266,0.006,0.000,124.0
2026-08-03T17:26:43.875042,3791,0.255,0.009,0.000,17.3
2026-08-03T17:26:43.939869,3792,0.247,0.007,0.000,15.7
2026-08-03T17:26:43.950639,3793,0.247,0.004,0.000,100.3
2026-08-03T17:26:44.006451,3794,0.248,0.002,0.000,18.1
2026-08-03T17:26:44.073593,3795,0.253,0.002,0.000,15.2
2026-08-03T17:26:44.106075,3796,0.246,0.003,0.000,31.6
2026-08-03T17:26:44.144665,3797,0.243,0.004,0.000,26.5
2026-08-03T17:26:44.238312,3798,0.239,0.004,0.000,10.9
2026-08-03T17:26:44.246961,3799,0.236,0.005,0.000,124.7
2026-08-03T17:26:44.306381,3800,0.240,0.005,0.000,17.1
2026-08-03T17:26:44.369946,3801,0.242,0.006,0.000,16.1
2026-08-03T17:26:44.379416,3802,0.241,0.006,0.000,114.0
2026-08-03T17:26:44.438309,3803,0.241,0.008,0.000,17.3
2026-08-03T17:26:44.504735,3804,0.242,0.006,0.000,15.3
2026-08-03T17:26:44.517397,3805,0.241,0.006,0.000,92.0
2026-08-03T17:26:44.575160,3806,0.204,0.006,0.000,17.5
2026-08-03T17:26:44.669942,3807,0.032,0.007,0.000,10.7
2026-08-03T17:26:44.680719,3808,0.028,0.007,0.000,99.2
2026-08-03T17:26:44.739468,3809,0.034,0.009,0.000,17.3
2026-08-03T17:26:44.806022,3810,0.054,0.009,0.000,15.2
2026-08-03T17:26:44.839243,3811,0.142,0.009,0.000,30.7
2026-08-03T17:26:44.875910,3812,0.172,0.008,0.000,28.1
2026-08-03T17:26:44.968697,3813,0.202,0.009,0.000,10.9
2026-08-03T17:26:44.980759,3814,0.211,0.011,0.000,87.9
2026-08-03T17:26:45.038525,3815,0.224,0.014,0.000,17.7
2026-08-03T17:26:45.103477,3816,0.227,0.012,0.000,15.7
2026-08-03T17:26:45.114567,3817,0.228,0.012,0.000,98.1
2026-08-03T17:26:45.171466,3818,0.237,0.012,0.000,17.8
2026-08-03T17:26:45.238254,3819,0.239,0.011,0.000,15.3
2026-08-03T17:26:45.270524,3820,0.247,0.008,0.000,31.7
2026-08-03T17:26:45.305733,3821,0.253,0.007,0.000,29.0
2026-08-03T17:26:45.399437,3822,0.264,0.004,0.000,10.8
2026-08-03T17:26:45.410311,3823,0.272,0.006,0.000,98.6
2026-08-03T17:26:45.470025,3824,0.277,0.008,0.000,17.2
2026-08-03T17:26:45.534542,3825,0.275,0.010,0.000,15.7
2026-08-03T17:26:45.542477,3826,0.274,0.009,0.000,138.1
2026-08-03T17:26:45.601432,3827,0.275,0.009,0.000,17.2
2026-08-03T17:26:45.667790,3828,0.279,0.009,0.000,15.3
2026-08-03T17:26:45.677851,3829,0.274,0.013,0.000,108.6
2026-08-03T17:26:45.737630,3830,0.284,0.004,0.000,17.5
2026-08-03T17:26:45.834042,3831,0.286,0.010,0.000,10.5
2026-08-03T17:26:45.845248,3832,0.292,0.008,0.000,95.4
2026-08-03T17:26:45.902452,3833,0.286,0.010,0.000,17.7
2026-08-03T17:26:45.968916,3834,0.278,0.007,0.000,15.3
2026-08-03T17:26:46.003949,3835,0.272,0.007,0.000,29.1
2026-08-03T17:26:46.038782,3836,0.271,0.008,0.000,29.9
2026-08-03T17:26:46.132705,3837,0.264,0.010,0.000,10.8
2026-08-03T17:26:46.144179,3838,0.259,0.009,0.000,92.8
2026-08-03T17:26:46.204145,3839,0.260,0.008,0.000,17.1
2026-08-03T17:26:46.269269,3840,0.258,0.008,0.000,15.6
2026-08-03T17:26:46.277841,3841,0.252,0.006,0.000,127.2
2026-08-03T17:26:46.333954,3842,0.257,0.001,0.000,18.1
2026-08-03T17:26:46.402169,3843,0.246,0.002,0.000,14.9
2026-08-03T17:26:46.435726,3844,0.248,0.002,0.000,30.5
2026-08-03T17:26:46.472886,3845,0.248,0.003,0.000,27.6
2026-08-03T17:26:46.564819,3846,0.252,0.005,0.000,11.1
2026-08-03T17:26:46.577719,3847,0.254,0.004,0.000,81.9
2026-08-03T17:26:46.635011,3848,0.248,0.006,0.000,17.7
2026-08-03T17:26:46.696833,3849,0.252,0.008,0.000,16.4
2026-08-03T17:26:46.705760,3850,0.258,0.006,0.000,121.9
2026-08-03T17:26:46.766674,3851,0.261,0.005,0.000,16.7
2026-08-03T17:26:46.832648,3852,0.273,0.006,0.000,15.4
2026-08-03T17:26:46.841359,3853,0.272,0.005,0.000,125.9
2026-08-03T17:26:46.902290,3854,0.085,0.008,0.000,16.6
2026-08-03T17:26:46.995432,3855,0.054,0.016,0.000,10.9
2026-08-03T17:26:47.004726,3856,0.059,0.017,0.000,116.3
2026-08-03T17:26:47.067265,3857,0.089,0.018,0.000,16.2
2026-08-03T17:26:47.130980,3858,0.131,0.016,0.000,16.0
2026-08-03T17:26:47.167652,3859,0.179,0.012,0.000,27.8
2026-08-03T17:26:47.203221,3860,0.199,0.010,0.000,28.9
2026-08-03T17:26:47.295410,3861,0.215,0.008,0.000,11.0
2026-08-03T17:26:47.306248,3862,0.215,0.008,0.000,98.6
2026-08-03T17:26:47.366899,3863,0.215,0.008,0.000,16.7
2026-08-03T17:26:47.433708,3864,0.215,0.007,0.000,15.2
2026-08-03T17:26:47.446644,3865,0.214,0.008,0.000,81.9
2026-08-03T17:26:47.498485,3866,0.219,0.007,0.000,19.5
2026-08-03T17:26:47.566881,3867,0.215,0.007,0.000,14.9
2026-08-03T17:26:47.599766,3868,0.218,0.007,0.000,31.1
2026-08-03T17:26:47.634763,3869,0.218,0.007,0.000,29.3
2026-08-03T17:26:47.726544,3870,0.218,0.008,0.000,11.0
2026-08-03T17:26:47.735991,3871,0.215,0.008,0.000,113.6
2026-08-03T17:26:47.798632,3872,0.215,0.008,0.000,16.2
2026-08-03T17:26:47.858569,3873,0.216,0.008,0.000,17.0
2026-08-03T17:26:47.868205,3874,0.216,0.008,0.000,113.0
2026-08-03T17:26:47.930424,3875,0.214,0.008,0.000,16.3
2026-08-03T17:26:47.995574,3876,0.216,0.008,0.000,15.7
2026-08-03T17:26:48.006747,3877,0.217,0.009,0.000,96.8
2026-08-03T17:26:48.066287,3878,0.217,0.009,0.000,17.0
2026-08-03T17:26:48.161904,3879,0.217,0.009,0.000,10.6
2026-08-03T17:26:48.171308,3880,0.219,0.008,0.000,114.6
2026-08-03T17:26:48.231117,3881,0.219,0.008,0.000,17.3
2026-08-03T17:26:48.299613,3882,0.221,0.008,0.000,14.9
2026-08-03T17:26:48.330246,3883,0.220,0.008,0.000,33.3
2026-08-03T17:26:48.367092,3884,0.220,0.008,0.000,28.0
2026-08-03T17:26:48.461072,3885,0.219,0.008,0.000,10.8
2026-08-03T17:26:48.471609,3886,0.220,0.008,0.000,102.0
2026-08-03T17:26:48.529518,3887,0.220,0.008,0.000,17.6
2026-08-03T17:26:48.590428,3888,0.222,0.008,0.000,16.7
2026-08-03T17:26:48.599886,3889,0.222,0.008,0.000,115.6
2026-08-03T17:26:48.662618,3890,0.222,0.008,0.000,16.2
2026-08-03T17:26:48.731956,3891,0.221,0.008,0.000,14.7
2026-08-03T17:26:48.761577,3892,0.225,0.009,0.000,34.6
2026-08-03T17:26:48.799892,3893,0.225,0.009,0.000,27.1
2026-08-03T17:26:48.892601,3894,0.226,0.009,0.000,10.9
2026-08-03T17:26:48.904975,3895,0.225,0.008,0.000,86.3
2026-08-03T17:26:48.963458,3896,0.229,0.008,0.000,17.7
2026-08-03T17:26:49.025872,3897,0.230,0.009,0.000,16.3
2026-08-03T17:26:49.036287,3898,0.230,0.009,0.000,103.1
2026-08-03T17:26:49.094379,3899,0.232,0.008,0.000,17.9
2026-08-03T17:26:49.162249,3900,0.231,0.008,0.000,15.0
2026-08-03T17:26:49.171914,3901,0.230,0.009,0.000,112.2
2026-08-03T17:26:49.231576,3902,0.231,0.009,0.000,17.0
2026-08-03T17:26:49.325313,3903,0.232,0.009,0.000,10.8
2026-08-03T17:26:49.334446,3904,0.232,0.009,0.000,121.3
2026-08-03T17:26:49.394578,3905,0.232,0.009,0.000,16.9
2026-08-03T17:26:49.462363,3906,0.234,0.009,0.000,15.0
2026-08-03T17:26:49.494379,3907,0.205,0.009,0.000,31.9
2026-08-03T17:26:49.532184,3908,0.179,0.009,0.000,27.5
2026-08-03T17:26:49.624655,3909,0.168,0.009,0.000,10.9
2026-08-03T17:26:49.637555,3910,0.162,0.008,0.000,89.9
2026-08-03T17:26:49.695397,3911,0.163,0.008,0.000,17.7
2026-08-03T17:26:49.763287,3912,0.167,0.008,0.000,15.0
2026-08-03T17:26:49.771800,3913,0.178,0.007,0.000,128.2
2026-08-03T17:26:49.826917,3914,0.181,0.007,0.000,18.4
2026-08-03T17:26:49.892152,3915,0.169,0.007,0.000,15.7
2026-08-03T17:26:49.926721,3916,0.057,0.010,0.000,29.8
2026-08-03T17:26:49.962307,3917,0.019,0.013,0.000,29.0
2026-08-03T17:26:50.058967,3918,0.007,0.014,0.000,10.5
2026-08-03T17:26:50.070168,3919,0.016,0.016,0.000,95.1
2026-08-03T17:26:50.127508,3920,0.023,0.011,0.000,17.9
2026-08-03T17:26:50.195486,3921,0.013,0.011,0.000,15.0
2026-08-03T17:26:50.205493,3922,0.028,0.010,0.000,107.7
2026-08-03T17:26:50.258416,3923,0.052,0.011,0.000,19.2
2026-08-03T17:26:50.327517,3924,0.061,0.011,0.000,14.8
2026-08-03T17:26:50.336402,3925,0.073,0.012,0.000,122.4
2026-08-03T17:26:50.394372,3926,0.074,0.015,0.000,17.6
2026-08-03T17:26:50.487687,3927,0.082,0.017,0.000,10.9
2026-08-03T17:26:50.498564,3928,0.080,0.019,0.000,98.2
2026-08-03T17:26:50.559560,3929,0.085,0.015,0.000,16.7
2026-08-03T17:26:50.625842,3930,0.091,0.013,0.000,15.3
2026-08-03T17:26:50.657131,3931,0.093,0.012,0.000,32.7
2026-08-03T17:26:50.696320,3932,0.093,0.012,0.000,26.3
2026-08-03T17:26:50.791252,3933,0.091,0.012,0.000,10.8
2026-08-03T17:26:50.800586,3934,0.091,0.013,0.000,116.3
2026-08-03T17:26:50.858708,3935,0.089,0.014,0.000,17.4
2026-08-03T17:26:50.920381,3936,0.086,0.014,0.000,16.5
2026-08-03T17:26:50.930863,3937,0.081,0.014,0.000,102.2
2026-08-03T17:26:50.990772,3938,0.074,0.014,0.000,17.0
2026-08-03T17:26:51.059117,3939,0.071,0.014,0.000,14.9
2026-08-03T17:26:51.091054,3940,0.070,0.016,0.000,32.0
2026-08-03T17:26:51.127533,3941,0.073,0.016,0.000,28.0
2026-08-03T17:26:51.226322,3942,0.073,0.015,0.000,10.2
2026-08-03T17:26:51.235410,3943,0.073,0.018,0.000,124.1
2026-08-03T17:26:51.288557,3944,0.069,0.020,0.000,19.3
2026-08-03T17:26:51.356591,3945,0.071,0.018,0.000,14.9
2026-08-03T17:26:51.389915,3946,0.061,0.018,0.000,30.7
2026-08-03T17:26:51.421218,3947,0.060,0.020,0.000,32.7
2026-08-03T17:26:51.490982,3948,0.061,0.020,0.000,14.5
2026-08-03T17:26:51.501702,3949,0.055,0.020,0.000,100.1
2026-08-03T17:26:51.559231,3950,0.051,0.020,0.000,17.6
2026-08-03T17:26:51.655438,3951,0.050,0.027,0.000,10.5
2026-08-03T17:26:51.664483,3952,0.048,0.023,0.000,119.5
2026-08-03T17:26:51.719590,3953,0.049,0.022,0.000,18.4
2026-08-03T17:26:51.788192,3954,0.050,0.020,0.000,14.7
2026-08-03T17:26:51.822478,3955,0.046,0.024,0.000,29.8
2026-08-03T17:26:51.858586,3956,0.044,0.023,0.000,28.4
2026-08-03T17:26:51.955271,3957,0.053,0.021,0.000,10.5
2026-08-03T17:26:51.964281,3958,0.066,0.018,0.000,120.8
2026-08-03T17:26:52.022414,3959,0.110,0.015,0.000,17.4
2026-08-03T17:26:52.085891,3960,0.141,0.014,0.000,15.9
2026-08-03T17:26:52.098123,3961,0.175,0.011,0.000,95.2
2026-08-03T17:26:52.155581,3962,0.206,0.011,0.000,17.9
2026-08-03T17:26:52.228380,3963,0.213,0.011,0.000,14.1
2026-08-03T17:26:52.250578,3964,0.222,0.010,0.000,46.5
2026-08-03T17:26:52.290368,3965,0.227,0.008,0.000,25.8
2026-08-03T17:26:52.383971,3966,0.232,0.008,0.000,10.8
2026-08-03T17:26:52.396453,3967,0.234,0.008,0.000,92.1
2026-08-03T17:26:52.454397,3968,0.238,0.008,0.000,17.7
2026-08-03T17:26:52.521624,3969,0.243,0.008,0.000,15.1
2026-08-03T17:26:52.530851,3970,0.244,0.007,0.000,118.4
2026-08-03T17:26:52.585923,3971,0.251,0.007,0.000,18.6
2026-08-03T17:26:52.652014,3972,0.252,0.007,0.000,15.4
2026-08-03T17:26:52.663633,3973,0.249,0.007,0.000,91.5
2026-08-03T17:26:52.722097,3974,0.251,0.008,0.000,17.5
2026-08-03T17:26:52.815997,3975,0.256,0.007,0.000,10.8
2026-08-03T17:26:52.826057,3976,0.256,0.008,0.000,107.3
2026-08-03T17:26:52.886019,3977,0.254,0.010,0.000,16.9
2026-08-03T17:26:52.952225,3978,0.259,0.009,0.000,15.4
2026-08-03T17:26:52.987592,3979,0.264,0.010,0.000,28.8
2026-08-03T17:26:53.023166,3980,0.265,0.010,0.000,28.9
2026-08-03T17:26:53.114902,3981,0.270,0.008,0.000,11.0
2026-08-03T17:26:53.126229,3982,0.273,0.009,0.000,100.5
2026-08-03T17:26:53.186450,3983,0.152,0.010,0.000,16.9
2026-08-03T17:26:53.251992,3984,0.080,0.015,0.000,15.5
2026-08-03T17:26:53.264305,3985,0.046,0.014,0.000,86.6
2026-08-03T17:26:53.318117,3986,0.026,0.013,0.000,19.2
2026-08-03T17:26:53.386092,3987,0.028,0.009,0.000,15.0
2026-08-03T17:26:53.419765,3988,0.055,0.006,0.000,30.4
2026-08-03T17:26:53.454606,3989,0.083,0.006,0.000,29.5
2026-08-03T17:26:53.547929,3990,0.117,0.005,0.000,10.8
2026-08-03T17:26:53.559689,3991,0.142,0.006,0.000,100.3
2026-08-03T17:26:53.618578,3992,0.175,0.007,0.000,17.3
2026-08-03T17:26:53.685338,3993,0.190,0.004,0.000,15.3
2026-08-03T17:26:53.720210,3994,0.203,0.006,0.000,29.3
2026-08-03T17:26:53.751416,3995,0.214,0.005,0.000,33.8
2026-08-03T17:26:53.817182,3996,0.221,0.005,0.000,15.4
2026-08-03T17:26:53.828165,3997,0.234,0.005,0.000,97.9
2026-08-03T17:26:53.886491,3998,0.243,0.008,0.000,17.4
2026-08-03T17:26:53.981396,3999,0.266,0.010,0.000,10.7
2026-08-03T17:26:53.989710,4000,0.273,0.013,0.000,131.0
2026-08-03T17:26:54.051799,4001,0.260,0.008,0.000,16.4
2026-08-03T17:26:54.120247,4002,0.105,0.008,0.000,14.9
2026-08-03T17:26:54.150891,4003,0.019,0.009,0.000,33.3
2026-08-03T17:26:54.188393,4004,0.017,0.011,0.000,27.4
2026-08-03T17:26:54.282098,4005,0.030,0.015,0.000,10.8
2026-08-03T17:26:54.293103,4006,0.040,0.005,0.000,97.3
2026-08-03T17:26:54.350234,4007,0.087,0.010,0.000,17.8
2026-08-03T17:26:54.418553,4008,0.133,0.004,0.000,14.9
2026-08-03T17:26:54.430620,4009,0.173,0.001,0.000,99.0
2026-08-03T17:26:54.482908,4010,0.213,0.002,0.000,19.5
2026-08-03T17:26:54.549795,4011,0.228,0.001,0.000,15.2
2026-08-03T17:26:54.582321,4012,0.225,0.006,0.000,31.6
2026-08-03T17:26:54.618626,4013,0.226,0.003,0.000,28.3
2026-08-03T17:26:54.714314,4014,0.235,0.002,0.000,10.6
2026-08-03T17:26:54.727052,4015,0.228,0.002,0.000,82.9
2026-08-03T17:26:54.781296,4016,0.072,0.004,0.000,18.9
2026-08-03T17:26:54.854085,4017,0.053,0.005,0.000,13.9
2026-08-03T17:26:54.879215,4018,0.075,0.004,0.000,42.1
2026-08-03T17:26:54.915016,4019,0.073,0.000,0.000,28.5
2026-08-03T17:26:54.980349,4020,0.084,0.000,0.000,15.7
2026-08-03T17:26:54.990903,4021,0.084,0.002,0.000,101.2
2026-08-03T17:26:55.050534,4022,0.162,0.003,0.000,17.1
2026-08-03T17:26:55.145274,4023,0.204,0.004,0.000,10.7
2026-08-03T17:26:55.156333,4024,0.204,0.004,0.000,97.1
2026-08-03T17:26:55.214179,4025,0.210,0.003,0.000,17.5
2026-08-03T17:26:55.283428,4026,0.214,0.002,0.000,14.7
2026-08-03T17:26:55.313139,4027,0.211,0.003,0.000,34.6
2026-08-03T17:26:55.350463,4028,0.209,0.003,0.000,27.5
2026-08-03T17:26:55.446387,4029,0.205,0.003,0.000,10.5
2026-08-03T17:26:55.455621,4030,0.204,0.003,0.000,117.1
2026-08-03T17:26:55.514440,4031,0.201,0.003,0.000,17.3
2026-08-03T17:26:55.579700,4032,0.200,0.003,0.000,15.5
2026-08-03T17:26:55.588290,4033,0.199,0.003,0.000,127.2
2026-08-03T17:26:55.645836,4034,0.200,0.004,0.000,17.7
2026-08-03T17:26:55.717131,4035,0.201,0.004,0.000,14.2
2026-08-03T17:26:55.744948,4036,0.202,0.005,0.000,36.9
2026-08-03T17:26:55.781861,4037,0.205,0.005,0.000,27.7
2026-08-03T17:26:55.879768,4038,0.207,0.004,0.000,10.3
2026-08-03T17:26:55.889125,4039,0.209,0.005,0.000,117.0
2026-08-03T17:26:55.946538,4040,0.204,0.005,0.000,17.8
2026-08-03T17:26:56.016992,4041,0.204,0.004,0.000,14.4
2026-08-03T17:26:56.044035,4042,0.204,0.003,0.000,37.9
2026-08-03T17:26:56.078577,4043,0.204,0.004,0.000,29.8
2026-08-03T17:26:56.147339,4044,0.202,0.003,0.000,14.7
2026-08-03T17:26:56.157760,4045,0.202,0.003,0.000,103.3
2026-08-03T17:26:56.214008,4046,0.199,0.003,0.000,18.3
2026-08-03T17:26:56.311328,4047,0.198,0.003,0.000,10.4
2026-08-03T17:26:56.320783,4048,0.196,0.004,0.000,114.4
2026-08-03T17:26:56.379856,4049,0.206,0.004,0.000,17.3
2026-08-03T17:26:56.446632,4050,0.206,0.005,0.000,15.2
2026-08-03T17:26:56.479885,4051,0.211,0.003,0.000,30.7
2026-08-03T17:26:56.515757,4052,0.212,0.003,0.000,29.4
2026-08-03T17:26:56.613300,4053,0.214,0.004,0.000,10.4
2026-08-03T17:26:56.622265,4054,0.215,0.005,0.000,120.8
2026-08-03T17:26:56.679847,4055,0.216,0.004,0.000,18.1
2026-08-03T17:26:56.745125,4056,0.218,0.003,0.000,15.7
2026-08-03T17:26:56.753785,4057,0.218,0.003,0.000,126.9
2026-08-03T17:26:56.810475,4058,0.219,0.003,0.000,17.9
2026-08-03T17:26:56.879336,4059,0.220,0.003,0.000,14.8
2026-08-03T17:26:56.910705,4060,0.230,0.002,0.000,32.6
2026-08-03T17:26:56.947834,4061,0.231,0.002,0.000,27.9
2026-08-03T17:26:57.041360,4062,0.232,0.002,0.000,10.9
2026-08-03T17:26:57.050839,4063,0.233,0.003,0.000,113.1
2026-08-03T17:26:57.111441,4064,0.233,0.002,0.000,17.3
2026-08-03T17:26:57.183212,4065,0.232,0.003,0.000,14.2
2026-08-03T17:26:57.208539,4066,0.234,0.002,0.000,40.9
2026-08-03T17:26:57.242739,4067,0.235,0.002,0.000,30.4
2026-08-03T17:26:57.309222,4068,0.235,0.002,0.000,15.2
2026-08-03T17:26:57.319947,4069,0.234,0.002,0.000,99.9
2026-08-03T17:26:57.378244,4070,0.235,0.003,0.000,17.4
2026-08-03T17:26:57.473553,4071,0.238,0.002,0.000,10.6
2026-08-03T17:26:57.484227,4072,0.238,0.002,0.000,100.1
2026-08-03T17:26:57.541573,4073,0.236,0.001,0.000,17.9
2026-08-03T17:26:57.612822,4074,0.236,0.001,0.000,14.3
2026-08-03T17:26:57.640600,4075,0.241,0.001,0.000,37.2
2026-08-03T17:26:57.680738,4076,0.239,0.001,0.000,25.5
2026-08-03T17:26:57.774509,4077,0.247,0.002,0.000,10.8
2026-08-03T17:26:57.784432,4078,0.234,0.002,0.000,126.2
2026-08-03T17:26:57.841989,4079,0.239,0.002,0.000,17.6
2026-08-03T17:26:57.908496,4080,0.233,0.003,0.000,15.5
2026-08-03T17:26:57.917870,4081,0.231,0.003,0.000,121.8
2026-08-03T17:26:57.976845,4082,0.234,0.004,0.000,17.2
2026-08-03T17:26:58.039783,4083,0.234,0.003,0.000,16.2
2026-08-03T17:26:58.075287,4084,0.234,0.004,0.000,28.9
2026-08-03T17:26:58.111686,4085,0.234,0.004,0.000,28.3
2026-08-03T17:26:58.208428,4086,0.234,0.003,0.000,10.5
2026-08-03T17:26:58.218980,4087,0.210,0.003,0.000,103.1
2026-08-03T17:26:58.274095,4088,0.189,0.004,0.000,18.6
2026-08-03T17:26:58.337704,4089,0.189,0.006,0.000,16.1
2026-08-03T17:26:58.346723,4090,0.194,0.006,0.000,119.3
2026-08-03T17:26:58.407584,4091,0.200,0.004,0.000,16.7
2026-08-03T17:26:58.482279,4092,0.203,0.004,0.000,13.6
2026-08-03T17:26:58.491833,4093,0.206,0.004,0.000,114.1
2026-08-03T17:26:58.542945,4094,0.206,0.004,0.000,20.1
2026-08-03T17:26:58.637687,4095,0.226,0.004,0.000,10.7
2026-08-03T17:26:58.648534,4096,0.223,0.004,0.000,98.6
2026-08-03T17:26:58.706768,4097,0.182,0.007,0.000,17.5
2026-08-03T17:26:58.779088,4098,0.164,0.008,0.000,14.0
2026-08-03T17:26:58.806265,4099,0.146,0.007,0.000,37.8
2026-08-03T17:26:58.843807,4100,0.115,0.005,0.000,27.8
2026-08-03T17:26:58.942895,4101,0.020,0.005,0.000,10.2
2026-08-03T17:26:58.951522,4102,0.016,0.005,0.000,125.8
2026-08-03T17:26:59.007753,4103,0.037,0.006,0.000,18.1
2026-08-03T17:26:59.074480,4104,0.048,0.006,0.000,15.4
2026-08-03T17:26:59.083973,4105,0.087,0.006,0.000,114.9
2026-08-03T17:26:59.137993,4106,0.143,0.006,0.000,18.8
2026-08-03T17:26:59.206304,4107,0.170,0.005,0.000,14.8
2026-08-03T17:26:59.238185,4108,0.203,0.004,0.000,32.1
2026-08-03T17:26:59.276067,4109,0.211,0.003,0.000,27.1
2026-08-03T17:26:59.372307,4110,0.210,0.001,0.000,10.5
2026-08-03T17:26:59.381056,4111,0.212,0.003,0.000,125.5
2026-08-03T17:26:59.439173,4112,0.227,0.001,0.000,17.7
2026-08-03T17:26:59.506508,4113,0.229,0.002,0.000,15.1
2026-08-03T17:26:59.537730,4114,0.232,0.003,0.000,32.7
2026-08-03T17:26:59.572086,4115,0.233,0.003,0.000,30.1
2026-08-03T17:26:59.636941,4116,0.232,0.003,0.000,15.6
2026-08-03T17:26:59.646204,4117,0.232,0.003,0.000,121.2
2026-08-03T17:26:59.707528,4118,0.230,0.002,0.000,16.6
2026-08-03T17:26:59.801183,4119,0.232,0.001,0.000,10.8
2026-08-03T17:26:59.811381,4120,0.228,0.002,0.000,107.9
2026-08-03T17:26:59.870087,4121,0.224,0.003,0.000,17.5
2026-08-03T17:26:59.935775,4122,0.226,0.003,0.000,15.6
2026-08-03T17:26:59.972197,4123,0.227,0.004,0.000,28.0
2026-08-03T17:27:00.007649,4124,0.189,0.007,0.000,29.5
2026-08-03T17:27:00.103809,4125,0.030,0.014,0.000,10.6
2026-08-03T17:27:00.115581,4126,0.024,0.030,0.000,90.4
2026-08-03T17:27:00.170622,4127,0.038,0.028,0.000,18.4
2026-08-03T17:27:00.235536,4128,0.061,0.018,0.000,15.7
2026-08-03T17:27:00.246274,4129,0.097,0.012,0.000,99.7
2026-08-03T17:27:00.303228,4130,0.143,0.006,0.000,17.8
2026-08-03T17:27:00.368284,4131,0.154,0.009,0.000,15.6
2026-08-03T17:27:00.402975,4132,0.182,0.008,0.000,29.5
2026-08-03T17:27:00.438717,4133,0.197,0.010,0.000,28.7
2026-08-03T17:27:00.531702,4134,0.225,0.003,0.000,10.9
2026-08-03T17:27:00.545309,4135,0.235,0.005,0.000,77.9
2026-08-03T17:27:00.601354,4136,0.242,0.009,0.000,18.3
2026-08-03T17:27:00.667849,4137,0.240,0.009,0.351,15.3
2026-08-03T17:27:00.704124,4138,0.241,0.010,0.351,28.1
2026-08-03T17:27:00.736208,4139,0.246,0.009,0.351,32.4
2026-08-03T17:27:00.803605,4140,0.247,0.008,0.337,15.0
2026-08-03T17:27:00.812913,4141,0.248,0.008,0.337,116.5
2026-08-03T17:27:00.870714,4142,0.101,0.009,0.337,17.8
2026-08-03T17:27:00.967802,4143,0.094,0.011,0.000,10.4
2026-08-03T17:27:00.978619,4144,0.113,0.013,0.000,99.2
2026-08-03T17:27:01.036085,4145,0.124,0.008,0.000,17.7
2026-08-03T17:27:01.103135,4146,0.127,0.007,0.411,15.2
2026-08-03T17:27:01.132440,4147,0.140,0.002,0.411,34.9
2026-08-03T17:27:01.170436,4148,0.137,0.004,0.411,27.0
2026-08-03T17:27:01.272228,4149,0.050,0.005,0.000,9.9
2026-08-03T17:27:01.281155,4150,0.051,0.012,0.000,121.4
2026-08-03T17:27:01.335853,4151,0.091,0.067,0.000,18.5
2026-08-03T17:27:01.399810,4152,0.133,0.038,0.000,16.0
2026-08-03T17:27:01.412161,4153,0.192,0.020,0.000,92.9
2026-08-03T17:27:01.467075,4154,0.252,0.016,0.000,18.6
2026-08-03T17:27:01.533906,4155,0.267,0.018,0.000,15.2
2026-08-03T17:27:01.568531,4156,0.289,0.014,0.000,29.6
2026-08-03T17:27:01.602491,4157,0.299,0.008,0.000,30.4
2026-08-03T17:27:01.698523,4158,0.299,0.006,0.000,10.5
2026-08-03T17:27:01.706927,4159,0.316,0.010,0.000,128.5
2026-08-03T17:27:01.766638,4160,0.308,0.014,0.000,17.0
2026-08-03T17:27:01.835560,4161,0.309,0.002,0.000,14.7
2026-08-03T17:27:01.864669,4162,0.299,0.009,0.000,35.2
2026-08-03T17:27:01.898337,4163,0.304,0.008,0.000,30.6
2026-08-03T17:27:01.968085,4164,0.305,0.005,0.000,14.5
2026-08-03T17:27:01.978308,4165,0.298,0.002,0.000,105.2
2026-08-03T17:27:02.034766,4166,0.278,0.006,0.000,18.0
2026-08-03T17:27:02.131443,4167,0.259,0.008,0.000,10.4
2026-08-03T17:27:02.140848,4168,0.262,0.011,0.000,116.8
2026-08-03T17:27:02.197111,4169,0.269,0.013,0.000,18.1
2026-08-03T17:27:02.269040,4170,0.255,0.009,0.000,14.1
2026-08-03T17:27:02.295969,4171,0.257,0.008,0.000,38.0
2026-08-03T17:27:02.333116,4172,0.257,0.011,0.000,27.7
2026-08-03T17:27:02.429546,4173,0.257,0.013,0.000,10.4
2026-08-03T17:27:02.439881,4174,0.254,0.014,0.000,104.5
2026-08-03T17:27:02.501285,4175,0.260,0.014,0.000,16.5
2026-08-03T17:27:02.561081,4176,0.263,0.040,0.000,17.0
2026-08-03T17:27:02.572676,4177,0.256,0.066,0.000,92.2
2026-08-03T17:27:02.630650,4178,0.259,0.124,0.000,17.6
2026-08-03T17:27:02.699734,4179,0.259,0.118,0.000,14.8
2026-08-03T17:27:02.726783,4180,0.252,0.087,0.000,38.0
2026-08-03T17:27:02.766959,4181,0.253,0.060,0.000,25.9
2026-08-03T17:27:02.864091,4182,0.254,0.028,0.000,10.5
2026-08-03T17:27:02.875022,4183,0.255,0.021,0.000,97.3
2026-08-03T17:27:02.932144,4184,0.250,0.017,0.000,17.8
2026-08-03T17:27:02.999698,4185,0.251,0.012,0.000,15.0
2026-08-03T17:27:03.030552,4186,0.254,0.014,0.000,33.3
2026-08-03T17:27:03.065061,4187,0.252,0.007,0.000,29.9
2026-08-03T17:27:03.131512,4188,0.250,0.006,0.000,15.3
2026-08-03T17:27:03.142710,4189,0.250,0.007,0.000,95.5
2026-08-03T17:27:03.199533,4190,0.249,0.008,0.000,17.9
2026-08-03T17:27:03.293329,4191,0.241,0.007,0.000,10.8
2026-08-03T17:27:03.301158,4192,0.241,0.008,0.000,140.4
2026-08-03T17:27:03.361677,4193,0.246,0.006,0.000,16.7
2026-08-03T17:27:03.429156,4194,0.247,0.006,0.000,15.0
2026-08-03T17:27:03.462763,4195,0.244,0.004,0.000,30.4
2026-08-03T17:27:03.497596,4196,0.246,0.004,0.000,29.9
2026-08-03T17:27:03.595271,4197,0.252,0.005,0.000,10.3
2026-08-03T17:27:03.605942,4198,0.254,0.006,0.000,100.8
2026-08-03T17:27:03.661515,4199,0.256,0.004,0.000,18.2
2026-08-03T17:27:03.727812,4200,0.254,0.003,0.000,15.3
2026-08-03T17:27:03.737452,4201,0.246,0.002,0.000,112.8
2026-08-03T17:27:03.794709,4202,0.246,0.002,0.000,17.7
2026-08-03T17:27:03.860821,4203,0.242,0.003,0.000,15.3
2026-08-03T17:27:03.893859,4204,0.243,0.001,0.000,31.0
2026-08-03T17:27:03.929851,4205,0.243,0.003,0.000,28.4
2026-08-03T17:27:04.023108,4206,0.245,0.005,0.000,10.8
2026-08-03T17:27:04.035497,4207,0.243,0.006,0.000,84.9
2026-08-03T17:27:04.094313,4208,0.245,0.008,0.000,17.5
2026-08-03T17:27:04.160305,4209,0.245,0.007,0.000,15.5
2026-08-03T17:27:04.196659,4210,0.242,0.008,0.000,28.1
2026-08-03T17:27:04.226472,4211,0.236,0.012,0.000,35.2
2026-08-03T17:27:04.293742,4212,0.234,0.013,0.000,15.1
2026-08-03T17:27:04.305994,4213,0.239,0.013,0.000,94.7
2026-08-03T17:27:04.362034,4214,0.239,0.011,0.000,18.3
2026-08-03T17:27:04.456505,4215,0.239,0.009,0.000,10.7
2026-08-03T17:27:04.468079,4216,0.238,0.008,0.000,92.0
2026-08-03T17:27:04.527892,4217,0.239,0.010,0.000,16.9
2026-08-03T17:27:04.596033,4218,0.234,0.009,0.000,15.0
2026-08-03T17:27:04.628233,4219,0.240,0.009,0.000,31.7
2026-08-03T17:27:04.662980,4220,0.238,0.009,0.000,29.5
2026-08-03T17:27:04.762784,4221,0.243,0.008,0.000,10.1
2026-08-03T17:27:04.773077,4222,0.240,0.007,0.000,110.2
2026-08-03T17:27:04.828183,4223,0.243,0.006,0.000,18.4
2026-08-03T17:27:04.896817,4224,0.243,0.005,0.000,14.9
2026-08-03T17:27:04.907444,4225,0.243,0.004,0.000,102.9
2026-08-03T17:27:04.958851,4226,0.238,0.004,0.000,19.9
2026-08-03T17:27:05.025814,4227,0.240,0.003,0.000,15.2
2026-08-03T17:27:05.058557,4228,0.239,0.003,0.000,32.3
2026-08-03T17:27:05.096011,4229,0.240,0.003,0.000,27.7
2026-08-03T17:27:05.195675,4230,0.241,0.003,0.000,10.1
2026-08-03T17:27:05.204713,4231,0.241,0.003,0.000,119.6
2026-08-03T17:27:05.259187,4232,0.243,0.003,0.000,18.8
2026-08-03T17:27:05.327795,4233,0.238,0.003,0.000,14.8
2026-08-03T17:27:05.357917,4234,0.239,0.003,0.000,34.0
2026-08-03T17:27:05.389702,4235,0.239,0.003,0.000,32.3
2026-08-03T17:27:05.463397,4236,0.238,0.003,0.000,13.8
2026-08-03T17:27:05.472544,4237,0.247,0.003,0.000,118.0
2026-08-03T17:27:05.527212,4238,0.256,0.003,0.000,18.5
2026-08-03T17:27:05.626313,4239,0.261,0.003,0.000,10.2
2026-08-03T17:27:05.635983,4240,0.263,0.003,0.000,111.6
2026-08-03T17:27:05.687503,4241,0.267,0.003,0.000,19.7
2026-08-03T17:27:05.762724,4242,0.270,0.003,0.000,13.4
2026-08-03T17:27:05.788253,4243,0.280,0.003,0.000,40.5
2026-08-03T17:27:05.826127,4244,0.282,0.003,0.000,27.1
2026-08-03T17:27:05.919650,4245,0.285,0.003,0.000,10.8
2026-08-03T17:27:05.929087,4246,0.287,0.003,0.000,114.7
2026-08-03T17:27:05.990649,4247,0.285,0.003,0.000,16.5
2026-08-03T17:27:06.054813,4248,0.288,0.003,0.000,15.9
2026-08-03T17:27:06.067173,4249,0.294,0.003,0.000,86.6
2026-08-03T17:27:06.123349,4250,0.299,0.003,0.000,18.3
2026-08-03T17:27:06.196137,4251,0.302,0.003,0.000,13.9
2026-08-03T17:27:06.220511,4252,0.308,0.003,0.000,42.3
2026-08-03T17:27:06.258093,4253,0.307,0.003,0.000,27.3
2026-08-03T17:27:06.357896,4254,0.307,0.003,0.000,10.1
2026-08-03T17:27:06.367319,4255,0.307,0.003,0.000,113.7
2026-08-03T17:27:06.422483,4256,0.307,0.003,0.000,18.5
2026-08-03T17:27:06.488856,4257,0.308,0.003,0.000,15.4
2026-08-03T17:27:06.523542,4258,0.308,0.003,0.000,29.5
2026-08-03T17:27:06.555083,4259,0.307,0.003,0.000,32.9
2026-08-03T17:27:06.625490,4260,0.305,0.003,0.000,14.5
2026-08-03T17:27:06.636439,4261,0.304,0.003,0.000,97.2
2026-08-03T17:27:06.691665,4262,0.305,0.002,0.000,18.3
2026-08-03T17:27:06.790377,4263,0.306,0.001,0.000,10.2
2026-08-03T17:27:06.799400,4264,0.306,0.001,0.000,121.4
2026-08-03T17:27:06.855385,4265,0.281,0.001,0.000,18.1
2026-08-03T17:27:06.921325,4266,0.276,0.002,0.000,15.5
2026-08-03T17:27:06.953786,4267,0.274,0.003,0.000,31.5
2026-08-03T17:27:06.990894,4268,0.277,0.004,0.000,27.7
2026-08-03T17:27:07.086140,4269,0.275,0.006,0.000,10.6
2026-08-03T17:27:07.096923,4270,0.276,0.005,0.000,99.5
2026-08-03T17:27:07.154551,4271,0.275,0.004,0.000,17.8
2026-08-03T17:27:07.230667,4272,0.275,0.003,0.000,13.4
2026-08-03T17:27:07.240287,4273,0.275,0.001,0.000,113.4
2026-08-03T17:27:07.285722,4274,0.273,0.001,0.000,22.5
2026-08-03T17:27:07.357150,4275,0.272,0.001,0.000,14.2
2026-08-03T17:27:07.386868,4276,0.274,0.001,0.000,34.5
2026-08-03T17:27:07.422755,4277,0.273,0.001,0.000,29.0
2026-08-03T17:27:07.527934,4278,0.272,0.003,0.000,9.6
2026-08-03T17:27:07.537574,4279,0.275,0.003,0.000,113.3
2026-08-03T17:27:07.587391,4280,0.274,0.003,0.000,20.6
2026-08-03T17:27:07.657371,4281,0.273,0.005,0.000,14.5
2026-08-03T17:27:07.682653,4282,0.271,0.006,0.000,40.6
2026-08-03T17:27:07.717826,4283,0.270,0.007,0.000,29.0
2026-08-03T17:27:07.788990,4284,0.270,0.007,0.000,14.3
2026-08-03T17:27:07.797978,4285,0.269,0.007,0.000,123.0
2026-08-03T17:27:07.856106,4286,0.269,0.007,0.000,17.4
2026-08-03T17:27:07.948404,4287,0.268,0.006,0.000,11.0
2026-08-03T17:27:07.959527,4288,0.269,0.004,0.000,95.9
2026-08-03T17:27:08.018940,4289,0.268,0.006,0.000,17.2
2026-08-03T17:27:08.084832,4290,0.271,0.006,0.000,15.4
2026-08-03T17:27:08.119000,4291,0.274,0.008,0.000,29.8
2026-08-03T17:27:08.156754,4292,0.274,0.007,0.000,27.1
2026-08-03T17:27:08.248858,4293,0.119,0.007,0.000,11.0
2026-08-03T17:27:08.260098,4294,0.057,0.007,0.000,95.9
2026-08-03T17:27:08.318642,4295,0.058,0.008,0.000,17.4
2026-08-03T17:27:08.380647,4296,0.068,0.008,0.000,16.5
2026-08-03T17:27:08.392541,4297,0.075,0.008,0.000,89.7
2026-08-03T17:27:08.451374,4298,0.180,0.006,0.000,17.3
2026-08-03T17:27:08.517749,4299,0.210,0.006,0.000,15.3
2026-08-03T17:27:08.549597,4300,0.251,0.006,0.000,32.1
2026-08-03T17:27:08.587528,4301,0.268,0.005,0.000,27.0
2026-08-03T17:27:08.684459,4302,0.282,0.005,0.000,10.4
2026-08-03T17:27:08.693941,4303,0.284,0.004,0.000,112.9
2026-08-03T17:27:08.751310,4304,0.280,0.004,0.000,17.8
2026-08-03T17:27:08.821974,4305,0.263,0.006,0.000,14.4
2026-08-03T17:27:08.847572,4306,0.249,0.006,0.000,40.2
2026-08-03T17:27:08.881980,4307,0.244,0.006,0.000,30.1
2026-08-03T17:27:08.949090,4308,0.241,0.006,0.000,15.2
2026-08-03T17:27:08.959683,4309,0.240,0.006,0.000,101.4
2026-08-03T17:27:09.018593,4310,0.241,0.006,0.000,17.2
2026-08-03T17:27:09.114550,4311,0.244,0.007,0.000,10.5
2026-08-03T17:27:09.125225,4312,0.244,0.007,0.000,102.0
2026-08-03T17:27:09.179970,4313,0.242,0.007,0.000,18.6
2026-08-03T17:27:09.253875,4314,0.243,0.007,0.000,13.7
2026-08-03T17:27:09.280211,4315,0.243,0.008,0.000,39.8
2026-08-03T17:27:09.318947,4316,0.244,0.008,0.000,26.4
2026-08-03T17:27:09.413571,4317,0.242,0.007,0.000,10.6
2026-08-03T17:27:09.424879,4318,0.241,0.008,0.000,94.1
2026-08-03T17:27:09.482398,4319,0.241,0.007,0.000,17.6
2026-08-03T17:27:09.544687,4320,0.242,0.007,0.000,16.4
2026-08-03T17:27:09.555668,4321,0.244,0.007,0.000,98.3
2026-08-03T17:27:09.614437,4322,0.266,0.007,0.000,17.2
2026-08-03T17:27:09.685848,4323,0.282,0.005,0.000,14.3
2026-08-03T17:27:09.712132,4324,0.294,0.006,0.000,39.2
2026-08-03T17:27:09.749290,4325,0.296,0.006,0.000,27.8
2026-08-03T17:27:09.847647,4326,0.300,0.006,0.000,10.3
2026-08-03T17:27:09.858675,4327,0.303,0.009,0.000,96.6
2026-08-03T17:27:09.914508,4328,0.300,0.008,0.000,18.4
2026-08-03T17:27:09.985272,4329,0.300,0.008,0.000,14.4
2026-08-03T17:27:10.011409,4330,0.299,0.007,0.000,39.5
2026-08-03T17:27:10.043986,4331,0.298,0.007,0.000,31.4
2026-08-03T17:27:10.120762,4332,0.298,0.007,0.000,13.2
2026-08-03T17:27:10.132445,4333,0.298,0.008,0.000,93.9
2026-08-03T17:27:10.179834,4334,0.299,0.008,0.000,21.5
2026-08-03T17:27:10.290490,4335,0.300,0.008,0.000,9.1
2026-08-03T17:27:10.300635,4336,0.297,0.008,0.000,115.1
2026-08-03T17:27:10.346768,4337,0.281,0.007,0.000,22.5
2026-08-03T17:27:10.419766,4338,0.273,0.007,0.000,13.9
2026-08-03T17:27:10.444310,4339,0.268,0.007,0.000,42.4
2026-08-03T17:27:10.479558,4340,0.269,0.008,0.000,28.9
2026-08-03T17:27:10.581048,4341,0.269,0.008,0.000,9.9
2026-08-03T17:27:10.592726,4342,0.251,0.008,0.000,96.5
2026-08-03T17:27:10.647893,4343,0.244,0.008,0.000,18.4
2026-08-03T17:27:10.708351,4344,0.242,0.008,0.000,16.8
2026-08-03T17:27:10.718616,4345,0.243,0.008,0.000,104.6
2026-08-03T17:27:10.780321,4346,0.241,0.006,0.000,16.5
2026-08-03T17:27:10.849016,4347,0.239,0.007,0.000,14.8
2026-08-03T17:27:10.877718,4348,0.241,0.008,0.000,35.7
2026-08-03T17:27:10.912403,4349,0.240,0.009,0.000,29.5
2026-08-03T17:27:11.012616,4350,0.239,0.008,0.000,10.1
2026-08-03T17:27:11.022073,4351,0.241,0.008,0.000,115.0
2026-08-03T17:27:11.078868,4352,0.240,0.008,0.000,17.9
2026-08-03T17:27:11.148896,4353,0.242,0.008,0.000,14.5
2026-08-03T17:27:11.177788,4354,0.243,0.008,0.000,35.5
2026-08-03T17:27:11.209639,4355,0.243,0.007,0.000,32.3
2026-08-03T17:27:11.280043,4356,0.243,0.008,0.000,14.4
2026-08-03T17:27:11.290302,4357,0.244,0.007,0.000,105.4
2026-08-03T17:27:11.346733,4358,0.246,0.007,0.000,18.1
2026-08-03T17:27:11.444868,4359,0.244,0.009,0.000,10.3
2026-08-03T17:27:11.454209,4360,0.244,0.008,0.000,117.3
2026-08-03T17:27:11.511360,4361,0.242,0.009,0.000,17.8
2026-08-03T17:27:11.581507,4362,0.242,0.010,0.000,14.4
2026-08-03T17:27:11.612034,4363,0.245,0.008,0.000,33.6
2026-08-03T17:27:11.646699,4364,0.243,0.009,0.000,30.2
2026-08-03T17:27:11.749607,4365,0.245,0.007,0.000,9.8
2026-08-03T17:27:11.759748,4366,0.245,0.007,0.000,106.6
2026-08-03T17:27:11.810235,4367,0.244,0.009,0.000,20.2
2026-08-03T17:27:11.878861,4368,0.244,0.011,0.000,14.8
2026-08-03T17:27:11.888525,4369,0.245,0.009,0.000,114.4
2026-08-03T17:27:11.942384,4370,0.244,0.010,0.000,19.0
2026-08-03T17:27:12.012267,4371,0.245,0.009,0.000,14.5
2026-08-03T17:27:12.040166,4372,0.243,0.010,0.000,36.7
2026-08-03T17:27:12.078090,4373,0.242,0.011,0.000,27.1
2026-08-03T17:27:12.175591,4374,0.242,0.012,0.000,10.4
2026-08-03T17:27:12.184353,4375,0.241,0.011,0.000,125.4
2026-08-03T17:27:12.242164,4376,0.241,0.017,0.000,17.6
2026-08-03T17:27:12.311642,4377,0.241,0.025,0.000,14.6
2026-08-03T17:27:12.341105,4378,0.240,0.066,0.000,36.0
2026-08-03T17:27:12.374070,4379,0.240,0.080,0.000,31.2
2026-08-03T17:27:12.442696,4380,0.239,0.099,0.000,14.8
2026-08-03T17:27:12.451757,4381,0.239,0.100,0.000,121.2
2026-08-03T17:27:12.509331,4382,0.239,0.099,0.000,17.7
2026-08-03T17:27:12.611376,4383,0.237,0.085,0.000,9.9
2026-08-03T17:27:12.621886,4384,0.237,0.080,0.000,101.8
2026-08-03T17:27:12.675341,4385,0.237,0.075,0.000,19.0
2026-08-03T17:27:12.740221,4386,0.237,0.078,0.000,15.6
2026-08-03T17:27:12.774407,4387,0.238,0.067,0.000,29.8
2026-08-03T17:27:12.810466,4388,0.238,0.073,0.000,28.5
2026-08-03T17:27:12.912896,4389,0.241,0.075,0.000,9.9
2026-08-03T17:27:12.923277,4390,0.239,0.074,0.000,104.3
2026-08-03T17:27:12.974067,4391,0.239,0.078,0.000,20.4
2026-08-03T17:27:13.042310,4392,0.241,0.073,0.000,14.9
2026-08-03T17:27:13.051803,4393,0.241,0.066,0.000,113.4
2026-08-03T17:27:13.107030,4394,0.243,0.043,0.000,18.5
2026-08-03T17:27:13.171199,4395,0.244,0.028,0.000,15.8
2026-08-03T17:27:13.207117,4396,0.249,0.020,0.000,28.5
2026-08-03T17:27:13.243446,4397,0.252,0.018,0.000,28.5
2026-08-03T17:27:13.338832,4398,0.259,0.043,0.000,10.6
2026-08-03T17:27:13.353047,4399,0.263,0.067,0.000,88.7
2026-08-03T17:27:13.404912,4400,0.270,0.074,0.000,19.6
2026-08-03T17:27:13.476311,4401,0.273,0.072,0.000,14.2
2026-08-03T17:27:13.505145,4402,0.280,0.059,0.000,35.6
2026-08-03T17:27:13.537210,4403,0.278,0.051,0.000,32.4
2026-08-03T17:27:13.609122,4404,0.282,0.031,0.000,14.1
2026-08-03T17:27:13.617215,4405,0.286,0.016,0.000,134.8
2026-08-03T17:27:13.673058,4406,0.287,0.014,0.000,18.2
2026-08-03T17:27:13.779650,4407,0.290,0.020,0.000,9.5
2026-08-03T17:27:13.789836,4408,0.291,0.043,0.000,117.0
2026-08-03T17:27:13.839350,4409,0.139,0.067,0.000,20.5
2026-08-03T17:27:13.911227,4410,0.060,0.075,0.000,14.1
2026-08-03T17:27:13.936185,4411,0.087,0.106,0.000,41.7
2026-08-03T17:27:13.975951,4412,0.104,0.098,0.000,26.0
2026-08-03T17:27:14.081227,4413,0.186,0.088,0.000,9.6
2026-08-03T17:27:14.091490,4414,0.235,0.083,0.000,105.1
2026-08-03T17:27:14.139459,4415,0.250,0.100,0.000,21.4
2026-08-03T17:27:14.203862,4416,0.269,0.079,0.000,15.8
2026-08-03T17:27:14.213527,4417,0.289,0.086,0.000,111.8
2026-08-03T17:27:14.270899,4418,0.312,0.074,0.000,17.6
2026-08-03T17:27:14.339814,4419,0.318,0.066,0.000,14.8
2026-08-03T17:27:14.370642,4420,0.320,0.072,0.000,33.4
2026-08-03T17:27:14.406178,4421,0.320,0.063,0.000,29.0
2026-08-03T17:27:14.502401,4422,0.326,0.057,0.000,10.5
2026-08-03T17:27:14.512890,4423,0.330,0.034,0.000,101.8
2026-08-03T17:27:14.571056,4424,0.334,0.020,0.000,17.5
2026-08-03T17:27:14.640471,4425,0.330,0.015,0.000,14.7
2026-08-03T17:27:14.672270,4426,0.322,0.010,0.000,32.2
2026-08-03T17:27:14.702054,4427,0.325,0.017,0.000,34.6
2026-08-03T17:27:14.771811,4428,0.322,0.014,0.000,14.5
2026-08-03T17:27:14.781136,4429,0.324,0.007,0.000,116.2
2026-08-03T17:27:14.837357,4430,0.291,0.005,0.000,18.2
2026-08-03T17:27:14.937620,4431,0.068,0.002,0.000,10.1
2026-08-03T17:27:14.946313,4432,0.051,0.005,0.000,124.7
2026-08-03T17:27:15.001725,4433,0.054,0.067,0.000,18.3
2026-08-03T17:27:15.072117,4434,0.063,0.060,0.000,14.4
2026-08-03T17:27:15.099821,4435,0.102,0.051,0.000,37.1
2026-08-03T17:27:15.139343,4436,0.112,0.039,0.000,25.9
2026-08-03T17:27:15.235243,4437,0.171,0.040,0.000,10.6
2026-08-03T17:27:15.244140,4438,0.188,0.025,0.000,123.7
2026-08-03T17:27:15.303468,4439,0.187,0.040,0.000,17.1
2026-08-03T17:27:15.364512,4440,0.210,0.049,0.000,16.8
2026-08-03T17:27:15.376330,4441,0.221,0.038,0.000,92.7
2026-08-03T17:27:15.435667,4442,0.234,0.025,0.000,17.1
2026-08-03T17:27:15.502992,4443,0.230,0.032,0.000,15.0
2026-08-03T17:27:15.533634,4444,0.238,0.028,0.000,33.5
2026-08-03T17:27:15.568770,4445,0.233,0.016,0.000,29.2
2026-08-03T17:27:15.667686,4446,0.278,0.003,0.000,10.2
2026-08-03T17:27:15.676650,4447,0.261,0.012,0.000,120.5
2026-08-03T17:27:15.734705,4448,0.215,0.022,0.000,17.5
2026-08-03T17:27:15.801552,4449,0.000,0.000,0.000,15.2
2026-08-03T17:27:15.835333,4450,0.000,0.000,0.000,30.2
2026-08-03T17:27:15.865421,4451,0.000,0.000,0.000,34.9
2026-08-03T17:27:15.936504,4452,0.000,0.000,0.000,14.3
2026-08-03T17:27:15.945280,4453,0.000,0.000,0.000,124.8
2026-08-03T17:27:16.002130,4454,0.000,0.000,0.000,17.9
2026-08-03T17:27:16.099578,4455,0.000,0.000,0.000,10.4
2026-08-03T17:27:16.108004,4456,0.000,0.000,0.000,131.3
2026-08-03T17:27:16.165557,4457,0.000,0.000,0.000,17.7
2026-08-03T17:27:16.233788,4458,0.000,0.000,0.000,14.9
2026-08-03T17:27:16.265616,4459,0.000,0.000,0.000,32.1
2026-08-03T17:27:16.301203,4460,0.000,0.000,0.000,28.8
2026-08-03T17:27:16.400771,4461,0.000,0.000,0.000,10.2
2026-08-03T17:27:16.409731,4462,0.000,0.000,0.000,121.7
2026-08-03T17:27:16.465188,4463,0.000,0.000,0.000,18.4
2026-08-03T17:27:16.535091,4464,0.000,0.000,0.000,14.5
2026-08-03T17:27:16.545669,4465,0.000,0.000,0.000,101.0
2026-08-03T17:27:16.597826,4466,0.000,0.000,0.000,19.5
2026-08-03T17:27:16.670888,4467,0.000,0.000,0.000,13.9
2026-08-03T17:27:16.697725,4468,0.000,0.000,0.000,38.3
2026-08-03T17:27:16.735645,4469,0.000,0.000,0.000,27.1
2026-08-03T17:27:16.829923,4470,0.000,0.000,0.000,10.7
2026-08-03T17:27:16.840017,4471,0.000,0.000,0.000,106.2
2026-08-03T17:27:16.900638,4472,0.047,0.009,0.000,16.8
2026-08-03T17:27:16.964783,4473,0.058,0.010,0.000,15.9
2026-08-03T17:27:16.999034,4474,0.121,0.018,0.000,29.9
2026-08-03T17:27:17.033267,4475,0.103,0.019,0.000,30.1
2026-08-03T17:27:17.096620,4476,0.079,0.018,0.000,16.1
2026-08-03T17:27:17.108496,4477,0.067,0.021,0.000,90.0
2026-08-03T17:27:17.167446,4478,0.046,0.011,0.000,17.8
2026-08-03T17:27:17.261674,4479,0.172,0.006,0.000,10.7
2026-08-03T17:27:17.272790,4480,0.217,0.006,0.000,96.7
2026-08-03T17:27:17.331665,4481,0.241,0.005,0.000,17.4
2026-08-03T17:27:17.396166,4482,0.229,0.011,0.000,15.9
2026-08-03T17:27:17.430449,4483,0.231,0.009,0.000,29.7
2026-08-03T17:27:17.468344,4484,0.234,0.010,0.000,27.2
2026-08-03T17:27:17.564164,4485,0.234,0.009,0.000,10.6
2026-08-03T17:27:17.573979,4486,0.231,0.009,0.000,112.4
2026-08-03T17:27:17.632843,4487,0.231,0.012,0.000,17.2
2026-08-03T17:27:17.697180,4488,0.231,0.011,0.000,15.8
2026-08-03T17:27:17.707723,4489,0.236,0.011,0.000,102.9
2026-08-03T17:27:17.763611,4490,0.248,0.009,0.000,18.2
2026-08-03T17:27:17.829870,4491,0.253,0.010,0.000,15.3
2026-08-03T17:27:17.862573,4492,0.275,0.008,0.000,31.3
2026-08-03T17:27:17.901241,4493,0.287,0.008,0.000,26.4
2026-08-03T17:27:17.994656,4494,0.293,0.007,0.000,10.8
2026-08-03T17:27:18.004891,4495,0.293,0.006,0.000,104.5
2026-08-03T17:27:18.062793,4496,0.289,0.008,0.000,17.6
2026-08-03T17:27:18.134743,4497,0.289,0.008,0.000,14.1
2026-08-03T17:27:18.162247,4498,0.285,0.008,0.000,37.4
2026-08-03T17:27:18.195545,4499,0.285,0.008,0.000,30.8
2026-08-03T17:27:18.264708,4500,0.286,0.008,0.000,14.7
2026-08-03T17:27:18.274789,4501,0.283,0.008,0.000,107.5
2026-08-03T17:27:18.331039,4502,0.283,0.008,0.000,18.2
2026-08-03T17:27:18.423946,4503,0.278,0.007,0.000,10.9
2026-08-03T17:27:18.435747,4504,0.278,0.009,0.000,91.6
2026-08-03T17:27:18.494729,4505,0.281,0.008,0.000,17.4
2026-08-03T17:27:18.562848,4506,0.281,0.009,0.000,14.9
2026-08-03T17:27:18.593822,4507,0.280,0.010,0.000,33.1
2026-08-03T17:27:18.631597,4508,0.280,0.010,0.000,27.2
2026-08-03T17:27:18.724386,4509,0.276,0.009,0.000,10.9
2026-08-03T17:27:18.733314,4510,0.275,0.010,0.000,123.7
2026-08-03T17:27:18.795044,4511,0.067,0.013,0.000,16.5
2026-08-03T17:27:18.859443,4512,0.025,0.017,0.000,15.8
2026-08-03T17:27:18.869919,4513,0.041,0.016,0.000,102.1
2026-08-03T17:27:18.926981,4514,0.036,0.014,0.000,18.0
2026-08-03T17:27:18.995969,4515,0.063,0.014,0.000,14.7
2026-08-03T17:27:19.024827,4516,0.157,0.007,0.000,35.7
2026-08-03T17:27:19.062746,4517,0.226,0.005,0.000,27.3
2026-08-03T17:27:19.160544,4518,0.263,0.001,0.000,10.3
2026-08-03T17:27:19.173230,4519,0.263,0.001,0.000,84.1
2026-08-03T17:27:19.227588,4520,0.268,0.006,0.000,18.9
2026-08-03T17:27:19.295488,4521,0.275,0.006,0.000,15.3
2026-08-03T17:27:19.326801,4522,0.270,0.008,0.000,32.8
2026-08-03T17:27:19.359361,4523,0.279,0.012,0.000,31.5
2026-08-03T17:27:19.425501,4524,0.284,0.015,0.000,15.4
2026-08-03T17:27:19.434466,4525,0.280,0.013,0.000,120.7
2026-08-03T17:27:19.495422,4526,0.118,0.010,0.000,16.7
2026-08-03T17:27:19.589454,4527,0.053,0.013,0.000,10.8
2026-08-03T17:27:19.599850,4528,0.030,0.012,0.000,103.7
2026-08-03T17:27:19.658482,4529,0.112,0.010,0.000,17.2
2026-08-03T17:27:19.726681,4530,0.190,0.005,0.000,15.0
2026-08-03T17:27:19.758906,4531,0.230,0.008,0.000,31.9
2026-08-03T17:27:19.796014,4532,0.221,0.006,0.000,27.9
2026-08-03T17:27:19.892440,4533,0.232,0.001,0.000,10.5
2026-08-03T17:27:19.902033,4534,0.226,0.002,0.000,112.7
2026-08-03T17:27:19.958900,4535,0.250,0.003,0.000,17.9
2026-08-03T17:27:20.020610,4536,0.243,0.003,0.000,16.5
2026-08-03T17:27:20.033192,4537,0.241,0.006,0.000,85.8
2026-08-03T17:27:20.090766,4538,0.269,0.008,0.000,17.7
2026-08-03T17:27:20.156711,4539,0.257,0.026,0.000,15.5
2026-08-03T17:27:20.191863,4540,0.269,0.096,0.000,29.0
2026-08-03T17:27:20.228410,4541,0.264,0.067,0.000,28.2
2026-08-03T17:27:20.319270,4542,0.247,0.023,0.000,11.2
2026-08-03T17:27:20.327628,4543,0.243,0.017,0.000,130.3
2026-08-03T17:27:20.389965,4544,0.228,0.021,0.000,16.3
2026-08-03T17:27:20.457662,4545,0.206,0.042,0.000,15.0
2026-08-03T17:27:20.491716,4546,0.200,0.079,0.000,30.1
2026-08-03T17:27:20.522426,4547,0.194,0.121,0.000,33.9
2026-08-03T17:27:20.603139,4548,0.186,0.093,0.000,12.5
2026-08-03T17:27:20.615106,4549,0.197,0.038,0.000,93.2
2026-08-03T17:27:20.659692,4550,0.211,0.022,0.000,22.9
2026-08-03T17:27:20.753660,4551,0.216,0.019,0.000,10.8
2026-08-03T17:27:20.765150,4552,0.207,0.014,0.000,92.6
2026-08-03T17:27:20.821459,4553,0.196,0.014,0.000,18.2
2026-08-03T17:27:20.896005,4554,0.196,0.017,0.000,13.7
2026-08-03T17:27:20.919460,4555,0.186,0.035,0.000,43.8
2026-08-03T17:27:20.954997,4556,0.189,0.022,0.000,28.8
2026-08-03T17:27:21.057077,4557,0.202,0.031,0.000,9.9
2026-08-03T17:27:21.068642,4558,0.207,0.017,0.000,92.8
2026-08-03T17:27:21.123278,4559,0.218,0.015,0.000,18.6
2026-08-03T17:27:21.183962,4560,0.217,0.012,0.000,16.8
2026-08-03T17:27:21.195312,4561,0.212,0.013,0.000,93.9
2026-08-03T17:27:21.255786,4562,0.254,0.006,0.000,16.8
2026-08-03T17:27:21.321650,4563,0.261,0.003,0.000,15.4
2026-08-03T17:27:21.355935,4564,0.276,0.007,0.000,29.9
2026-08-03T17:27:21.391648,4565,0.275,0.008,0.000,28.8
2026-08-03T17:27:21.484180,4566,0.264,0.010,0.000,10.9
2026-08-03T17:27:21.495219,4567,0.259,0.009,0.000,96.9
2026-08-03T17:27:21.553897,4568,0.242,0.008,0.000,17.4
2026-08-03T17:27:21.619987,4569,0.241,0.008,0.000,15.4
2026-08-03T17:27:21.655512,4570,0.238,0.009,0.000,28.8
2026-08-03T17:27:21.687644,4571,0.062,0.009,0.000,32.3
2026-08-03T17:27:21.751159,4572,0.020,0.009,0.000,16.0
2026-08-03T17:27:21.761810,4573,0.029,0.010,0.000,100.3
2026-08-03T17:27:21.822355,4574,0.210,0.009,0.000,16.8
2026-08-03T17:27:21.920109,4575,0.325,0.009,0.000,10.3
2026-08-03T17:27:21.930829,4576,0.348,0.010,0.000,100.1
2026-08-03T17:27:21.986715,4577,0.355,0.010,0.000,18.2
2026-08-03T17:27:22.052685,4578,0.357,0.010,0.000,15.4
2026-08-03T17:27:22.087515,4579,0.364,0.011,0.000,29.3
2026-08-03T17:27:22.122615,4580,0.373,0.011,0.000,29.6
2026-08-03T17:27:22.219890,4581,0.379,0.011,0.000,10.4
2026-08-03T17:27:22.229026,4582,0.384,0.011,0.000,119.0
2026-08-03T17:27:22.287728,4583,0.386,0.011,0.000,17.5
2026-08-03T17:27:22.349126,4584,0.388,0.011,0.000,16.6
2026-08-03T17:27:22.360792,4585,0.386,0.011,0.000,92.5
2026-08-03T17:27:22.418153,4586,0.385,0.011,0.000,17.8
2026-08-03T17:27:22.484474,4587,0.386,0.011,0.000,15.3
2026-08-03T17:27:22.520492,4588,0.386,0.010,0.000,28.4
2026-08-03T17:27:22.555099,4589,0.385,0.010,0.000,29.6
2026-08-03T17:27:22.649775,4590,0.382,0.011,0.000,10.7
2026-08-03T17:27:22.661467,4591,0.380,0.011,0.000,101.4
2026-08-03T17:27:22.719213,4592,0.379,0.011,0.000,17.7
2026-08-03T17:27:22.786235,4593,0.379,0.010,0.000,15.3
2026-08-03T17:27:22.820773,4594,0.378,0.010,0.000,29.6
2026-08-03T17:27:22.851019,4595,0.377,0.010,0.000,34.2
2026-08-03T17:27:22.917585,4596,0.377,0.010,0.000,15.4
2026-08-03T17:27:22.929126,4597,0.375,0.010,0.000,102.5
2026-08-03T17:27:22.986906,4598,0.375,0.010,0.000,17.5
2026-08-03T17:27:23.081329,4599,0.376,0.010,0.000,10.7
2026-08-03T17:27:23.091845,4600,0.375,0.008,0.000,102.9
2026-08-03T17:27:23.150851,4601,0.364,0.014,0.000,17.2
2026-08-03T17:27:23.220162,4602,0.356,0.014,0.000,14.7
2026-08-03T17:27:23.249651,4603,0.337,0.005,0.000,34.6
2026-08-03T17:27:23.286401,4604,0.337,0.005,0.000,27.9
2026-08-03T17:27:23.378686,4605,0.333,0.001,0.000,10.9
2026-08-03T17:27:23.390337,4606,0.324,0.003,0.000,91.4
2026-08-03T17:27:23.452211,4607,0.328,0.004,0.000,16.5
2026-08-03T17:27:23.518069,4608,0.327,0.005,0.000,15.5
2026-08-03T17:27:23.529130,4609,0.312,0.003,0.000,97.2
2026-08-03T17:27:23.583944,4610,0.211,0.004,0.000,18.5
2026-08-03T17:27:23.652305,4611,0.189,0.011,0.000,14.9
2026-08-03T17:27:23.683675,4612,0.187,0.015,0.000,32.8
2026-08-03T17:27:23.721342,4613,0.188,0.014,0.000,27.2
2026-08-03T17:27:23.812478,4614,0.213,0.010,0.000,11.1
2026-08-03T17:27:23.825686,4615,0.214,0.007,0.000,80.2
2026-08-03T17:27:23.883541,4616,0.212,0.007,0.000,17.6
2026-08-03T17:27:23.951059,4617,0.218,0.007,0.000,15.1
2026-08-03T17:27:23.982875,4618,0.234,0.008,0.000,32.1
2026-08-03T17:27:24.016000,4619,0.241,0.010,0.000,31.3
2026-08-03T17:27:24.082289,4620,0.253,0.009,0.000,15.3
2026-08-03T17:27:24.093072,4621,0.256,0.010,0.000,99.1
2026-08-03T17:27:24.151616,4622,0.253,0.010,0.000,17.3
2026-08-03T17:27:24.246291,4623,0.254,0.009,0.000,10.7
2026-08-03T17:27:24.257098,4624,0.251,0.009,0.000,98.8
2026-08-03T17:27:24.315998,4625,0.252,0.008,0.000,17.5
2026-08-03T17:27:24.386448,4626,0.255,0.008,0.000,14.5
2026-08-03T17:27:24.412857,4627,0.256,0.007,0.000,39.0
2026-08-03T17:27:24.450706,4628,0.256,0.007,0.000,27.6
2026-08-03T17:27:24.545722,4629,0.257,0.007,0.000,10.7
2026-08-03T17:27:24.556053,4630,0.259,0.007,0.000,104.9
2026-08-03T17:27:24.615689,4631,0.263,0.008,0.000,17.2
2026-08-03T17:27:24.686241,4632,0.267,0.007,0.000,14.5
2026-08-03T17:27:24.695967,4633,0.272,0.008,0.000,111.6
2026-08-03T17:27:24.746596,4634,0.273,0.007,0.000,20.3
2026-08-03T17:27:24.816590,4635,0.275,0.007,0.000,14.6
2026-08-03T17:27:24.844352,4636,0.268,0.007,0.000,37.1
2026-08-03T17:27:24.882710,4637,0.268,0.007,0.000,26.7
2026-08-03T17:27:24.977813,4638,0.268,0.007,0.000,10.6
2026-08-03T17:27:24.988472,4639,0.268,0.007,0.000,99.4
2026-08-03T17:27:25.047567,4640,0.268,0.007,0.000,17.2
2026-08-03T17:27:25.118998,4641,0.271,0.006,0.000,14.3
2026-08-03T17:27:25.145219,4642,0.274,0.008,0.000,39.5
2026-08-03T17:27:25.179781,4643,0.271,0.007,0.000,29.7
2026-08-03T17:27:25.246705,4644,0.270,0.007,0.000,15.1
2026-08-03T17:27:25.254898,4645,0.269,0.006,0.000,133.1
2026-08-03T17:27:25.316063,4646,0.270,0.007,0.000,16.6
2026-08-03T17:27:25.409060,4647,0.266,0.008,0.000,10.9
2026-08-03T17:27:25.418137,4648,0.271,0.008,0.000,118.9
2026-08-03T17:27:25.480055,4649,0.272,0.008,0.000,16.4
2026-08-03T17:27:25.549981,4650,0.276,0.007,0.000,14.5
2026-08-03T17:27:25.578388,4651,0.279,0.007,0.000,36.0
2026-08-03T17:27:25.614697,4652,0.280,0.007,0.000,28.3
2026-08-03T17:27:25.709074,4653,0.279,0.007,0.000,10.7
2026-08-03T17:27:25.718118,4654,0.279,0.007,0.000,119.9
2026-08-03T17:27:25.778924,4655,0.284,0.006,0.000,16.7
2026-08-03T17:27:25.843580,4656,0.283,0.006,0.000,15.7
2026-08-03T17:27:25.852879,4657,0.283,0.006,0.000,116.2
2026-08-03T17:27:25.911509,4658,0.285,0.006,0.000,17.3
2026-08-03T17:27:25.978862,4659,0.288,0.006,0.000,15.1
2026-08-03T17:27:26.010305,4660,0.263,0.008,0.000,32.5
2026-08-03T17:27:26.047395,4661,0.218,0.008,0.000,27.5
2026-08-03T17:27:26.138813,4662,0.159,0.009,0.000,11.1
2026-08-03T17:27:26.148691,4663,0.153,0.011,0.000,109.0
2026-08-03T17:27:26.210847,4664,0.041,0.022,0.000,16.4
2026-08-03T17:27:26.276291,4665,0.022,0.017,0.000,15.5
2026-08-03T17:27:26.311408,4666,0.059,0.026,0.000,29.1
2026-08-03T17:27:26.345472,4667,0.087,0.025,0.000,30.2
2026-08-03T17:27:26.406549,4668,0.113,0.027,0.000,16.8
2026-08-03T17:27:26.417698,4669,0.158,0.030,0.000,95.5
2026-08-03T17:27:26.478672,4670,0.221,0.037,0.000,16.8
2026-08-03T17:27:26.572167,4671,0.252,0.038,0.000,10.8
2026-08-03T17:27:26.583610,4672,0.268,0.043,0.000,92.9
2026-08-03T17:27:26.644901,4673,0.279,0.063,0.000,16.7
2026-08-03T17:27:26.711066,4674,0.284,0.100,0.000,15.4
2026-08-03T17:27:26.743786,4675,0.295,0.088,0.000,31.2
2026-08-03T17:27:26.780360,4676,0.294,0.091,0.000,28.4
2026-08-03T17:27:26.875206,4677,0.295,0.077,0.000,10.7
2026-08-03T17:27:26.885863,4678,0.294,0.056,0.000,100.8
2026-08-03T17:27:26.943030,4679,0.298,0.034,0.000,17.8
2026-08-03T17:27:27.005726,4680,0.297,0.019,0.000,16.2
2026-08-03T17:27:27.013944,4681,0.297,0.016,0.000,133.1
2026-08-03T17:27:27.075741,4682,0.294,0.011,0.000,16.5
2026-08-03T17:27:27.141294,4683,0.295,0.021,0.000,15.5
2026-08-03T17:27:27.175443,4684,0.297,0.013,0.000,30.0
2026-08-03T17:27:27.212019,4685,0.298,0.014,0.000,27.9
2026-08-03T17:27:27.307886,4686,0.297,0.017,0.000,10.5
2026-08-03T17:27:27.318567,4687,0.298,0.013,0.000,100.1
2026-08-03T17:27:27.375200,4688,0.301,0.013,0.000,18.1
2026-08-03T17:27:27.445708,4689,0.300,0.011,0.000,14.4
2026-08-03T17:27:27.472619,4690,0.300,0.011,0.000,38.2
2026-08-03T17:27:27.506282,4691,0.300,0.009,0.000,30.6
2026-08-03T17:27:27.573761,4692,0.300,0.008,0.000,15.1
2026-08-03T17:27:27.584869,4693,0.301,0.007,0.000,97.2
2026-08-03T17:27:27.642981,4694,0.301,0.007,0.000,17.5
2026-08-03T17:27:27.739933,4695,0.303,0.007,0.000,10.4
2026-08-03T17:27:27.748150,4696,0.294,0.006,0.000,134.9
2026-08-03T17:27:27.806902,4697,0.042,0.008,0.000,17.3
2026-08-03T17:27:27.872864,4698,0.024,0.006,0.000,15.5
2026-08-03T17:27:27.907589,4699,0.068,0.006,0.000,29.4
2026-08-03T17:27:27.943332,4700,0.094,0.005,0.000,28.7
2026-08-03T17:27:28.039949,4701,0.120,0.004,0.000,10.5
2026-08-03T17:27:28.050834,4702,0.151,0.004,0.000,100.3
2026-08-03T17:27:28.107427,4703,0.188,0.004,0.000,17.9
2026-08-03T17:27:28.169945,4704,0.201,0.004,0.000,16.5
2026-08-03T17:27:28.181636,4705,0.209,0.004,0.000,100.0
2026-08-03T17:27:28.240038,4706,0.222,0.004,0.000,17.5
2026-08-03T17:27:28.307817,4707,0.227,0.004,0.000,15.0
2026-08-03T17:27:28.339821,4708,0.234,0.003,0.000,33.1
2026-08-03T17:27:28.376745,4709,0.236,0.004,0.000,27.6
2026-08-03T17:27:28.468766,4710,0.235,0.004,0.000,11.0
2026-08-03T17:27:28.479166,4711,0.236,0.004,0.000,102.5
2026-08-03T17:27:28.539691,4712,0.237,0.009,0.000,16.8
2026-08-03T17:27:28.607673,4713,0.243,0.019,0.000,15.0
2026-08-03T17:27:28.638480,4714,0.259,0.024,0.000,33.3
2026-08-03T17:27:28.671518,4715,0.258,0.183,0.000,31.8
2026-08-03T17:27:28.736938,4716,0.248,0.255,0.000,15.7
2026-08-03T17:27:28.748523,4717,0.234,0.280,0.000,92.7
2026-08-03T17:27:28.807250,4718,0.242,0.392,0.000,17.5
2026-08-03T17:27:28.906870,4719,0.216,0.566,0.000,10.2
2026-08-03T17:27:28.917320,4720,0.225,0.573,0.000,102.7
2026-08-03T17:27:28.970862,4721,0.226,0.606,0.000,19.0
2026-08-03T17:27:29.039853,4722,0.221,0.614,0.000,14.8
2026-08-03T17:27:29.071986,4723,0.221,0.621,0.000,31.7
2026-08-03T17:27:29.108754,4724,0.219,0.628,0.000,28.3
2026-08-03T17:27:29.204280,4725,0.226,0.663,0.000,10.6
2026-08-03T17:27:29.216217,4726,0.229,0.674,0.000,89.0
2026-08-03T17:27:29.272022,4727,0.225,0.662,0.000,18.3
2026-08-03T17:27:29.335844,4728,0.219,0.642,0.000,16.0
2026-08-03T17:27:29.346665,4729,0.219,0.626,0.000,99.0
2026-08-03T17:27:29.404205,4730,0.217,0.577,0.000,17.6
2026-08-03T17:27:29.467569,4731,0.216,0.579,0.000,16.0
2026-08-03T17:27:29.505860,4732,0.215,0.591,0.000,26.7
2026-08-03T17:27:29.539790,4733,0.216,0.604,0.000,30.4
2026-08-03T17:27:29.640131,4734,0.214,0.630,0.000,10.1
2026-08-03T17:27:29.649976,4735,0.213,0.633,0.000,109.6
2026-08-03T17:27:29.702827,4736,0.215,0.654,0.000,19.8
2026-08-03T17:27:29.769510,4737,0.214,0.640,0.000,15.3
2026-08-03T17:27:29.804106,4738,0.212,0.637,0.000,29.5
2026-08-03T17:27:29.836280,4739,0.213,0.652,0.000,32.4
2026-08-03T17:27:29.900464,4740,0.214,0.650,0.000,15.8
2026-08-03T17:27:29.910856,4741,0.213,0.647,0.000,102.8
2026-08-03T17:27:29.971927,4742,0.214,0.648,0.000,16.7
2026-08-03T17:27:30.069658,4743,0.216,0.641,0.000,10.4
2026-08-03T17:27:30.078550,4744,0.217,0.648,0.000,123.1
2026-08-03T17:27:30.136497,4745,0.217,0.645,0.000,17.9
2026-08-03T17:27:30.211843,4746,0.216,0.635,0.000,13.5
2026-08-03T17:27:30.232234,4747,0.217,0.623,0.000,51.6
2026-08-03T17:27:30.270437,4748,0.218,0.613,0.000,26.7
2026-08-03T17:27:30.364750,4749,0.221,0.609,0.000,10.7
2026-08-03T17:27:30.373585,4750,0.221,0.608,0.000,122.5
2026-08-03T17:27:30.434887,4751,0.217,0.593,0.000,17.0
2026-08-03T17:27:30.498271,4752,0.216,0.590,0.000,16.1
2026-08-03T17:27:30.507236,4753,0.213,0.578,0.000,121.2
2026-08-03T17:27:30.567685,4754,0.214,0.535,0.000,17.3
2026-08-03T17:27:30.637171,4755,0.216,0.535,0.000,14.7
2026-08-03T17:27:30.668037,4756,0.220,0.483,0.000,33.1
2026-08-03T17:27:30.701139,4757,0.226,0.433,0.000,31.6
2026-08-03T17:27:30.800106,4758,0.226,0.282,0.000,10.2
2026-08-03T17:27:30.809610,4759,0.231,0.205,0.000,112.7
2026-08-03T17:27:30.866405,4760,0.230,0.083,0.000,17.9
2026-08-03T17:27:30.935468,4761,0.227,0.047,0.000,14.7
2026-08-03T17:27:30.967199,4762,0.222,0.017,0.000,32.3
2026-08-03T17:27:30.997049,4763,0.222,0.011,0.000,34.7
2026-08-03T17:27:31.067958,4764,0.226,0.009,0.000,14.3
2026-08-03T17:27:31.077704,4765,0.228,0.006,0.000,111.0
2026-08-03T17:27:31.135319,4766,0.235,0.005,0.000,17.6
2026-08-03T17:27:31.231444,4767,0.234,0.004,0.000,10.5
2026-08-03T17:27:31.240833,4768,0.241,0.003,0.000,115.8
2026-08-03T17:27:31.298618,4769,0.232,0.003,0.000,17.8
2026-08-03T17:27:31.365200,4770,0.235,0.004,0.000,15.3
2026-08-03T17:27:31.397551,4771,0.234,0.003,0.000,31.6
2026-08-03T17:27:31.435088,4772,0.232,0.004,0.000,27.3
2026-08-03T17:27:31.530835,4773,0.237,0.003,0.000,10.6
2026-08-03T17:27:31.541897,4774,0.238,0.004,0.000,97.7
2026-08-03T17:27:31.598866,4775,0.244,0.005,0.000,18.1
2026-08-03T17:27:31.668311,4776,0.247,0.006,0.000,14.6
2026-08-03T17:27:31.677857,4777,0.249,0.006,0.000,115.1
2026-08-03T17:27:31.730642,4778,0.252,0.007,0.000,19.3
2026-08-03T17:27:31.797639,4779,0.254,0.007,0.000,15.2
2026-08-03T17:27:31.830616,4780,0.258,0.006,0.000,31.0
2026-08-03T17:27:31.867132,4781,0.261,0.006,0.000,28.0
2026-08-03T17:27:31.961053,4782,0.263,0.006,0.000,10.8
2026-08-03T17:27:31.972589,4783,0.266,0.006,0.000,91.6
2026-08-03T17:27:32.031512,4784,0.264,0.006,0.000,17.4
2026-08-03T17:27:32.098110,4785,0.261,0.006,0.000,15.2
2026-08-03T17:27:32.130250,4786,0.263,0.007,0.000,31.8
2026-08-03T17:27:32.163298,4787,0.262,0.006,0.000,31.8
2026-08-03T17:27:32.229755,4788,0.259,0.006,0.000,15.3
2026-08-03T17:27:32.240544,4789,0.184,0.006,0.000,100.3
2026-08-03T17:27:32.298789,4790,0.020,0.006,0.000,17.6
2026-08-03T17:27:32.392145,4791,0.025,0.014,0.000,10.8
2026-08-03T17:27:32.402897,4792,0.029,0.017,0.000,99.9
2026-08-03T17:27:32.462313,4793,0.025,0.143,0.000,17.0
2026-08-03T17:27:32.530036,4794,0.055,0.191,0.000,15.1
2026-08-03T17:27:32.563546,4795,0.130,0.223,0.000,30.4
2026-08-03T17:27:32.598800,4796,0.156,0.264,0.000,28.9
2026-08-03T17:27:32.692115,4797,0.195,0.294,0.000,10.8
2026-08-03T17:27:32.700576,4798,0.207,0.303,0.000,128.4
2026-08-03T17:27:32.762748,4799,0.213,0.319,0.000,16.3
2026-08-03T17:27:32.823481,4800,0.215,0.335,0.000,16.8
2026-08-03T17:27:32.832417,4801,0.208,0.367,0.000,122.9
2026-08-03T17:27:32.894936,4802,0.215,0.406,0.000,16.2
2026-08-03T17:27:32.963892,4803,0.222,0.417,0.000,14.7
2026-08-03T17:27:32.994024,4804,0.218,0.429,0.000,34.1
2026-08-03T17:27:33.033280,4805,0.213,0.440,0.000,26.0
2026-08-03T17:27:33.123521,4806,0.225,0.458,0.000,11.2
2026-08-03T17:27:33.133655,4807,0.222,0.471,0.000,104.9
2026-08-03T17:27:33.195361,4808,0.219,0.477,0.000,16.5
2026-08-03T17:27:33.260331,4809,0.220,0.483,0.000,15.6
2026-08-03T17:27:33.294316,4810,0.217,0.470,0.000,30.1
2026-08-03T17:27:33.328751,4811,0.217,0.473,0.000,30.0
2026-08-03T17:27:33.395889,4812,0.218,0.495,0.000,15.2
2026-08-03T17:27:33.408060,4813,0.218,0.512,0.000,87.7
2026-08-03T17:27:33.463344,4814,0.219,0.528,0.000,19.0
2026-08-03T17:27:33.555590,4815,0.221,0.535,0.000,11.0
2026-08-03T17:27:33.566384,4816,0.221,0.539,0.000,100.5
2026-08-03T17:27:33.626682,4817,0.221,0.549,0.000,16.8
2026-08-03T17:27:33.693002,4818,0.221,0.547,0.000,15.3
2026-08-03T17:27:33.729266,4819,0.217,0.523,0.000,28.1
2026-08-03T17:27:33.762523,4820,0.217,0.521,0.000,30.9
2026-08-03T17:27:33.856213,4821,0.220,0.546,0.000,10.8
2026-08-03T17:27:33.867769,4822,0.217,0.543,0.000,93.9
2026-08-03T17:27:33.925759,4823,0.218,0.533,0.000,17.6
2026-08-03T17:27:33.987123,4824,0.219,0.527,0.000,16.6
2026-08-03T17:27:33.997838,4825,0.220,0.528,0.000,100.8
2026-08-03T17:27:34.058543,4826,0.221,0.544,0.000,16.7
2026-08-03T17:27:34.127984,4827,0.222,0.539,0.000,14.7
2026-08-03T17:27:34.158603,4828,0.224,0.534,0.000,33.4
2026-08-03T17:27:34.194634,4829,0.224,0.524,0.000,28.5
2026-08-03T17:27:34.289518,4830,0.223,0.513,0.000,10.7
2026-08-03T17:27:34.298036,4831,0.225,0.511,0.000,127.0
2026-08-03T17:27:34.358711,4832,0.228,0.494,0.000,17.2
2026-08-03T17:27:34.431170,4833,0.229,0.475,0.000,14.0
2026-08-03T17:27:34.456558,4834,0.234,0.401,0.000,40.7
2026-08-03T17:27:34.490485,4835,0.234,0.339,0.000,30.5
2026-08-03T17:27:34.558361,4836,0.231,0.286,0.000,15.0
2026-08-03T17:27:34.569156,4837,0.231,0.255,0.000,99.1
2026-08-03T17:27:34.627168,4838,0.237,0.235,0.000,17.7
2026-08-03T17:27:34.723692,4839,0.234,0.190,0.000,10.5
2026-08-03T17:27:34.733306,4840,0.234,0.182,0.000,127.1
2026-08-03T17:27:34.790620,4841,0.234,0.138,0.000,17.7
2026-08-03T17:27:34.858711,4842,0.232,0.140,0.000,15.0
2026-08-03T17:27:34.890004,4843,0.230,0.130,0.000,32.8
2026-08-03T17:27:34.926929,4844,0.231,0.122,0.000,28.0
2026-08-03T17:27:35.020793,4845,0.228,0.103,0.000,10.9
2026-08-03T17:27:35.029720,4846,0.228,0.073,0.000,122.7
2026-08-03T17:27:35.091722,4847,0.230,0.036,0.000,16.4
2026-08-03T17:27:35.153075,4848,0.235,0.023,0.000,16.7
2026-08-03T17:27:35.161673,4849,0.241,0.014,0.000,127.3
2026-08-03T17:27:35.221639,4850,0.252,0.008,0.000,16.9
2026-08-03T17:27:35.287973,4851,0.258,0.006,0.000,15.4
2026-08-03T17:27:35.323123,4852,0.265,0.001,0.000,29.1
2026-08-03T17:27:35.361440,4853,0.255,0.001,0.000,27.0
2026-08-03T17:27:35.452844,4854,0.232,0.002,0.000,11.1
2026-08-03T17:27:35.463213,4855,0.227,0.003,0.000,104.2
2026-08-03T17:27:35.523395,4856,0.223,0.008,0.000,17.1
2026-08-03T17:27:35.589526,4857,0.225,0.008,0.000,15.5
2026-08-03T17:27:35.623474,4858,0.228,0.011,0.000,30.1
2026-08-03T17:27:35.654987,4859,0.227,0.010,0.000,32.7
2026-08-03T17:27:35.724442,4860,0.230,0.007,0.000,14.7
2026-08-03T17:27:35.733297,4861,0.220,0.008,0.000,127.7
2026-08-03T17:27:35.791412,4862,0.023,0.010,0.000,17.5
2026-08-03T17:27:35.885984,4863,0.015,0.010,0.000,10.7
2026-08-03T17:27:35.897312,4864,0.016,0.011,0.000,94.1
2026-08-03T17:27:35.956551,4865,0.038,0.010,0.000,17.2
2026-08-03T17:27:36.022552,4866,0.046,0.008,0.000,15.4
2026-08-03T17:27:36.056942,4867,0.071,0.006,0.000,29.7
2026-08-03T17:27:36.092534,4868,0.104,0.004,0.000,29.5
2026-08-03T17:27:36.184362,4869,0.136,0.003,0.000,11.1
2026-08-03T17:27:36.192848,4870,0.152,0.004,0.000,128.8
2026-08-03T17:27:36.254505,4871,0.159,0.005,0.000,16.4
2026-08-03T17:27:36.315786,4872,0.164,0.005,0.000,16.6
2026-08-03T17:27:36.329620,4873,0.169,0.005,0.000,76.3
2026-08-03T17:27:36.386403,4874,0.174,0.005,0.000,17.9
2026-08-03T17:27:36.452531,4875,0.174,0.005,0.000,15.4
2026-08-03T17:27:36.487117,4876,0.177,0.004,0.000,29.5
2026-08-03T17:27:36.523506,4877,0.179,0.004,0.000,28.2
2026-08-03T17:27:36.617165,4878,0.182,0.004,0.000,10.8
2026-08-03T17:27:36.627684,4879,0.179,0.004,0.000,102.0
2026-08-03T17:27:36.687639,4880,0.184,0.004,0.000,17.0
2026-08-03T17:27:36.758362,4881,0.183,0.005,0.000,14.4
2026-08-03T17:27:36.784646,4882,0.187,0.005,0.000,39.7
2026-08-03T17:27:36.818310,4883,0.184,0.005,0.000,30.4
2026-08-03T17:27:36.888370,4884,0.182,0.005,0.000,14.5
2026-08-03T17:27:36.897205,4885,0.175,0.004,0.000,124.1
2026-08-03T17:27:36.956169,4886,0.174,0.004,0.000,17.2
2026-08-03T17:27:37.051699,4887,0.178,0.006,0.000,10.6
2026-08-03T17:27:37.060238,4888,0.177,0.006,0.000,127.8
2026-08-03T17:27:37.120231,4889,0.177,0.009,0.000,16.9
2026-08-03T17:27:37.187414,4890,0.176,0.009,0.000,15.1
2026-08-03T17:27:37.220076,4891,0.175,0.008,0.000,31.3
2026-08-03T17:27:37.251699,4892,0.174,0.008,0.000,32.5
2026-08-03T17:27:37.352851,4893,0.174,0.008,0.000,10.0
2026-08-03T17:27:37.365326,4894,0.173,0.007,0.000,94.2
2026-08-03T17:27:37.418616,4895,0.172,0.105,0.000,19.2
2026-08-03T17:27:37.483238,4896,0.175,0.200,0.000,15.7
2026-08-03T17:27:37.495038,4897,0.165,0.268,0.000,92.7
2026-08-03T17:27:37.551291,4898,0.156,0.349,0.000,18.0
2026-08-03T17:27:37.625686,4899,0.166,0.405,0.000,13.7
2026-08-03T17:27:37.648376,4900,0.175,0.500,0.000,45.5
2026-08-03T17:27:37.686546,4901,0.181,0.552,0.000,26.7
2026-08-03T17:27:37.788138,4902,0.184,0.547,0.000,9.9
2026-08-03T17:27:37.799356,4903,0.184,0.562,0.000,96.8
2026-08-03T17:27:37.850563,4904,0.194,0.575,0.000,19.9
2026-08-03T17:27:37.923748,4905,0.198,0.578,0.000,13.9
2026-08-03T17:27:37.948666,4906,0.206,0.596,0.000,41.6
2026-08-03T17:27:37.981986,4907,0.209,0.603,0.000,30.9
2026-08-03T17:27:38.053656,4908,0.213,0.610,0.000,14.1
2026-08-03T17:27:38.065588,4909,0.219,0.615,0.000,92.3
2026-08-03T17:27:38.120265,4910,0.205,0.597,0.000,18.6
2026-08-03T17:27:38.213871,4911,0.219,0.589,0.000,10.8
2026-08-03T17:27:38.222307,4912,0.220,0.597,0.000,129.4
2026-08-03T17:27:38.283641,4913,0.218,0.612,0.000,16.5
2026-08-03T17:27:38.350724,4914,0.220,0.621,0.000,15.1
2026-08-03T17:27:38.382007,4915,0.217,0.573,0.000,32.6
2026-08-03T17:27:38.418695,4916,0.221,0.583,0.000,28.0
2026-08-03T17:27:38.513364,4917,0.217,0.598,0.000,10.7
2026-08-03T17:27:38.521542,4918,0.218,0.584,0.000,133.1
2026-08-03T17:27:38.582706,4919,0.216,0.581,0.000,16.9
2026-08-03T17:27:38.646107,4920,0.218,0.584,0.000,16.1
2026-08-03T17:27:38.656901,4921,0.221,0.587,0.000,99.0
2026-08-03T17:27:38.715537,4922,0.222,0.590,0.000,17.3
2026-08-03T17:27:38.782109,4923,0.222,0.561,0.000,15.3
2026-08-03T17:27:38.814737,4924,0.222,0.592,0.000,31.4
2026-08-03T17:27:38.851867,4925,0.223,0.580,0.000,27.7
2026-08-03T17:27:38.944222,4926,0.226,0.583,0.000,11.0
2026-08-03T17:27:38.953706,4927,0.235,0.590,0.000,112.8
2026-08-03T17:27:39.014502,4928,0.247,0.600,0.000,16.7
2026-08-03T17:27:39.080443,4929,0.252,0.590,0.000,15.4
2026-08-03T17:27:39.114497,4930,0.256,0.606,0.000,30.0
2026-08-03T17:27:39.148365,4931,0.262,0.612,0.000,30.5
2026-08-03T17:27:39.212127,4932,0.264,0.617,0.000,16.1
2026-08-03T17:27:39.223541,4933,0.263,0.607,0.000,93.2
2026-08-03T17:27:39.283805,4934,0.248,0.618,0.000,16.8
2026-08-03T17:27:39.378978,4935,0.241,0.647,0.000,10.6
2026-08-03T17:27:39.388037,4936,0.239,0.661,0.000,119.8
2026-08-03T17:27:39.443564,4937,0.236,0.671,0.000,18.3
2026-08-03T17:27:39.512994,4938,0.234,0.673,0.000,14.6
2026-08-03T17:27:39.546235,4939,0.239,0.671,0.000,30.7
2026-08-03T17:27:39.584129,4940,0.237,0.670,0.000,27.5
2026-08-03T17:27:39.677429,4941,0.239,0.670,0.000,10.9
2026-08-03T17:27:39.686497,4942,0.239,0.665,0.000,119.2
2026-08-03T17:27:39.748929,4943,0.241,0.651,0.000,16.4
2026-08-03T17:27:39.820155,4944,0.239,0.623,0.000,14.2
2026-08-03T17:27:39.830155,4945,0.240,0.624,0.000,107.8
2026-08-03T17:27:39.877985,4946,0.241,0.549,0.000,21.4
2026-08-03T17:27:39.949359,4947,0.240,0.530,0.000,14.2
2026-08-03T17:27:39.976777,4948,0.241,0.459,0.000,37.4
2026-08-03T17:27:40.014554,4949,0.242,0.430,0.000,27.1
2026-08-03T17:27:40.110626,4950,0.238,0.379,0.000,10.5
2026-08-03T17:27:40.119762,4951,0.236,0.348,0.000,117.8
2026-08-03T17:27:40.178271,4952,0.056,0.273,0.000,17.3
2026-08-03T17:27:40.247836,4953,0.032,0.252,0.000,14.6
2026-08-03T17:27:40.278175,4954,0.035,0.191,0.000,33.8
2026-08-03T17:27:40.310471,4955,0.079,0.152,0.000,32.0
2026-08-03T17:27:40.379675,4956,0.129,0.120,0.000,14.7
2026-08-03T17:27:40.388412,4957,0.177,0.074,0.000,124.5
2026-08-03T17:27:40.447640,4958,0.213,0.048,0.000,17.1
2026-08-03T17:27:40.543196,4959,0.235,0.021,0.000,10.6
2026-08-03T17:27:40.552517,4960,0.243,0.005,0.000,115.9
2026-08-03T17:27:40.611171,4961,0.252,0.001,0.000,17.4
2026-08-03T17:27:40.677930,4962,0.254,0.001,0.000,15.2
2026-08-03T17:27:40.713356,4963,0.254,0.005,0.000,28.8
2026-08-03T17:27:40.748729,4964,0.256,0.003,0.000,29.1
2026-08-03T17:27:40.841445,4965,0.260,0.006,0.000,10.9
2026-08-03T17:27:40.853768,4966,0.260,0.006,0.000,86.4
2026-08-03T17:27:40.910972,4967,0.249,0.003,0.000,18.0
2026-08-03T17:27:40.972539,4968,0.233,0.004,0.000,16.7
2026-08-03T17:27:40.983156,4969,0.228,0.003,0.000,100.8
2026-08-03T17:27:41.043125,4970,0.229,0.003,0.000,16.9
2026-08-03T17:27:41.109410,4971,0.228,0.003,0.000,15.3
2026-08-03T17:27:41.143464,4972,0.227,0.003,0.000,30.0
2026-08-03T17:27:41.178664,4973,0.231,0.004,0.000,29.3
2026-08-03T17:27:41.275679,4974,0.232,0.004,0.000,10.4
2026-08-03T17:27:41.284646,4975,0.236,0.002,0.000,121.0
2026-08-03T17:27:41.343628,4976,0.238,0.002,0.000,17.3
2026-08-03T17:27:41.410987,4977,0.236,0.004,0.000,15.1
2026-08-03T17:27:41.442530,4978,0.236,0.003,0.000,32.4
2026-08-03T17:27:41.474549,4979,0.238,0.003,0.000,32.7
2026-08-03T17:27:41.540632,4980,0.237,0.004,0.000,15.4
2026-08-03T17:27:41.549796,4981,0.238,0.005,0.000,120.9
2026-08-03T17:27:41.611815,4982,0.232,0.004,0.000,16.4
2026-08-03T17:27:41.705167,4983,0.235,0.005,0.000,10.8
2026-08-03T17:27:41.714928,4984,0.232,0.005,0.000,110.1
2026-08-03T17:27:41.775204,4985,0.231,0.011,0.000,17.3
2026-08-03T17:27:41.843363,4986,0.231,0.014,0.000,15.0
2026-08-03T17:27:41.871625,4987,0.232,0.197,0.000,36.2
2026-08-03T17:27:41.910180,4988,0.232,0.260,0.000,26.5
2026-08-03T17:27:42.004622,4989,0.235,0.388,0.000,10.7
2026-08-03T17:27:42.014893,4990,0.239,0.444,0.000,106.5
2026-08-03T17:27:42.075021,4991,0.244,0.570,0.000,16.9
2026-08-03T17:27:42.140098,4992,0.246,0.630,0.000,15.7
2026-08-03T17:27:42.149706,4993,0.238,0.724,0.000,113.0
2026-08-03T17:27:42.207424,4994,0.231,0.811,0.000,17.7
2026-08-03T17:27:42.275204,4995,0.235,0.873,0.000,15.0
2026-08-03T17:27:42.307006,4996,0.252,0.945,0.000,32.2
2026-08-03T17:27:42.343167,4997,0.249,1.018,0.000,28.5
2026-08-03T17:27:42.437594,4998,0.256,0.989,0.000,10.7
2026-08-03T17:27:42.450361,4999,0.258,1.107,0.000,82.3
2026-08-03T17:27:42.507149,5000,0.251,1.098,0.000,18.0
2026-08-03T17:27:42.574484,5001,0.252,1.203,0.000,15.2
2026-08-03T17:27:42.607273,5002,0.264,1.383,0.000,31.2
2026-08-03T17:27:42.640108,5003,0.267,1.330,0.000,31.5
2026-08-03T17:27:42.705266,5004,0.265,1.307,0.000,15.6
2026-08-03T17:27:42.714179,5005,0.260,1.312,0.000,121.3
2026-08-03T17:27:42.772989,5006,0.257,1.359,0.000,17.2
2026-08-03T17:27:42.869319,5007,0.259,1.310,0.000,10.5
2026-08-03T17:27:42.878157,5008,0.261,1.294,0.000,122.3
2026-08-03T17:27:42.938765,5009,0.258,1.292,0.000,16.9
2026-08-03T17:27:43.002985,5010,0.258,1.294,0.000,15.9
2026-08-03T17:27:43.039316,5011,0.259,1.291,0.000,28.2
2026-08-03T17:27:43.075330,5012,0.258,1.318,0.000,28.8
2026-08-03T17:27:43.171159,5013,0.256,1.311,0.000,10.6
2026-08-03T17:27:43.181520,5014,0.256,1.295,0.000,103.4
2026-08-03T17:27:43.238756,5015,0.256,1.266,0.000,17.7
2026-08-03T17:27:43.302079,5016,0.258,1.260,0.000,16.1
2026-08-03T17:27:43.313422,5017,0.258,1.229,0.000,94.9
2026-08-03T17:27:43.370179,5018,0.253,1.022,0.000,17.8
2026-08-03T17:27:43.439648,5019,0.248,0.955,0.000,14.6
2026-08-03T17:27:43.470108,5020,0.246,0.866,0.000,33.7
2026-08-03T17:27:43.508870,5021,0.245,0.823,0.000,26.7
2026-08-03T17:27:43.600590,5022,0.244,0.787,0.000,11.0
2026-08-03T17:27:43.611461,5023,0.245,0.786,0.000,97.6
2026-08-03T17:27:43.669979,5024,0.248,0.812,0.000,17.4
2026-08-03T17:27:43.737038,5025,0.250,0.864,0.000,15.2
2026-08-03T17:27:43.770301,5026,0.258,1.010,0.000,30.7
2026-08-03T17:27:43.803801,5027,0.260,1.060,0.000,30.5
2026-08-03T17:27:43.872724,5028,0.267,1.099,0.000,14.7
2026-08-03T17:27:43.882733,5029,0.270,1.116,0.000,110.6
2026-08-03T17:27:43.938617,5030,0.274,1.107,0.000,18.1
2026-08-03T17:27:44.036388,5031,0.273,1.044,0.000,10.3
2026-08-03T17:27:44.046978,5032,0.271,1.010,0.000,100.9
2026-08-03T17:27:44.103969,5033,0.266,0.799,0.000,17.8
2026-08-03T17:27:44.171252,5034,0.249,0.681,0.000,15.1
2026-08-03T17:27:44.202079,5035,0.258,0.371,0.000,33.2
2026-08-03T17:27:44.237284,5036,0.260,0.300,0.000,29.2
2026-08-03T17:27:44.335918,5037,0.265,0.199,0.000,10.2
2026-08-03T17:27:44.345385,5038,0.267,0.154,0.000,114.9
2026-08-03T17:27:44.403856,5039,0.267,0.023,0.000,17.4
2026-08-03T17:27:44.467193,5040,0.262,0.014,0.000,16.0
2026-08-03T17:27:44.477124,5041,0.260,0.010,0.000,109.1
2026-08-03T17:27:44.535249,5042,0.260,0.008,0.000,17.4
2026-08-03T17:27:44.602427,5043,0.270,0.023,0.000,15.2
2026-08-03T17:27:44.634637,5044,0.277,0.022,0.000,31.8
2026-08-03T17:27:44.671529,5045,0.279,0.019,0.000,27.7
2026-08-03T17:27:44.765217,5046,0.284,0.007,0.000,10.8
2026-08-03T17:27:44.775254,5047,0.283,0.001,0.000,107.1
2026-08-03T17:27:44.835222,5048,0.288,0.004,0.000,16.9
2026-08-03T17:27:44.904900,5049,0.283,0.005,0.000,14.6
2026-08-03T17:27:44.935343,5050,0.288,0.007,0.000,33.6
2026-08-03T17:27:44.967267,5051,0.287,0.004,0.000,32.2
2026-08-03T17:27:45.033908,5052,0.291,0.008,0.000,15.2
2026-08-03T17:27:45.044682,5053,0.293,0.009,0.000,99.1
2026-08-03T17:27:45.103285,5054,0.293,0.007,0.000,17.4
2026-08-03T17:27:45.200028,5055,0.292,0.006,0.000,10.5
2026-08-03T17:27:45.210282,5056,0.290,0.005,0.000,104.0
2026-08-03T17:27:45.268865,5057,0.295,0.008,0.000,17.3
2026-08-03T17:27:45.333622,5058,0.298,0.009,0.000,15.7
2026-08-03T17:27:45.368763,5059,0.307,0.144,0.000,29.1
2026-08-03T17:27:45.405830,5060,0.299,0.222,0.000,27.8
2026-08-03T17:27:45.500732,5061,0.281,0.282,0.000,10.6
2026-08-03T17:27:45.509748,5062,0.268,0.327,0.000,120.7
2026-08-03T17:27:45.567569,5063,0.248,0.515,0.000,18.0
2026-08-03T17:27:45.629136,5064,0.247,0.556,0.000,16.6
2026-08-03T17:27:45.638807,5065,0.243,0.596,0.000,111.4
2026-08-03T17:27:45.700326,5066,0.246,0.672,0.000,16.6
2026-08-03T17:27:45.766310,5067,0.238,0.710,0.000,15.4
2026-08-03T17:27:45.800631,5068,0.225,0.739,0.000,29.9
2026-08-03T17:27:45.836302,5069,0.223,0.758,0.000,28.8
2026-08-03T17:27:45.929631,5070,0.256,0.797,0.000,10.9
2026-08-03T17:27:45.938578,5071,0.253,0.770,0.000,120.0
2026-08-03T17:27:45.999905,5072,0.266,0.780,0.000,17.0
2026-08-03T17:27:46.067728,5073,0.267,0.780,0.000,15.0
2026-08-03T17:27:46.099445,5074,0.268,0.766,0.000,32.3
2026-08-03T17:27:46.131101,5075,0.272,0.777,0.000,32.8
2026-08-03T17:27:46.205060,5076,0.277,0.775,0.000,13.8
2026-08-03T17:27:46.214359,5077,0.274,0.765,0.000,118.2
2026-08-03T17:27:46.266954,5078,0.282,0.764,0.000,19.6
2026-08-03T17:27:46.362921,5079,0.279,0.785,0.000,10.6
2026-08-03T17:27:46.373244,5080,0.280,0.790,0.000,104.6
2026-08-03T17:27:46.431751,5081,0.283,0.783,0.000,17.3
2026-08-03T17:27:46.497355,5082,0.282,0.791,0.000,15.5
2026-08-03T17:27:46.531360,5083,0.281,0.798,0.000,30.0
2026-08-03T17:27:46.567508,5084,0.281,0.801,0.000,28.4
2026-08-03T17:27:46.661635,5085,0.280,0.800,0.000,10.7
2026-08-03T17:27:46.673079,5086,0.280,0.797,0.000,92.9
2026-08-03T17:27:46.729853,5087,0.282,0.809,0.000,18.0
2026-08-03T17:27:46.793774,5088,0.281,0.807,0.000,16.0
2026-08-03T17:27:46.804790,5089,0.283,0.816,0.000,98.6
2026-08-03T17:27:46.865428,5090,0.284,0.806,0.000,16.7
2026-08-03T17:27:46.929954,5091,0.283,0.809,0.000,15.8
2026-08-03T17:27:46.960556,5092,0.284,0.795,0.000,33.4
2026-08-03T17:27:46.999870,5093,0.283,0.800,0.000,26.1
2026-08-03T17:27:47.092706,5094,0.286,0.798,0.000,10.9
2026-08-03T17:27:47.100974,5095,0.287,0.794,0.000,132.2
2026-08-03T17:27:47.164160,5096,0.287,0.790,0.000,16.0
2026-08-03T17:27:47.228887,5097,0.284,0.791,0.000,15.7
2026-08-03T17:27:47.263482,5098,0.285,0.792,0.000,29.6
2026-08-03T17:27:47.296000,5099,0.286,0.800,0.000,32.2
2026-08-03T17:27:47.370119,5100,0.289,0.804,0.000,13.8
2026-08-03T17:27:47.380500,5101,0.292,0.798,0.000,104.1
2026-08-03T17:27:47.430339,5102,0.292,0.795,0.000,20.4
2026-08-03T17:27:47.520865,5103,0.291,0.795,0.000,11.2
2026-08-03T17:27:47.528929,5104,0.292,0.792,0.000,136.2
2026-08-03T17:27:47.594579,5105,0.291,0.786,0.000,15.4
2026-08-03T17:27:47.661253,5106,0.291,0.787,0.000,15.3
2026-08-03T17:27:47.694897,5107,0.288,0.777,0.000,30.4
2026-08-03T17:27:47.732648,5108,0.289,0.764,0.000,27.2
2026-08-03T17:27:47.823417,5109,0.287,0.698,0.000,11.1
2026-08-03T17:27:47.834178,5110,0.287,0.643,0.000,101.5
2026-08-03T17:27:47.894695,5111,0.284,0.598,0.000,16.8
2026-08-03T17:27:47.956273,5112,0.283,0.542,0.000,16.5
2026-08-03T17:27:47.965522,5113,0.286,0.519,0.000,117.8
2026-08-03T17:27:48.026226,5114,0.291,0.425,0.000,16.7
2026-08-03T17:27:48.094802,5115,0.294,0.364,0.000,14.8
2026-08-03T17:27:48.126232,5116,0.296,0.286,0.000,32.6
2026-08-03T17:27:48.162374,5117,0.291,0.262,0.000,28.2
2026-08-03T17:27:48.259825,5118,0.245,0.229,0.000,10.4
2026-08-03T17:27:48.269013,5119,0.083,0.203,0.000,117.1
2026-08-03T17:27:48.326927,5120,0.033,0.129,0.000,17.5
2026-08-03T17:27:48.395042,5121,0.039,0.078,0.000,14.9
2026-08-03T17:27:48.426482,5122,0.068,0.031,0.000,32.7
2026-08-03T17:27:48.457956,5123,0.091,0.018,0.000,32.6
2026-08-03T17:27:48.528343,5124,0.104,0.016,0.000,14.5
2026-08-03T17:27:48.537590,5125,0.120,0.012,0.000,118.5
2026-08-03T17:27:48.594787,5126,0.136,0.008,0.000,17.7
2026-08-03T17:27:48.692955,5127,0.157,0.008,0.000,10.3
2026-08-03T17:27:48.703672,5128,0.162,0.006,0.000,100.5
2026-08-03T17:27:48.759331,5129,0.171,0.006,0.000,18.3
2026-08-03T17:27:48.824550,5130,0.173,0.004,0.000,15.6
2026-08-03T17:27:48.859246,5131,0.187,0.003,0.000,29.5
2026-08-03T17:27:48.896982,5132,0.190,0.003,0.000,27.6
2026-08-03T17:27:48.989066,5133,0.201,0.002,0.000,11.0
2026-08-03T17:27:48.999883,5134,0.204,0.001,0.000,98.9
2026-08-03T17:27:49.058445,5135,0.206,0.004,0.000,17.3
2026-08-03T17:27:49.120530,5136,0.211,0.004,0.000,16.4
2026-08-03T17:27:49.129434,5137,0.220,0.003,0.000,122.1
2026-08-03T17:27:49.190163,5138,0.219,0.006,0.000,16.7
2026-08-03T17:27:49.258275,5139,0.220,0.004,0.000,15.0
2026-08-03T17:27:49.293135,5140,0.043,0.005,0.000,29.3
2026-08-03T17:27:49.326605,5141,0.037,0.011,0.000,31.0
2026-08-03T17:27:49.422047,5142,0.086,0.012,0.000,10.6
2026-08-03T17:27:49.431944,5143,0.108,0.017,0.000,108.6
2026-08-03T17:27:49.490766,5144,0.202,0.068,0.000,17.2
2026-08-03T17:27:49.556095,5145,0.238,0.072,0.000,15.6
2026-08-03T17:27:49.590730,5146,0.264,0.066,0.000,29.5
2026-08-03T17:27:49.622964,5147,0.269,0.105,0.000,32.1
2026-08-03T17:27:49.689101,5148,0.267,0.149,0.000,15.4
2026-08-03T17:27:49.699862,5149,0.269,0.201,0.000,99.3
2026-08-03T17:27:49.759451,5150,0.259,0.275,0.000,17.0
2026-08-03T17:27:49.853635,5151,0.258,0.334,0.000,10.7
2026-08-03T17:27:49.862381,5152,0.265,0.274,0.000,125.5
2026-08-03T17:27:49.922784,5153,0.275,0.054,0.000,16.8
2026-08-03T17:27:49.988529,5154,0.276,0.018,0.000,15.4
2026-08-03T17:27:50.024319,5155,0.268,0.012,0.000,28.4
2026-08-03T17:27:50.059389,5156,0.270,0.017,0.000,30.5
2026-08-03T17:27:50.153085,5157,0.273,0.006,0.000,10.8
2026-08-03T17:27:50.163943,5158,0.273,0.005,0.000,98.3
2026-08-03T17:27:50.223251,5159,0.279,0.006,0.000,17.2
2026-08-03T17:27:50.284725,5160,0.272,0.008,0.000,16.7
2026-08-03T17:27:50.293103,5161,0.268,0.006,0.000,130.4
2026-08-03T17:27:50.355467,5162,0.258,0.032,0.000,16.2
2026-08-03T17:27:50.425784,5163,0.252,0.012,0.000,14.4
2026-08-03T17:27:50.454164,5164,0.243,0.006,0.000,36.3
2026-08-03T17:27:50.490443,5165,0.239,0.003,0.000,28.2
2026-08-03T17:27:50.583057,5166,0.236,0.005,0.000,10.9
2026-08-03T17:27:50.594015,5167,0.233,0.001,0.000,97.5
2026-08-03T17:27:50.654890,5168,0.236,0.002,0.000,16.7
2026-08-03T17:27:50.720923,5169,0.234,0.002,0.000,15.4
2026-08-03T17:27:50.755400,5170,0.241,0.025,0.000,29.7
2026-08-03T17:27:50.789236,5171,0.243,0.071,0.000,30.3
2026-08-03T17:27:50.857312,5172,0.083,0.082,0.000,15.0
2026-08-03T17:27:50.866826,5173,0.052,0.151,0.000,113.8
2026-08-03T17:27:50.924083,5174,0.050,0.172,0.000,17.8
2026-08-03T17:27:51.021612,5175,0.072,0.213,0.000,10.4
2026-08-03T17:27:51.030604,5176,0.089,0.185,0.000,120.7
2026-08-03T17:27:51.088139,5177,0.135,0.110,0.000,17.6
2026-08-03T17:27:51.153748,5178,0.150,0.055,0.000,15.5
2026-08-03T17:27:51.187699,5179,0.191,0.017,0.000,30.9
2026-08-03T17:27:51.223972,5180,0.205,0.006,0.000,28.4
2026-08-03T17:27:51.317699,5181,0.210,0.011,0.000,10.8
2026-08-03T17:27:51.330794,5182,0.205,0.011,0.000,87.8
2026-08-03T17:27:51.387977,5183,0.213,0.010,0.000,17.9
2026-08-03T17:27:51.450541,5184,0.211,0.010,0.000,16.3
2026-08-03T17:27:51.465833,5185,0.221,0.011,0.000,73.8
2026-08-03T17:27:51.519747,5186,0.228,0.011,0.000,18.9
2026-08-03T17:27:51.585745,5187,0.220,0.011,0.000,15.4
2026-08-03T17:27:51.619584,5188,0.071,0.002,0.000,30.2
2026-08-03T17:27:51.655753,5189,0.030,0.010,0.000,28.4
2026-08-03T17:27:51.750569,5190,0.040,0.009,0.000,10.6
2026-08-03T17:27:51.759934,5191,0.051,0.010,0.000,114.6
2026-08-03T17:27:51.819199,5192,0.053,0.009,0.000,17.1
2026-08-03T17:27:51.888957,5193,0.052,0.009,0.000,14.6
2026-08-03T17:27:51.916581,5194,0.059,0.012,0.000,37.2
2026-08-03T17:27:51.952168,5195,0.060,0.009,0.000,28.9
2026-08-03T17:27:52.021630,5196,0.051,0.005,0.000,14.6
2026-08-03T17:27:52.031733,5197,0.060,0.007,0.000,106.5
2026-08-03T17:27:52.087577,5198,0.082,0.006,0.000,18.4
2026-08-03T17:27:52.185775,5199,0.172,0.014,0.000,10.3
2026-08-03T17:27:52.197478,5200,0.199,0.017,0.000,91.4
2026-08-03T17:27:52.250747,5201,0.214,0.026,0.000,19.1
2026-08-03T17:27:52.317732,5202,0.225,0.026,0.000,15.1
2026-08-03T17:27:52.349565,5203,0.218,0.023,0.000,32.1
2026-08-03T17:27:52.386765,5204,0.224,0.022,0.000,27.6
2026-08-03T17:27:52.487607,5205,0.227,0.015,0.000,10.0
2026-08-03T17:27:52.499873,5206,0.233,0.013,0.000,87.9
2026-08-03T17:27:52.551766,5207,0.232,0.021,0.000,19.7
2026-08-03T17:27:52.614935,5208,0.232,0.021,0.000,16.1
2026-08-03T17:27:52.625926,5209,0.227,0.019,0.000,97.9
2026-08-03T17:27:52.684239,5210,0.225,0.022,0.000,17.4
2026-08-03T17:27:52.753116,5211,0.223,0.022,0.000,14.7
2026-08-03T17:27:52.780145,5212,0.223,0.018,0.000,38.0
2026-08-03T17:27:52.821279,5213,0.223,0.014,0.000,24.8
2026-08-03T17:27:52.916834,5214,0.228,0.018,0.000,10.6
2026-08-03T17:27:52.926685,5215,0.233,0.015,0.000,108.8
2026-08-03T17:27:52.983449,5216,0.234,0.014,0.000,18.1
2026-08-03T17:27:53.061779,5217,0.235,0.020,0.000,13.0
2026-08-03T17:27:53.080224,5218,0.237,0.019,0.000,57.0
2026-08-03T17:27:53.116273,5219,0.235,0.021,0.000,28.5
2026-08-03T17:27:53.180395,5220,0.231,0.026,0.000,15.9
2026-08-03T17:27:53.191745,5221,0.231,0.024,0.000,93.9
2026-08-03T17:27:53.252152,5222,0.231,0.023,0.000,17.3
2026-08-03T17:27:53.357755,5223,0.243,0.026,0.000,9.5
2026-08-03T17:27:53.368278,5224,0.269,0.029,0.000,109.2
2026-08-03T17:27:53.412591,5225,0.318,0.023,0.000,23.1
2026-08-03T17:27:53.486805,5226,0.325,0.017,0.000,13.6
2026-08-03T17:27:53.513926,5227,0.329,0.020,0.000,38.0
2026-08-03T17:27:53.548188,5228,0.327,0.025,0.000,29.9
2026-08-03T17:27:53.650196,5229,0.327,0.024,0.000,9.9
2026-08-03T17:27:53.659810,5230,0.328,0.015,0.000,113.0
2026-08-03T17:27:53.715460,5231,0.330,0.014,0.000,18.3
2026-08-03T17:27:53.783420,5232,0.333,0.010,0.000,15.0
2026-08-03T17:27:53.792653,5233,0.332,0.008,0.000,117.8
2026-08-03T17:27:53.845328,5234,0.330,0.008,0.000,19.3
2026-08-03T17:27:53.920133,5235,0.327,0.008,0.000,13.6
2026-08-03T17:27:53.945515,5236,0.326,0.009,0.000,40.6
2026-08-03T17:27:53.984120,5237,0.326,0.009,0.000,26.4
2026-08-03T17:27:54.078190,5238,0.325,0.007,0.000,10.7
2026-08-03T17:27:54.090267,5239,0.324,0.007,0.000,88.0
2026-08-03T17:27:54.146155,5240,0.325,0.006,0.000,18.2
2026-08-03T17:27:54.220304,5241,0.328,0.007,0.000,13.7
2026-08-03T17:27:54.246467,5242,0.328,0.007,0.000,39.4
2026-08-03T17:27:54.280232,5243,0.327,0.008,0.000,30.3
2026-08-03T17:27:54.356161,5244,0.327,0.008,0.000,13.3
2026-08-03T17:27:54.366479,5245,0.327,0.008,0.000,108.9
2026-08-03T17:27:54.413923,5246,0.325,0.008,0.000,21.5
2026-08-03T17:27:54.519055,5247,0.325,0.009,0.000,9.6
2026-08-03T17:27:54.530576,5248,0.328,0.008,0.000,95.3
2026-08-03T17:27:54.577717,5249,0.326,0.009,0.000,21.6
2026-08-03T17:27:54.645304,5250,0.324,0.009,0.000,15.0
2026-08-03T17:27:54.680062,5251,0.323,0.010,0.000,29.3
2026-08-03T17:27:54.715132,5252,0.322,0.010,0.000,29.4
2026-08-03T17:27:54.809753,5253,0.323,0.011,0.000,10.7
2026-08-03T17:27:54.820827,5254,0.321,0.010,0.000,96.2
2026-08-03T17:27:54.879554,5255,0.323,0.009,0.000,17.2
2026-08-03T17:27:54.950572,5256,0.324,0.010,0.000,14.3
2026-08-03T17:27:54.960228,5257,0.322,0.009,0.000,112.3
2026-08-03T17:27:55.010592,5258,0.324,0.010,0.000,20.3
2026-08-03T17:27:55.078425,5259,0.323,0.009,0.000,15.0
2026-08-03T17:27:55.111206,5260,0.322,0.010,0.000,31.2
2026-08-03T17:27:55.147008,5261,0.321,0.011,0.000,29.0
2026-08-03T17:27:55.248109,5262,0.318,0.012,0.000,10.0
2026-08-03T17:27:55.257017,5263,0.315,0.013,0.000,121.1
2026-08-03T17:27:55.312175,5264,0.315,0.013,0.000,18.4
2026-08-03T17:27:55.386727,5265,0.317,0.013,0.000,13.6
2026-08-03T17:27:55.408326,5266,0.317,0.014,0.000,48.0
2026-08-03T17:27:55.441990,5267,0.316,0.013,0.000,30.6
2026-08-03T17:27:55.511917,5268,0.316,0.013,0.000,14.5
2026-08-03T17:27:55.522286,5269,0.316,0.018,0.000,103.7
2026-08-03T17:27:55.578988,5270,0.317,0.018,0.000,17.8
2026-08-03T17:27:55.681005,5271,0.317,0.017,0.000,9.9
2026-08-03T17:27:55.691577,5272,0.316,0.017,0.000,101.7
2026-08-03T17:27:55.742316,5273,0.318,0.023,0.000,20.0
2026-08-03T17:27:55.809771,5274,0.317,0.022,0.000,15.0
2026-08-03T17:27:55.840625,5275,0.317,0.022,0.000,33.5
2026-08-03T17:27:55.878165,5276,0.317,0.022,0.000,27.1
2026-08-03T17:27:55.979608,5277,0.319,0.041,0.000,10.0
2026-08-03T17:27:55.991074,5278,0.317,0.058,0.000,93.3
2026-08-03T17:27:56.043520,5279,0.320,0.043,0.000,19.4
2026-08-03T17:27:56.105006,5280,0.320,0.030,0.000,16.6
2026-08-03T17:27:56.115332,5281,0.320,0.022,0.000,104.9
2026-08-03T17:27:56.173723,5282,0.320,0.013,0.000,17.3
2026-08-03T17:27:56.249623,5283,0.320,0.010,0.000,13.3
2026-08-03T17:27:56.273414,5284,0.319,0.012,0.000,43.3
2026-08-03T17:27:56.311900,5285,0.320,0.012,0.000,26.7
2026-08-03T17:27:56.410038,5286,0.320,0.009,0.000,10.3
2026-08-03T17:27:56.419588,5287,0.320,0.009,0.000,112.7
2026-08-03T17:27:56.478659,5288,0.319,0.012,0.000,17.1
2026-08-03T17:27:56.542745,5289,0.318,0.012,0.000,16.0
2026-08-03T17:27:56.574320,5290,0.320,0.012,0.000,32.4
2026-08-03T17:27:56.607706,5291,0.320,0.013,0.000,30.7
2026-08-03T17:27:56.675640,5292,0.321,0.013,0.000,15.0
2026-08-03T17:27:56.687637,5293,0.320,0.013,0.000,97.4
2026-08-03T17:27:56.742998,5294,0.321,0.012,0.000,18.3
2026-08-03T17:27:56.844915,5295,0.321,0.012,0.000,9.9
2026-08-03T17:27:56.855481,5296,0.321,0.010,0.000,105.4
2026-08-03T17:27:56.906350,5297,0.322,0.021,0.000,19.9
2026-08-03T17:27:56.982593,5298,0.320,0.023,0.000,13.3
2026-08-03T17:27:57.006314,5299,0.319,0.038,0.000,44.5
2026-08-03T17:27:57.042836,5300,0.320,0.039,0.000,27.9
2026-08-03T17:27:57.140396,5301,0.320,0.039,0.000,10.3
2026-08-03T17:27:57.150841,5302,0.323,0.040,0.000,103.9
2026-08-03T17:27:57.207192,5303,0.319,0.035,0.000,18.0
2026-08-03T17:27:57.273084,5304,0.319,0.032,0.000,15.4
2026-08-03T17:27:57.283991,5305,0.319,0.030,0.000,98.8
2026-08-03T17:27:57.341193,5306,0.321,0.026,0.000,17.7
2026-08-03T17:27:57.410839,5307,0.317,0.024,0.000,14.5
2026-08-03T17:27:57.437825,5308,0.314,0.022,0.000,38.2
2026-08-03T17:27:57.475877,5309,0.314,0.020,0.000,26.9
2026-08-03T17:27:57.569824,5310,0.313,0.019,0.000,10.8
2026-08-03T17:27:57.582961,5311,0.313,0.019,0.000,80.1
2026-08-03T17:27:57.640306,5312,0.312,0.017,0.000,17.9
2026-08-03T17:27:57.706091,5313,0.311,0.023,0.000,15.4
2026-08-03T17:27:57.738927,5314,0.311,0.027,0.000,31.2
2026-08-03T17:27:57.770197,5315,0.311,0.029,0.000,32.9
2026-08-03T17:27:57.847425,5316,0.312,0.026,0.000,13.1
2026-08-03T17:27:57.856244,5317,0.313,0.023,0.000,124.0
2026-08-03T17:27:57.906892,5318,0.314,0.019,0.000,20.1
2026-08-03T17:27:58.001627,5319,0.315,0.013,0.000,10.7
2026-08-03T17:27:58.010435,5320,0.315,0.012,0.000,124.1
2026-08-03T17:27:58.072096,5321,0.314,0.010,0.000,16.5
2026-08-03T17:27:58.138869,5322,0.314,0.009,0.000,15.3
2026-08-03T17:27:58.172543,5323,0.315,0.017,0.000,30.3
2026-08-03T17:27:58.206809,5324,0.314,0.015,0.000,30.2
2026-08-03T17:27:58.310732,5325,0.310,0.013,0.000,9.7
2026-08-03T17:27:58.320749,5326,0.310,0.013,0.000,108.0
2026-08-03T17:27:58.370030,5327,0.313,0.012,0.000,20.7
2026-08-03T17:27:58.433184,5328,0.311,0.014,0.000,16.1
2026-08-03T17:27:58.443565,5329,0.313,0.016,0.000,104.4
2026-08-03T17:27:58.503325,5330,0.310,0.017,0.000,17.0
2026-08-03T17:27:58.569521,5331,0.310,0.017,0.000,15.4
2026-08-03T17:27:58.603236,5332,0.310,0.017,0.000,30.4
2026-08-03T17:27:58.639778,5333,0.309,0.019,0.000,28.2
2026-08-03T17:27:58.737701,5334,0.310,0.018,0.000,10.3
2026-08-03T17:27:58.748095,5335,0.311,0.017,0.000,107.8
2026-08-03T17:27:58.801797,5336,0.311,0.016,0.000,18.9
2026-08-03T17:27:58.873564,5337,0.313,0.017,0.000,14.1
2026-08-03T17:27:58.902489,5338,0.313,0.015,0.000,35.4
2026-08-03T17:27:58.935330,5339,0.313,0.019,0.000,31.4
2026-08-03T17:27:59.000848,5340,0.313,0.018,0.000,15.6
2026-08-03T17:27:59.012798,5341,0.312,0.019,0.000,89.2
2026-08-03T17:27:59.071599,5342,0.315,0.015,0.000,17.3
2026-08-03T17:27:59.170201,5343,0.313,0.025,0.000,10.3
2026-08-03T17:27:59.179947,5344,0.314,0.025,0.000,110.6
2026-08-03T17:27:59.234896,5345,0.313,0.023,0.000,18.5
2026-08-03T17:27:59.302015,5346,0.313,0.023,0.000,15.2
2026-08-03T17:27:59.335813,5347,0.313,0.023,0.000,30.2
2026-08-03T17:27:59.373187,5348,0.313,0.020,0.000,27.3
2026-08-03T17:27:59.465923,5349,0.313,0.017,0.000,10.9
2026-08-03T17:27:59.475931,5350,0.313,0.013,0.000,106.9
2026-08-03T17:27:59.535709,5351,0.313,0.012,0.000,16.9
2026-08-03T17:27:59.601696,5352,0.313,0.011,0.000,15.4
2026-08-03T17:27:59.612162,5353,0.311,0.010,0.000,103.5
2026-08-03T17:27:59.666127,5354,0.320,0.008,0.000,18.8
2026-08-03T17:27:59.735814,5355,0.325,0.007,0.000,14.6
2026-08-03T17:27:59.768005,5356,0.326,0.006,0.000,32.2
2026-08-03T17:27:59.802168,5357,0.329,0.006,0.000,29.9
2026-08-03T17:27:59.900658,5358,0.330,0.005,0.000,10.3
2026-08-03T17:27:59.910219,5359,0.331,0.006,0.000,111.6
2026-08-03T17:27:59.968754,5360,0.331,0.004,0.000,17.4
2026-08-03T17:28:00.038548,5361,0.333,0.004,0.000,14.5
2026-08-03T17:28:00.066540,5362,0.334,0.004,0.000,36.8
2026-08-03T17:28:00.098421,5363,0.334,0.004,0.000,32.3
2026-08-03T17:28:00.165923,5364,0.335,0.004,0.000,15.1
2026-08-03T17:28:00.180054,5365,0.335,0.004,0.000,87.5
2026-08-03T17:28:00.235363,5366,0.337,0.010,0.000,18.5
2026-08-03T17:28:00.335046,5367,0.336,0.014,0.000,10.1
2026-08-03T17:28:00.344294,5368,0.335,0.013,0.000,119.4
2026-08-03T17:28:00.399968,5369,0.337,0.010,0.000,18.3
2026-08-03T17:28:00.466884,5370,0.338,0.007,0.000,15.2
2026-08-03T17:28:00.499822,5371,0.339,0.010,0.000,31.0
2026-08-03T17:28:00.535316,5372,0.338,0.011,0.000,29.2
2026-08-03T17:28:00.636310,5373,0.326,0.013,0.000,10.0
2026-08-03T17:28:00.644963,5374,0.298,0.015,0.000,126.5
2026-08-03T17:28:00.697501,5375,0.299,0.017,0.000,19.3
2026-08-03T17:28:00.765130,5376,0.300,0.018,0.000,15.1
2026-08-03T17:28:00.774457,5377,0.301,0.017,0.000,115.7
2026-08-03T17:28:00.829826,5378,0.305,0.012,0.000,18.8
2026-08-03T17:28:00.903098,5379,0.307,0.011,0.000,13.8
2026-08-03T17:28:00.929738,5380,0.308,0.010,0.000,38.7
2026-08-03T17:28:00.966050,5381,0.309,0.010,0.000,28.1
2026-08-03T17:28:01.062400,5382,0.309,0.010,0.000,10.5
2026-08-03T17:28:01.073078,5383,0.308,0.010,0.000,100.1
2026-08-03T17:28:01.132092,5384,0.120,0.015,0.000,17.1
2026-08-03T17:28:01.198756,5385,0.053,0.013,0.000,15.2
2026-08-03T17:28:01.231950,5386,0.068,0.018,0.000,30.8
2026-08-03T17:28:01.264098,5387,0.094,0.018,0.000,31.8
2026-08-03T17:28:01.332579,5388,0.127,0.017,0.000,14.8
2026-08-03T17:28:01.343544,5389,0.188,0.016,0.000,97.9
2026-08-03T17:28:01.399920,5390,0.230,0.014,0.000,18.2
2026-08-03T17:28:01.494733,5391,0.256,0.011,0.000,10.7
2026-08-03T17:28:01.505493,5392,0.268,0.011,0.000,99.4
2026-08-03T17:28:01.563573,5393,0.273,0.010,0.000,17.6
2026-08-03T17:28:01.628662,5394,0.276,0.010,0.000,15.7
2026-08-03T17:28:01.663425,5395,0.282,0.008,0.000,29.3
2026-08-03T17:28:01.700019,5396,0.283,0.008,0.000,28.0
2026-08-03T17:28:01.803070,5397,0.287,0.007,0.252,9.8
2026-08-03T17:28:01.813187,5398,0.288,0.008,0.252,108.5
2026-08-03T17:28:01.861096,5399,0.289,0.007,0.252,21.3
2026-08-03T17:28:01.937511,5400,0.292,0.007,0.000,13.3
2026-08-03T17:28:01.948379,5401,0.295,0.007,0.000,105.8
2026-08-03T17:28:01.993338,5402,0.303,0.007,0.000,22.6
2026-08-03T17:28:02.065292,5403,0.305,0.007,0.000,14.0
2026-08-03T17:28:02.094982,5404,0.311,0.008,0.000,34.5
2026-08-03T17:28:02.130569,5405,0.311,0.008,0.000,29.0
2026-08-03T17:28:02.231851,5406,0.313,0.008,0.000,10.0
2026-08-03T17:28:02.243577,5407,0.315,0.008,0.000,90.3
2026-08-03T17:28:02.295798,5408,0.317,0.009,0.000,19.5
2026-08-03T17:28:02.363464,5409,0.317,0.008,0.000,15.0
2026-08-03T17:28:02.395328,5410,0.318,0.009,0.000,32.1
2026-08-03T17:28:02.429238,5411,0.319,0.009,0.000,30.7
2026-08-03T17:28:02.510306,5412,0.321,0.009,0.000,12.5
2026-08-03T17:28:02.519881,5413,0.324,0.009,0.000,115.1
2026-08-03T17:28:02.561216,5414,0.321,0.011,0.000,24.6
2026-08-03T17:28:02.666444,5415,0.320,0.012,0.000,9.6
2026-08-03T17:28:02.677540,5416,0.321,0.011,0.000,99.4
2026-08-03T17:28:02.726705,5417,0.321,0.010,0.000,20.6
2026-08-03T17:28:02.796075,5418,0.320,0.009,0.000,14.6
2026-08-03T17:28:02.829013,5419,0.318,0.008,0.000,31.0
2026-08-03T17:28:02.862981,5420,0.317,0.007,0.000,30.8
2026-08-03T17:28:02.958355,5421,0.316,0.006,0.000,10.6
2026-08-03T17:28:02.966984,5422,0.317,0.004,0.000,126.5
2026-08-03T17:28:03.026938,5423,0.310,0.007,0.000,17.2
2026-08-03T17:28:03.091419,5424,0.308,0.008,0.000,15.8
2026-08-03T17:28:03.101385,5425,0.303,0.012,0.000,108.0
2026-08-03T17:28:03.159000,5426,0.293,0.010,0.000,17.6
2026-08-03T17:28:03.229146,5427,0.293,0.006,0.000,14.4
2026-08-03T17:28:03.261520,5428,0.286,0.005,0.000,31.6
2026-08-03T17:28:03.296222,5429,0.278,0.005,0.000,29.9
2026-08-03T17:28:03.393050,5430,0.270,0.007,0.000,10.4
2026-08-03T17:28:03.402037,5431,0.280,0.009,0.000,121.3
2026-08-03T17:28:03.459062,5432,0.275,0.014,0.000,17.9
2026-08-03T17:28:03.526817,5433,0.280,0.009,0.000,15.1
2026-08-03T17:28:03.559440,5434,0.269,0.015,0.000,32.2
2026-08-03T17:28:03.594209,5435,0.272,0.014,0.000,29.5
2026-08-03T17:28:03.661379,5436,0.266,0.013,0.000,15.1
2026-08-03T17:28:03.671159,5437,0.248,0.008,0.000,110.7
2026-08-03T17:28:03.726722,5438,0.251,0.010,0.000,18.4
2026-08-03T17:28:03.824544,5439,0.258,0.006,0.000,10.3
2026-08-03T17:28:03.833579,5440,0.262,0.011,0.000,119.8
2026-08-03T17:28:03.892569,5441,0.262,0.008,0.000,17.3
2026-08-03T17:28:03.958595,5442,0.263,0.010,0.000,15.4
2026-08-03T17:28:03.990454,5443,0.265,0.010,0.000,32.1
2026-08-03T17:28:04.027224,5444,0.270,0.011,0.000,27.9
2026-08-03T17:28:04.132767,5445,0.266,0.012,0.000,9.6
2026-08-03T17:28:04.142371,5446,0.273,0.010,0.000,113.8
2026-08-03T17:28:04.190651,5447,0.274,0.004,0.000,21.5
2026-08-03T17:28:04.255768,5448,0.290,0.007,0.000,15.6
2026-08-03T17:28:04.264673,5449,0.283,0.007,0.000,122.3
2026-08-03T17:28:04.323485,5450,0.281,0.007,0.000,17.3
2026-08-03T17:28:04.390023,5451,0.279,0.003,0.000,15.4
2026-08-03T17:28:04.423454,5452,0.278,0.004,0.000,30.6
2026-08-03T17:28:04.459358,5453,0.275,0.001,0.000,28.7
2026-08-03T17:28:04.554453,5454,0.279,0.002,0.000,10.6
2026-08-03T17:28:04.565085,5455,0.283,0.002,0.000,101.4
2026-08-03T17:28:04.623432,5456,0.279,0.005,0.000,17.4
2026-08-03T17:28:04.696475,5457,0.285,0.004,0.000,13.8
2026-08-03T17:28:04.720653,5458,0.286,0.005,0.000,42.6
2026-08-03T17:28:04.755052,5459,0.289,0.005,0.000,29.9
2026-08-03T17:28:04.822689,5460,0.292,0.006,0.000,15.0
2026-08-03T17:28:04.835421,5461,0.293,0.005,0.000,82.9
2026-08-03T17:28:04.892264,5462,0.291,0.005,0.000,18.1
2026-08-03T17:28:04.984465,5463,0.290,0.005,0.000,11.0
2026-08-03T17:28:04.995335,5464,0.289,0.005,0.000,98.6
2026-08-03T17:28:05.055935,5465,0.291,0.005,0.000,16.8
2026-08-03T17:28:05.132494,5466,0.290,0.004,0.000,13.3
2026-08-03T17:28:05.152780,5467,0.287,0.004,0.000,50.9
2026-08-03T17:28:05.191570,5468,0.285,0.005,0.000,26.4
2026-08-03T17:28:05.287072,5469,0.282,0.007,0.000,10.6
2026-08-03T17:28:05.298836,5470,0.277,0.011,0.000,97.1
2026-08-03T17:28:05.356122,5471,0.053,0.003,0.000,17.9
2026-08-03T17:28:05.418585,5472,0.026,0.016,0.000,16.4
2026-08-03T17:28:05.427066,5473,0.038,0.012,0.000,128.0
2026-08-03T17:28:05.487934,5474,0.068,0.018,0.000,16.7
2026-08-03T17:28:05.556400,5475,0.142,0.023,0.000,14.8
2026-08-03T17:28:05.587041,5476,0.214,0.033,0.000,33.4
2026-08-03T17:28:05.623449,5477,0.229,0.062,0.000,28.2
2026-08-03T17:28:05.723533,5478,0.241,0.047,0.000,10.1
2026-08-03T17:28:05.732406,5479,0.244,0.033,0.000,121.2
2026-08-03T17:28:05.787192,5480,0.245,0.022,0.000,18.8
2026-08-03T17:28:05.854192,5481,0.250,0.027,0.000,15.1
2026-08-03T17:28:05.887904,5482,0.250,0.043,0.000,30.4
2026-08-03T17:28:05.918855,5483,0.254,0.046,0.000,33.4
2026-08-03T17:28:05.992160,5484,0.258,0.041,0.000,13.8
2026-08-03T17:28:06.002791,5485,0.257,0.062,0.000,100.9
2026-08-03T17:28:06.056793,5486,0.255,0.081,0.000,18.8
2026-08-03T17:28:06.155807,5487,0.258,0.145,0.000,10.2
2026-08-03T17:28:06.166373,5488,0.259,0.148,0.000,103.4
2026-08-03T17:28:06.215437,5489,0.263,0.139,0.000,20.8
2026-08-03T17:28:06.287784,5490,0.262,0.115,0.000,14.0
2026-08-03T17:28:06.316643,5491,0.267,0.050,0.000,36.9
2026-08-03T17:28:06.356730,5492,0.266,0.022,0.000,25.4
2026-08-03T17:28:06.448943,5493,0.269,0.002,0.000,10.9
2026-08-03T17:28:06.459207,5494,0.275,0.003,0.000,105.0
2026-08-03T17:28:06.518207,5495,0.270,0.002,0.000,17.2
2026-08-03T17:28:06.580597,5496,0.274,0.001,0.000,16.3
2026-08-03T17:28:06.593617,5497,0.275,0.001,0.000,81.2
2026-08-03T17:28:06.651217,5498,0.273,0.003,0.000,17.7
2026-08-03T17:28:06.717093,5499,0.269,0.002,0.000,15.4
2026-08-03T17:28:06.747940,5500,0.271,0.003,0.000,33.2
2026-08-03T17:28:06.789705,5501,0.275,0.003,0.000,24.3
2026-08-03T17:28:06.880609,5502,0.281,0.009,0.000,11.1
2026-08-03T17:28:06.889658,5503,0.282,0.007,0.000,119.5
2026-08-03T17:28:06.951875,5504,0.295,0.003,0.000,16.4
2026-08-03T17:28:07.018876,5505,0.290,0.005,0.000,15.2
2026-08-03T17:28:07.052586,5506,0.302,0.007,0.000,30.3
2026-08-03T17:28:07.083001,5507,0.297,0.006,0.000,34.1
2026-08-03T17:28:07.149316,5508,0.296,0.005,0.000,15.4
2026-08-03T17:28:07.157752,5509,0.301,0.011,0.000,129.2
2026-08-03T17:28:07.219314,5510,0.283,0.006,0.000,16.9
2026-08-03T17:28:07.315901,5511,0.092,0.014,0.000,10.5
2026-08-03T17:28:07.326354,5512,0.052,0.014,0.000,103.0
2026-08-03T17:28:07.383862,5513,0.271,0.021,0.000,17.7
2026-08-03T17:28:07.454764,5514,0.321,0.022,0.000,14.3
2026-08-03T17:28:07.483507,5515,0.360,0.095,0.000,35.8
2026-08-03T17:28:07.520343,5516,0.368,0.112,0.000,27.9
2026-08-03T17:28:07.615295,5517,0.370,0.140,0.000,10.6
2026-08-03T17:28:07.626685,5518,0.375,0.112,0.000,93.7
2026-08-03T17:28:07.683052,5519,0.391,0.120,0.000,18.1
2026-08-03T17:28:07.751271,5520,0.386,0.114,0.000,14.9
2026-08-03T17:28:07.759562,5521,0.391,0.114,0.000,131.5
2026-08-03T17:28:07.815515,5522,0.394,0.080,0.000,18.2
2026-08-03T17:28:07.879372,5523,0.387,0.055,0.000,15.9
2026-08-03T17:28:07.915901,5524,0.373,0.048,0.000,27.9
2026-08-03T17:28:07.952881,5525,0.380,0.076,0.000,27.8
2026-08-03T17:28:08.046958,5526,0.370,0.048,0.000,10.8
2026-08-03T17:28:08.055141,5527,0.372,0.045,0.000,133.5
2026-08-03T17:28:08.115138,5528,0.369,0.035,0.000,16.9
2026-08-03T17:28:08.180437,5529,0.368,0.026,0.000,15.6
2026-08-03T17:28:08.216408,5530,0.371,0.030,0.000,28.4
2026-08-03T17:28:08.248636,5531,0.364,0.022,0.000,31.9
2026-08-03T17:28:08.312438,5532,0.360,0.006,0.000,16.0
2026-08-03T17:28:08.322090,5533,0.354,0.004,0.000,111.9
2026-08-03T17:28:08.382707,5534,0.355,0.006,0.000,17.2
2026-08-03T17:28:08.479011,5535,0.355,0.003,0.000,10.5
2026-08-03T17:28:08.487225,5536,0.346,0.007,0.000,132.6
2026-08-03T17:28:08.545985,5537,0.348,0.006,0.000,17.6
2026-08-03T17:28:08.616417,5538,0.338,0.004,0.000,14.4
2026-08-03T17:28:08.648884,5539,0.344,0.006,0.000,31.5
2026-08-03T17:28:08.683699,5540,0.341,0.006,0.000,30.0
2026-08-03T17:28:08.776834,5541,0.338,0.002,0.000,10.9
2026-08-03T17:28:08.787189,5542,0.336,0.002,0.000,103.2
2026-08-03T17:28:08.847450,5543,0.334,0.003,0.000,16.8
2026-08-03T17:28:08.909566,5544,0.334,0.002,0.000,16.4
2026-08-03T17:28:08.919200,5545,0.333,0.003,0.000,111.4
2026-08-03T17:28:08.978354,5546,0.332,0.003,0.000,17.2
2026-08-03T17:28:09.051510,5547,0.336,0.002,0.000,13.8
2026-08-03T17:28:09.075407,5548,0.332,0.004,0.000,43.2
2026-08-03T17:28:09.114838,5549,0.335,0.002,0.000,26.0
2026-08-03T17:28:09.212862,5550,0.337,0.002,0.409,10.3
2026-08-03T17:28:09.221236,5551,0.337,0.002,0.409,131.6
2026-08-03T17:28:09.279568,5552,0.338,0.002,0.409,17.4
2026-08-03T17:28:09.350169,5553,0.340,0.002,0.000,14.4
2026-08-03T17:28:09.379458,5554,0.343,0.001,0.000,35.0
2026-08-03T17:28:09.412564,5555,0.344,0.001,0.000,31.0
2026-08-03T17:28:09.480552,5556,0.341,0.005,0.000,15.0
2026-08-03T17:28:09.491648,5557,0.256,0.007,0.000,96.8
2026-08-03T17:28:09.547895,5558,0.234,0.028,0.000,18.0
2026-08-03T17:28:09.640175,5559,0.223,0.016,0.000,10.9
2026-08-03T17:28:09.650268,5560,0.242,0.020,0.000,106.3
2026-08-03T17:28:09.711321,5561,0.212,0.042,0.000,16.7
2026-08-03T17:28:09.776713,5562,0.206,0.033,0.000,15.5
2026-08-03T17:28:09.810548,5563,0.226,0.038,0.000,30.1
2026-08-03T17:28:09.848204,5564,0.223,0.043,0.000,27.2
2026-08-03T17:28:09.943779,5565,0.242,0.033,0.000,10.6
2026-08-03T17:28:09.954944,5566,0.242,0.030,0.000,95.0
2026-08-03T17:28:10.011432,5567,0.244,0.029,0.000,18.0
2026-08-03T17:28:10.080955,5568,0.250,0.024,0.000,14.6
2026-08-03T17:28:10.090011,5569,0.250,0.019,0.000,119.8
2026-08-03T17:28:10.144709,5570,0.253,0.028,0.000,18.6
2026-08-03T17:28:10.213684,5571,0.246,0.027,0.000,14.7
2026-08-03T17:28:10.244672,5572,0.245,0.028,0.000,33.0
2026-08-03T17:28:10.278693,5573,0.250,0.026,0.000,30.8
2026-08-03T17:28:10.374765,5574,0.244,0.027,0.000,10.5
2026-08-03T17:28:10.384954,5575,0.252,0.024,0.000,104.6
2026-08-03T17:28:10.442392,5576,0.255,0.024,0.000,17.7
2026-08-03T17:28:10.512659,5577,0.251,0.024,0.000,14.5
2026-08-03T17:28:10.542167,5578,0.245,0.022,0.000,34.7
2026-08-03T17:28:10.576659,5579,0.240,0.025,0.000,30.1
2026-08-03T17:28:10.641680,5580,0.223,0.030,0.000,15.6
2026-08-03T17:28:10.652590,5581,0.241,0.036,0.000,98.2
2026-08-03T17:28:10.711536,5582,0.241,0.031,0.000,17.4
2026-08-03T17:28:10.775773,5583,0.252,0.029,0.000,15.8
2026-08-03T17:28:10.784787,5584,0.253,0.027,0.000,120.5
2026-08-03T17:28:10.844294,5585,0.251,0.026,0.000,17.1
2026-08-03T17:28:10.906499,5586,0.247,0.024,0.000,16.4
2026-08-03T17:28:10.914770,5587,0.249,0.025,0.000,132.0
2026-08-03T17:28:10.975648,5588,0.247,0.024,0.000,16.6
2026-08-03T17:28:11.043283,5589,0.255,0.022,0.000,15.0
2026-08-03T17:28:11.077152,5590,0.259,0.020,0.000,30.2
2026-08-03T17:28:11.112331,5591,0.266,0.020,0.000,29.6
2026-08-03T17:28:11.204504,5592,0.274,0.023,0.000,11.0
2026-08-03T17:28:11.215577,5593,0.264,0.023,0.000,97.2
2026-08-03T17:28:11.274305,5594,0.252,0.022,0.000,17.2
2026-08-03T17:28:11.337953,5595,0.256,0.021,0.000,16.0
2026-08-03T17:28:11.348051,5596,0.251,0.021,0.000,107.7
2026-08-03T17:28:11.408525,5597,0.247,0.028,0.000,16.9
2026-08-03T17:28:11.479773,5598,0.245,0.027,0.000,14.3
2026-08-03T17:28:11.504400,5599,0.243,0.027,0.000,41.8
2026-08-03T17:28:11.543604,5600,0.239,0.028,0.000,26.2
2026-08-03T17:28:11.639196,5601,0.236,0.028,0.000,10.6
2026-08-03T17:28:11.647678,5602,0.247,0.027,0.000,127.6
2026-08-03T17:28:11.707822,5603,0.252,0.032,0.000,16.9
2026-08-03T17:28:11.777302,5604,0.253,0.030,0.000,14.6
2026-08-03T17:28:11.786588,5605,0.250,0.022,0.000,117.8
2026-08-03T17:28:11.839020,5606,0.239,0.018,0.000,19.3
2026-08-03T17:28:11.906586,5607,0.244,0.018,0.000,15.0
2026-08-03T17:28:11.916714,5608,0.243,0.023,0.000,106.6
2026-08-03T17:28:11.975745,5609,0.252,0.022,0.000,17.2
2026-08-03T17:28:12.068835,5610,0.257,0.025,0.000,10.9
2026-08-03T17:28:12.078947,5611,0.253,0.024,0.000,105.6
2026-08-03T17:28:12.138972,5612,0.254,0.021,0.000,16.9
2026-08-03T17:28:12.204607,5613,0.256,0.020,0.000,15.6
2026-08-03T17:28:12.240860,5614,0.260,0.020,0.000,28.3
2026-08-03T17:28:12.275976,5615,0.257,0.023,0.000,29.5
2026-08-03T17:28:12.368419,5616,0.251,0.021,0.000,11.0
2026-08-03T17:28:12.378042,5617,0.250,0.021,0.000,111.8
2026-08-03T17:28:12.439826,5618,0.240,0.020,0.000,16.5
2026-08-03T17:28:12.503692,5619,0.233,0.022,0.000,15.9
2026-08-03T17:28:12.514580,5620,0.239,0.024,0.000,99.4
2026-08-03T17:28:12.570845,5621,0.244,0.025,0.000,18.0
2026-08-03T17:28:12.635994,5622,0.244,0.024,0.000,15.6
2026-08-03T17:28:12.672627,5623,0.236,0.022,0.000,27.8
2026-08-03T17:28:12.707690,5624,0.232,0.022,0.000,29.9
2026-08-03T17:28:12.802896,5625,0.234,0.022,0.000,10.6
2026-08-03T17:28:12.812201,5626,0.239,0.023,0.000,121.1
2026-08-03T17:28:12.871857,5627,0.231,0.023,0.000,17.4
2026-08-03T17:28:12.936378,5628,0.237,0.033,0.000,15.8
2026-08-03T17:28:12.946864,5629,0.240,0.030,0.000,102.6
2026-08-03T17:28:13.003780,5630,0.237,0.027,0.000,18.1
2026-08-03T17:28:13.074118,5631,0.235,0.029,0.000,14.6
2026-08-03T17:28:13.085326,5632,0.236,0.028,0.000,96.4
2026-08-03T17:28:13.139556,5633,0.240,0.029,0.000,18.8
2026-08-03T17:28:13.234645,5634,0.246,0.028,0.000,10.7
2026-08-03T17:28:13.245269,5635,0.260,0.027,0.000,100.1
2026-08-03T17:28:13.303777,5636,0.258,0.027,0.000,17.4
2026-08-03T17:28:13.369971,5637,0.245,0.028,0.000,15.4
2026-08-03T17:28:13.404198,5638,0.259,0.026,0.000,29.9
2026-08-03T17:28:13.441751,5639,0.255,0.029,0.000,27.5
2026-08-03T17:28:13.537653,5640,0.257,0.028,0.000,10.6
2026-08-03T17:28:13.546173,5641,0.261,0.031,0.000,128.0
2026-08-03T17:28:13.604361,5642,0.253,0.036,0.000,17.4
2026-08-03T17:28:13.669135,5643,0.252,0.036,0.000,15.7
2026-08-03T17:28:13.678416,5644,0.251,0.033,0.000,117.0
2026-08-03T17:28:13.735989,5645,0.250,0.035,0.000,17.7
2026-08-03T17:28:13.803485,5646,0.243,0.029,0.000,15.1
2026-08-03T17:28:13.836151,5647,0.247,0.024,0.000,31.3
2026-08-03T17:28:13.873656,5648,0.246,0.028,0.000,27.2
2026-08-03T17:28:13.967940,5649,0.251,0.025,0.000,10.8
2026-08-03T17:28:13.979017,5650,0.252,0.024,0.000,96.1
2026-08-03T17:28:14.036759,5651,0.241,0.020,0.000,17.6
2026-08-03T17:28:14.104700,5652,0.243,0.019,0.000,15.0
2026-08-03T17:28:14.114742,5653,0.238,0.024,0.000,109.3
2026-08-03T17:28:14.168092,5654,0.240,0.021,0.000,19.1
2026-08-03T17:28:14.233286,5655,0.239,0.024,0.000,15.7
2026-08-03T17:28:14.242018,5656,0.240,0.023,0.000,124.9
2026-08-03T17:28:14.302705,5657,0.241,0.024,0.000,17.1
2026-08-03T17:28:14.399062,5658,0.240,0.030,0.000,10.5
2026-08-03T17:28:14.409940,5659,0.244,0.028,0.000,97.6
2026-08-03T17:28:14.468421,5660,0.242,0.026,0.000,17.3
2026-08-03T17:28:14.537836,5661,0.242,0.027,0.000,14.8
2026-08-03T17:28:14.567647,5662,0.237,0.028,0.000,35.6
2026-08-03T17:28:14.603780,5663,0.237,0.029,0.000,28.6
2026-08-03T17:28:14.703234,5664,0.236,0.031,0.000,10.2
2026-08-03T17:28:14.713654,5665,0.233,0.035,0.000,103.1
2026-08-03T17:28:14.768923,5666,0.244,0.028,0.000,18.4
2026-08-03T17:28:14.832613,5667,0.246,0.028,0.000,16.1
2026-08-03T17:28:14.842198,5668,0.250,0.028,0.000,112.4
2026-08-03T17:28:14.899622,5669,0.249,0.027,0.000,17.8
2026-08-03T17:28:14.969089,5670,0.247,0.020,0.000,14.7
2026-08-03T17:28:15.000202,5671,0.246,0.020,0.000,32.9
2026-08-03T17:28:15.037196,5672,0.254,0.022,0.000,27.8
2026-08-03T17:28:15.132458,5673,0.252,0.036,0.000,10.6
2026-08-03T17:28:15.143568,5674,0.254,0.033,0.000,97.1
2026-08-03T17:28:15.199163,5675,0.245,0.034,0.000,18.2
2026-08-03T17:28:15.264322,5676,0.248,0.036,0.000,15.7
2026-08-03T17:28:15.273720,5677,0.241,0.034,0.000,115.3
2026-08-03T17:28:15.331830,5678,0.244,0.033,0.000,17.8
2026-08-03T17:28:15.400902,5679,0.248,0.031,0.000,14.7
2026-08-03T17:28:15.411480,5680,0.227,0.033,0.000,102.3
2026-08-03T17:28:15.468171,5681,0.254,0.027,0.000,17.9
2026-08-03T17:28:15.562976,5682,0.249,0.021,0.000,10.7
2026-08-03T17:28:15.573704,5683,0.245,0.019,0.000,99.5
2026-08-03T17:28:15.632645,5684,0.250,0.022,0.000,17.4
2026-08-03T17:28:15.700439,5685,0.240,0.032,0.000,15.0
2026-08-03T17:28:15.731793,5686,0.234,0.030,0.000,32.6
2026-08-03T17:28:15.767068,5687,0.235,0.028,0.000,29.1
2026-08-03T17:28:15.861666,5688,0.243,0.029,0.000,10.7
2026-08-03T17:28:15.874198,5689,0.243,0.028,0.000,85.3
2026-08-03T17:28:15.930785,5690,0.251,0.027,0.000,18.1
2026-08-03T17:28:15.995473,5691,0.246,0.025,0.000,15.7
2026-08-03T17:28:16.006251,5692,0.245,0.030,0.000,99.1
2026-08-03T17:28:16.060351,5693,0.000,0.000,0.000,18.9
2026-08-03T17:28:16.132741,5694,0.255,0.007,0.000,14.1
2026-08-03T17:28:16.163691,5695,0.264,0.011,0.000,33.0
2026-08-03T17:28:16.198543,5696,0.239,0.018,0.000,30.1
2026-08-03T17:28:16.294756,5697,0.246,0.021,0.000,10.5
2026-08-03T17:28:16.303076,5698,0.255,0.028,0.000,130.9
2026-08-03T17:28:16.362578,5699,0.286,0.023,0.000,17.4
2026-08-03T17:28:16.424144,5700,0.209,0.006,0.000,16.5
2026-08-03T17:28:16.435329,5701,0.176,0.007,0.000,95.2
2026-08-03T17:28:16.497287,5702,0.182,0.004,0.000,16.5
2026-08-03T17:28:16.565592,5703,0.213,0.005,0.000,14.9
2026-08-03T17:28:16.576583,5704,0.234,0.005,0.000,97.9
2026-08-03T17:28:16.632241,5705,0.257,0.004,0.000,18.3
2026-08-03T17:28:16.730458,5706,0.265,0.006,0.000,10.3
2026-08-03T17:28:16.745042,5707,0.270,0.007,0.000,72.8
2026-08-03T17:28:16.796237,5708,0.270,0.005,0.000,19.9
2026-08-03T17:28:16.864726,5709,0.271,0.005,0.000,14.9
2026-08-03T17:28:16.897156,5710,0.275,0.006,0.000,31.5
2026-08-03T17:28:16.932759,5711,0.272,0.005,0.000,28.9
2026-08-03T17:28:17.029753,5712,0.277,0.003,0.000,10.4
2026-08-03T17:28:17.038920,5713,0.281,0.006,0.000,120.6
2026-08-03T17:28:17.096542,5714,0.276,0.006,0.000,17.6
2026-08-03T17:28:17.165232,5715,0.275,0.004,0.000,14.8
2026-08-03T17:28:17.176647,5716,0.269,0.006,0.000,93.6
2026-08-03T17:28:17.229001,5717,0.280,0.004,0.000,19.4
2026-08-03T17:28:17.300429,5718,0.282,0.004,0.369,14.2
2026-08-03T17:28:17.326089,5719,0.280,0.004,0.369,40.7
2026-08-03T17:28:17.365156,5720,0.279,0.005,0.369,26.2
2026-08-03T17:28:17.458210,5721,0.293,0.007,0.353,10.9
2026-08-03T17:28:17.466739,5722,0.303,0.006,0.353,130.5
2026-08-03T17:28:17.526861,5723,0.320,0.004,0.353,16.8
2026-08-03T17:28:17.590806,5724,0.327,0.004,0.000,15.9
2026-08-03T17:28:17.600973,5725,0.325,0.003,0.000,105.8
2026-08-03T17:28:17.659681,5726,0.328,0.003,0.000,17.4
2026-08-03T17:28:17.729303,5727,0.320,0.003,0.000,14.6
2026-08-03T17:28:17.739844,5728,0.316,0.005,0.000,101.6
2026-08-03T17:28:17.795553,5729,0.311,0.007,0.000,18.2
2026-08-03T17:28:17.889437,5730,0.302,0.007,0.000,10.8
2026-08-03T17:28:17.897580,5731,0.298,0.006,0.000,133.0
2026-08-03T17:28:17.961041,5732,0.290,0.003,0.000,16.0
2026-08-03T17:28:18.028645,5733,0.288,0.004,0.000,15.1
2026-08-03T17:28:18.060481,5734,0.286,0.005,0.000,32.2
2026-08-03T17:28:18.095990,5735,0.286,0.005,0.000,28.8
2026-08-03T17:28:18.192021,5736,0.286,0.005,0.000,10.5
2026-08-03T17:28:18.202170,5737,0.286,0.004,0.000,106.2
2026-08-03T17:28:18.258955,5738,0.288,0.004,0.000,17.8
2026-08-03T17:28:18.324395,5739,0.290,0.004,0.349,15.6
2026-08-03T17:28:18.333891,5740,0.305,0.005,0.349,114.0
2026-08-03T17:28:18.391858,5741,0.336,0.004,0.349,17.5
2026-08-03T17:28:18.461341,5742,0.339,0.001,0.000,14.6
2026-08-03T17:28:18.491226,5743,0.343,0.001,0.000,34.2
2026-08-03T17:28:18.528226,5744,0.344,0.001,0.000,27.7
2026-08-03T17:28:18.622487,5745,0.346,0.001,0.000,10.7
2026-08-03T17:28:18.634487,5746,0.353,0.002,0.000,88.3
2026-08-03T17:28:18.690364,5747,0.362,0.003,0.000,18.3
2026-08-03T17:28:18.757533,5748,0.362,0.004,0.000,15.1
2026-08-03T17:28:18.766493,5749,0.356,0.004,0.000,121.8
2026-08-03T17:28:18.824340,5750,0.330,0.002,0.000,17.5
2026-08-03T17:28:18.892435,5751,0.329,0.003,0.000,14.9
2026-08-03T17:28:18.903384,5752,0.335,0.004,0.000,97.6
2026-08-03T17:28:18.960444,5753,0.311,0.008,0.000,17.8
2026-08-03T17:28:19.058030,5754,0.130,0.009,0.000,10.4
2026-08-03T17:28:19.071752,5755,0.158,0.007,0.000,99.0
2026-08-03T17:28:19.122577,5756,0.232,0.008,0.000,20.1
2026-08-03T17:28:19.189164,5757,0.241,0.015,0.000,15.2
2026-08-03T17:28:19.223839,5758,0.243,0.008,0.000,29.4
2026-08-03T17:28:19.259024,5759,0.227,0.020,0.000,29.3
2026-08-03T17:28:19.353221,5760,0.256,0.018,0.000,10.7
2026-08-03T17:28:19.363763,5761,0.261,0.015,0.000,101.6
2026-08-03T17:28:19.423235,5762,0.262,0.014,0.000,17.1
2026-08-03T17:28:19.489324,5763,0.262,0.016,0.000,15.3
2026-08-03T17:28:19.499666,5764,0.267,0.017,0.000,104.0
2026-08-03T17:28:19.557472,5765,0.264,0.020,0.000,17.5
2026-08-03T17:28:19.625480,5766,0.266,0.018,0.000,14.9
2026-08-03T17:28:19.655111,5767,0.268,0.022,0.000,34.5
2026-08-03T17:28:19.691620,5768,0.269,0.023,0.000,28.4
2026-08-03T17:28:19.785836,5769,0.274,0.021,0.000,10.7
2026-08-03T17:28:19.797196,5770,0.248,0.021,0.000,104.4
2026-08-03T17:28:19.855190,5771,0.257,0.019,0.000,17.4
2026-08-03T17:28:19.918454,5772,0.252,0.021,0.000,16.0
2026-08-03T17:28:19.930636,5773,0.250,0.024,0.000,87.1
2026-08-03T17:28:19.987918,5774,0.253,0.022,0.000,17.9
2026-08-03T17:28:20.055237,5775,0.237,0.027,0.000,15.1
2026-08-03T17:28:20.064185,5776,0.249,0.020,0.000,123.0
2026-08-03T17:28:20.123962,5777,0.264,0.020,0.000,17.0
2026-08-03T17:28:20.218232,5778,0.267,0.019,0.000,10.8
2026-08-03T17:28:20.226725,5779,0.266,0.018,0.000,127.0
2026-08-03T17:28:20.287994,5780,0.247,0.028,0.000,16.6
2026-08-03T17:28:20.354931,5781,0.248,0.027,0.000,15.2
2026-08-03T17:28:20.388440,5782,0.244,0.024,0.000,30.9
2026-08-03T17:28:20.423982,5783,0.250,0.023,0.000,28.9
2026-08-03T17:28:20.522351,5784,0.230,0.023,0.000,10.3
2026-08-03T17:28:20.533725,5785,0.239,0.023,0.000,96.8
2026-08-03T17:28:20.587247,5786,0.237,0.028,0.000,18.9
2026-08-03T17:28:20.654027,5787,0.247,0.021,0.000,15.4
2026-08-03T17:28:20.665489,5788,0.239,0.023,0.000,94.9
2026-08-03T17:28:20.719458,5789,0.238,0.023,0.000,18.7
2026-08-03T17:28:20.787930,5790,0.241,0.023,0.000,14.8
2026-08-03T17:28:20.818925,5791,0.248,0.023,0.000,33.1
2026-08-03T17:28:20.855577,5792,0.252,0.024,0.000,27.9
2026-08-03T17:28:20.950006,5793,0.237,0.024,0.000,10.7
2026-08-03T17:28:20.960785,5794,0.241,0.015,0.000,99.1
2026-08-03T17:28:21.021045,5795,0.251,0.016,0.000,16.8
2026-08-03T17:28:21.084237,5796,0.248,0.017,0.000,16.1
2026-08-03T17:28:21.094569,5797,0.258,0.019,0.000,104.3
2026-08-03T17:28:21.151658,5798,0.261,0.019,0.000,17.9
2026-08-03T17:28:21.218138,5799,0.252,0.020,0.000,15.3
2026-08-03T17:28:21.228848,5800,0.249,0.020,0.000,99.8
2026-08-03T17:28:21.287019,5801,0.249,0.016,0.000,17.6
2026-08-03T17:28:21.381897,5802,0.238,0.021,0.000,10.7
2026-08-03T17:28:21.393400,5803,0.242,0.020,0.000,92.2
2026-08-03T17:28:21.451963,5804,0.241,0.018,0.000,17.4
2026-08-03T17:28:21.521371,5805,0.245,0.019,0.000,14.6
2026-08-03T17:28:21.550998,5806,0.251,0.018,0.000,34.8
2026-08-03T17:28:21.589542,5807,0.259,0.018,0.000,26.9
2026-08-03T17:28:21.680848,5808,0.264,0.020,0.000,11.1
2026-08-03T17:28:21.691410,5809,0.252,0.021,0.000,102.3
2026-08-03T17:28:21.752222,5810,0.265,0.016,0.000,16.6
2026-08-03T17:28:21.819154,5811,0.252,0.018,0.000,15.2
2026-08-03T17:28:21.828912,5812,0.261,0.017,0.000,110.3
2026-08-03T17:28:21.883688,5813,0.258,0.016,0.000,18.6
2026-08-03T17:28:21.950221,5814,0.241,0.019,0.000,15.3
2026-08-03T17:28:21.985835,5815,0.244,0.019,0.000,28.6
2026-08-03T17:28:22.021496,5816,0.244,0.024,0.000,28.9
2026-08-03T17:28:22.120985,5817,0.253,0.024,0.000,10.2
2026-08-03T17:28:22.129851,5818,0.238,0.026,0.000,123.3
2026-08-03T17:28:22.183962,5819,0.238,0.019,0.000,18.7
2026-08-03T17:28:22.254549,5820,0.243,0.019,0.000,14.3
2026-08-03T17:28:22.280023,5821,0.245,0.019,0.000,40.5
2026-08-03T17:28:22.315995,5822,0.233,0.021,0.000,28.8
2026-08-03T17:28:22.392540,5823,0.236,0.019,0.000,13.2
2026-08-03T17:28:22.403713,5824,0.227,0.029,0.000,97.5
2026-08-03T17:28:22.452796,5825,0.249,0.017,0.000,21.0
2026-08-03T17:28:22.547575,5826,0.249,0.019,0.000,10.7
2026-08-03T17:28:22.559555,5827,0.245,0.021,0.000,88.2
2026-08-03T17:28:22.616997,5828,0.245,0.019,0.000,17.8
2026-08-03T17:28:22.681568,5829,0.246,0.018,0.000,15.8
2026-08-03T17:28:22.716472,5830,0.272,0.019,0.000,29.3
2026-08-03T17:28:22.752916,5831,0.286,0.015,0.000,28.3
2026-08-03T17:28:22.849587,5832,0.260,0.015,0.000,10.5
2026-08-03T17:28:22.861872,5833,0.208,0.014,0.000,87.7
2026-08-03T17:28:22.916222,5834,0.228,0.005,0.000,18.6
2026-08-03T17:28:22.981308,5835,0.239,0.002,0.000,15.7
2026-08-03T17:28:22.992502,5836,0.254,0.003,0.000,95.9
2026-08-03T17:28:23.048050,5837,0.270,0.002,0.000,18.4
2026-08-03T17:28:23.114889,5838,0.276,0.003,0.000,15.2
2026-08-03T17:28:23.149407,5839,0.287,0.003,0.000,31.4
2026-08-03T17:28:23.184286,5840,0.284,0.002,0.000,30.2
2026-08-03T17:28:23.279738,5841,0.295,0.004,0.000,10.6
2026-08-03T17:28:23.289587,5842,0.291,0.004,0.000,109.8
2026-08-03T17:28:23.347518,5843,0.303,0.005,0.000,17.5
2026-08-03T17:28:23.414413,5844,0.308,0.004,0.000,15.2
2026-08-03T17:28:23.447902,5845,0.306,0.005,0.000,30.5
2026-08-03T17:28:23.480985,5846,0.309,0.005,0.000,31.6
2026-08-03T17:28:23.552063,5847,0.310,0.007,0.000,14.4
2026-08-03T17:28:23.561777,5848,0.311,0.004,0.000,110.8
2026-08-03T17:28:23.616403,5849,0.316,0.004,0.000,19.2
2026-08-03T17:28:23.714107,5850,0.312,0.004,0.000,10.3
2026-08-03T17:28:23.722710,5851,0.307,0.004,0.000,126.9
2026-08-03T17:28:23.778973,5852,0.298,0.002,0.000,18.1
2026-08-03T17:28:23.848435,5853,0.274,0.001,0.000,14.6
2026-08-03T17:28:23.880373,5854,0.269,0.003,0.000,32.0
2026-08-03T17:28:23.916661,5855,0.215,0.006,0.000,28.8
2026-08-03T17:28:24.009941,5856,0.198,0.057,0.000,10.8
2026-08-03T17:28:24.017598,5857,0.000,0.000,0.000,167.2
2026-08-03T17:28:24.082806,5858,0.222,0.048,0.000,15.6
2026-08-03T17:28:24.148446,5859,0.220,0.052,0.000,15.5
2026-08-03T17:28:24.157111,5860,0.234,0.045,0.000,125.5
2026-08-03T17:28:24.212486,5861,0.220,0.043,0.000,18.3
2026-08-03T17:28:24.279593,5862,0.191,0.038,0.000,15.2
2026-08-03T17:28:24.312303,5863,0.147,0.020,0.000,31.2
2026-08-03T17:28:24.348072,5864,0.155,0.020,0.000,29.4
2026-08-03T17:28:24.442945,5865,0.145,0.017,0.000,10.7
2026-08-03T17:28:24.450713,5866,0.146,0.018,0.000,141.5
2026-08-03T17:28:24.512506,5867,0.137,0.019,0.000,16.4
2026-08-03T17:28:24.577009,5868,0.132,0.019,0.000,15.7
2026-08-03T17:28:24.612676,5869,0.137,0.021,0.000,28.6
2026-08-03T17:28:24.643287,5870,0.136,0.020,0.000,33.4
2026-08-03T17:28:24.709860,5871,0.135,0.017,0.000,15.3
2026-08-03T17:28:24.720906,5872,0.131,0.017,0.000,96.5
2026-08-03T17:28:24.779493,5873,0.128,0.015,0.000,17.3
2026-08-03T17:28:24.878702,5874,0.121,0.010,0.000,10.2
2026-08-03T17:28:24.891833,5875,0.117,0.013,0.000,80.4
2026-08-03T17:28:24.944208,5876,0.116,0.017,0.000,19.7
2026-08-03T17:28:25.015244,5877,0.110,0.016,0.000,14.3
2026-08-03T17:28:25.042940,5878,0.116,0.018,0.000,37.1
2026-08-03T17:28:25.081077,5879,0.112,0.016,0.000,27.0
2026-08-03T17:28:25.173224,5880,0.118,0.010,0.000,11.0
2026-08-03T17:28:25.184345,5881,0.119,0.012,0.000,95.7
2026-08-03T17:28:25.244569,5882,0.107,0.011,0.000,16.8
2026-08-03T17:28:25.302802,5883,0.128,0.012,0.000,17.5
2026-08-03T17:28:25.315062,5884,0.126,0.013,0.000,93.3
2026-08-03T17:28:25.374793,5885,0.118,0.013,0.000,16.9
2026-08-03T17:28:25.445328,5886,0.112,0.014,0.000,14.4
2026-08-03T17:28:25.474866,5887,0.095,0.013,0.000,35.2
2026-08-03T17:28:25.511911,5888,0.096,0.013,0.000,28.2
2026-08-03T17:28:25.604915,5889,0.084,0.013,0.000,10.9
2026-08-03T17:28:25.613161,5890,0.086,0.013,0.000,135.0
2026-08-03T17:28:25.675375,5891,0.132,0.020,0.000,16.3
2026-08-03T17:28:25.742718,5892,0.172,0.020,0.000,15.1
2026-08-03T17:28:25.775547,5893,0.113,0.020,0.000,31.1
2026-08-03T17:28:25.807224,5894,0.052,0.013,0.000,32.5
2026-08-03T17:28:25.877324,5895,0.036,0.012,0.000,14.5
2026-08-03T17:28:25.889211,5896,0.028,0.011,0.000,93.2
2026-08-03T17:28:25.942303,5897,0.218,0.001,0.000,19.1
2026-08-03T17:28:26.041829,5898,0.302,0.007,0.000,10.2
2026-08-03T17:28:26.050014,5899,0.314,0.003,0.000,135.0
2026-08-03T17:28:26.107689,5900,0.326,0.002,0.000,17.6
2026-08-03T17:28:26.175924,5901,0.324,0.002,0.000,14.8
2026-08-03T17:28:26.207701,5902,0.320,0.002,0.000,34.5
2026-08-03T17:28:26.244953,5903,0.317,0.002,0.000,27.4
2026-08-03T17:28:26.344254,5904,0.336,0.003,0.000,10.2
2026-08-03T17:28:26.357203,5905,0.332,0.004,0.000,85.9
2026-08-03T17:28:26.408868,5906,0.327,0.003,0.000,19.7
2026-08-03T17:28:26.472147,5907,0.326,0.004,0.000,16.2
2026-08-03T17:28:26.481082,5908,0.323,0.004,0.000,121.5
2026-08-03T17:28:26.539796,5909,0.321,0.003,0.000,17.2
2026-08-03T17:28:26.609445,5910,0.319,0.003,0.000,14.6
2026-08-03T17:28:26.637445,5911,0.318,0.003,0.000,36.6
2026-08-03T17:28:26.674604,5912,0.317,0.002,0.000,27.7
2026-08-03T17:28:26.769463,5913,0.315,0.004,0.000,10.6
2026-08-03T17:28:26.779390,5914,0.309,0.003,0.000,108.6
2026-08-03T17:28:26.838580,5915,0.310,0.002,0.000,17.2
2026-08-03T17:28:26.901683,5916,0.313,0.002,0.000,16.2
2026-08-03T17:28:26.912570,5917,0.312,0.002,0.000,98.3
2026-08-03T17:28:26.972374,5918,0.315,0.002,0.000,17.0
2026-08-03T17:28:27.038554,5919,0.320,0.003,0.000,15.3
2026-08-03T17:28:27.050598,5920,0.324,0.006,0.000,88.8
2026-08-03T17:28:27.108183,5921,0.319,0.003,0.000,17.8
2026-08-03T17:28:27.202458,5922,0.322,0.003,0.000,10.7
2026-08-03T17:28:27.213067,5923,0.320,0.006,0.000,100.1
2026-08-03T17:28:27.272203,5924,0.318,0.004,0.000,17.1
2026-08-03T17:28:27.338374,5925,0.322,0.002,0.000,15.4
2026-08-03T17:28:27.372609,5926,0.317,0.002,0.000,29.9
2026-08-03T17:28:27.407425,5927,0.299,0.004,0.000,29.4
2026-08-03T17:28:27.502738,5928,0.054,0.009,0.000,10.6
2026-08-03T17:28:27.515663,5929,0.046,0.011,0.000,111.2
2026-08-03T17:28:27.571607,5930,0.112,0.020,0.000,18.2
2026-08-03T17:28:27.637656,5931,0.161,0.052,0.000,15.5
2026-08-03T17:28:27.648332,5932,0.217,0.133,0.000,101.3
2026-08-03T17:28:27.704880,5933,0.256,0.107,0.000,18.0
2026-08-03T17:28:27.769627,5934,0.267,0.082,0.000,15.7
2026-08-03T17:28:27.803748,5935,0.264,0.029,0.000,29.9
2026-08-03T17:28:27.841180,5936,0.276,0.016,0.000,28.0
2026-08-03T17:28:27.939173,5937,0.281,0.011,0.000,10.4
2026-08-03T17:28:27.950876,5938,0.287,0.009,0.000,90.9
2026-08-03T17:28:28.004872,5939,0.279,0.009,0.000,19.0
2026-08-03T17:28:28.068888,5940,0.276,0.010,0.000,15.9
2026-08-03T17:28:28.079753,5941,0.269,0.009,0.000,98.9
2026-08-03T17:28:28.135836,5942,0.281,0.014,0.000,18.1
2026-08-03T17:28:28.208896,5943,0.285,0.013,0.000,13.9
2026-08-03T17:28:28.218120,5944,0.284,0.012,0.000,119.6
2026-08-03T17:28:28.272200,5945,0.291,0.010,0.000,18.9
2026-08-03T17:28:28.374596,5946,0.297,0.010,0.000,9.9
2026-08-03T17:28:28.383010,5947,0.295,0.008,0.000,129.4
2026-08-03T17:28:28.433878,5948,0.301,0.008,0.000,20.0
2026-08-03T17:28:28.503100,5949,0.303,0.005,0.000,14.7
2026-08-03T17:28:28.536543,5950,0.309,0.006,0.000,30.6
2026-08-03T17:28:28.573122,5951,0.306,0.007,0.000,28.2
2026-08-03T17:28:28.665853,5952,0.294,0.009,0.000,11.0
2026-08-03T17:28:28.677129,5953,0.289,0.012,0.000,94.7
2026-08-03T17:28:28.735922,5954,0.291,0.012,0.000,17.2
2026-08-03T17:28:28.800867,5955,0.289,0.012,0.000,15.6
2026-08-03T17:28:28.813945,5956,0.291,0.015,0.000,87.9
2026-08-03T17:28:28.867662,5957,0.294,0.009,0.000,18.9
2026-08-03T17:28:28.940675,5958,0.290,0.009,0.000,13.9
2026-08-03T17:28:28.965316,5959,0.297,0.007,0.000,41.7
2026-08-03T17:28:29.002470,5960,0.296,0.006,0.000,27.4
2026-08-03T17:28:29.104899,5961,0.298,0.006,0.000,9.8
2026-08-03T17:28:29.115940,5962,0.293,0.004,0.000,98.5
2026-08-03T17:28:29.167066,5963,0.295,0.010,0.000,19.9
2026-08-03T17:28:29.244591,5964,0.292,0.011,0.000,13.0
2026-08-03T17:28:29.265215,5965,0.294,0.007,0.000,51.7
2026-08-03T17:28:29.300499,5966,0.295,0.007,0.000,29.0
2026-08-03T17:28:29.372119,5967,0.297,0.007,0.000,14.2
2026-08-03T17:28:29.381879,5968,0.295,0.005,0.000,126.9
2026-08-03T17:28:29.433261,5969,0.297,0.007,0.000,19.8
2026-08-03T17:28:29.537070,5970,0.296,0.005,0.000,9.7
2026-08-03T17:28:29.545697,5971,0.299,0.005,0.000,127.0
2026-08-03T17:28:29.599901,5972,0.299,0.006,0.000,18.7
2026-08-03T17:28:29.673292,5973,0.298,0.006,0.000,13.8
2026-08-03T17:28:29.696945,5974,0.300,0.005,0.000,43.9
2026-08-03T17:28:29.734931,5975,0.299,0.006,0.000,26.9
2026-08-03T17:28:29.841252,5976,0.299,0.007,0.000,9.5
2026-08-03T17:28:29.849715,5977,0.299,0.007,0.000,133.7
2026-08-03T17:28:29.899447,5978,0.300,0.007,0.000,20.4
2026-08-03T17:28:29.963934,5979,0.301,0.008,0.000,15.8
2026-08-03T17:28:29.972156,5980,0.300,0.009,0.000,133.1
2026-08-03T17:28:30.031151,5981,0.298,0.022,0.000,17.2
2026-08-03T17:28:30.102886,5982,0.298,0.026,0.000,14.1
2026-08-03T17:28:30.128788,5983,0.297,0.039,0.000,40.5
2026-08-03T17:28:30.167197,5984,0.296,0.049,0.000,26.5
2026-08-03T17:28:30.261345,5985,0.293,0.066,0.000,10.8
2026-08-03T17:28:30.269236,5986,0.289,0.081,0.000,139.0
2026-08-03T17:28:30.332232,5987,0.286,0.084,0.000,16.1
2026-08-03T17:28:30.402865,5988,0.284,0.068,0.000,14.3
2026-08-03T17:28:30.431980,5989,0.283,0.046,0.000,36.0
2026-08-03T17:28:30.463857,5990,0.291,0.049,0.000,32.6
2026-08-03T17:28:30.531078,5991,0.290,0.048,0.000,15.2
2026-08-03T17:28:30.542615,5992,0.287,0.050,0.000,97.5
2026-08-03T17:28:30.602775,5993,0.289,0.039,0.000,16.8
2026-08-03T17:28:30.698501,5994,0.288,0.051,0.000,10.6
2026-08-03T17:28:30.708311,5995,0.288,0.026,0.000,110.0
2026-08-03T17:28:30.763735,5996,0.284,0.022,0.000,18.5
2026-08-03T17:28:30.831557,5997,0.120,0.024,0.000,15.0
2026-08-03T17:28:30.864567,5998,0.029,0.012,0.000,31.1
2026-08-03T17:28:30.899518,5999,0.042,0.004,0.000,29.4
2026-08-03T17:28:30.993287,6000,0.106,0.034,0.539,10.8
2026-08-03T17:28:31.005745,6001,0.162,0.008,0.539,85.5
2026-08-03T17:28:31.064303,6002,0.236,0.003,0.539,17.6
2026-08-03T17:28:31.130158,6003,0.254,0.002,0.000,15.4
2026-08-03T17:28:31.141647,6004,0.268,0.009,0.000,93.4
2026-08-03T17:28:31.194957,6005,0.282,0.008,0.000,19.0
2026-08-03T17:28:31.263460,6006,0.285,0.009,0.000,14.8
2026-08-03T17:28:31.295315,6007,0.296,0.008,0.000,32.1
2026-08-03T17:28:31.331542,6008,0.301,0.008,0.000,28.7
2026-08-03T17:28:31.425669,6009,0.295,0.006,0.000,10.8
2026-08-03T17:28:31.434983,6010,0.295,0.004,0.000,116.3
2026-08-03T17:28:31.495608,6011,0.305,0.013,0.000,17.2
2026-08-03T17:28:31.563083,6012,0.304,0.019,0.000,15.1
2026-08-03T17:28:31.592228,6013,0.303,0.013,0.000,35.1
2026-08-03T17:28:31.627050,6014,0.305,0.008,0.000,29.3
2026-08-03T17:28:31.699746,6015,0.304,0.008,0.000,13.9
2026-08-03T17:28:31.709131,6016,0.300,0.005,0.000,115.4
2026-08-03T17:28:31.763949,6017,0.299,0.005,0.000,18.6
2026-08-03T17:28:31.867042,6018,0.307,0.005,0.000,9.9
2026-08-03T17:28:31.876281,6019,0.303,0.009,0.000,116.9
2026-08-03T17:28:31.928206,6020,0.302,0.007,0.000,19.6
2026-08-03T17:28:31.999215,6021,0.294,0.007,0.000,14.4
2026-08-03T17:28:32.027075,6022,0.290,0.006,0.000,36.9
2026-08-03T17:28:32.066040,6023,0.287,0.005,0.000,26.3
2026-08-03T17:28:32.165121,6024,0.293,0.005,0.000,10.2
2026-08-03T17:28:32.175681,6025,0.297,0.005,0.000,101.5
2026-08-03T17:28:32.226835,6026,0.299,0.006,0.000,19.9
2026-08-03T17:28:32.290832,6027,0.298,0.006,0.000,15.9
2026-08-03T17:28:32.299800,6028,0.298,0.007,0.000,122.5
2026-08-03T17:28:32.361265,6029,0.293,0.006,0.000,16.6
2026-08-03T17:28:32.428485,6030,0.289,0.005,0.000,15.2
2026-08-03T17:28:32.457363,6031,0.283,0.171,0.000,35.5
2026-08-03T17:28:32.496814,6032,0.287,0.199,0.000,26.0
2026-08-03T17:28:32.596058,6033,0.290,0.083,0.000,10.2
2026-08-03T17:28:32.606663,6034,0.271,0.057,0.000,101.8
2026-08-03T17:28:32.658775,6035,0.113,0.120,0.000,19.5
2026-08-03T17:28:32.732016,6036,0.065,0.096,0.000,13.8
2026-08-03T17:28:32.760604,6037,0.060,0.082,0.000,36.3
2026-08-03T17:28:32.792528,6038,0.061,0.042,0.000,32.8
2026-08-03T17:28:32.858462,6039,0.061,0.028,0.000,15.4
2026-08-03T17:28:32.868997,6040,0.072,0.029,0.000,101.4
2026-08-03T17:28:32.929406,6041,0.075,0.014,0.000,16.8
2026-08-03T17:28:33.021319,6042,0.080,0.007,0.000,11.0
2026-08-03T17:28:33.031864,6043,0.082,0.007,0.000,102.5
2026-08-03T17:28:33.092433,6044,0.058,0.008,0.000,16.9
2026-08-03T17:28:33.166324,6045,0.059,0.011,0.000,13.7
2026-08-03T17:28:33.189955,6046,0.077,0.011,0.000,43.6
2026-08-03T17:28:33.227557,6047,0.139,0.016,0.000,27.3
2026-08-03T17:28:33.324300,6048,0.216,0.008,0.000,10.5
2026-08-03T17:28:33.334806,6049,0.221,0.007,0.000,103.2
2026-08-03T17:28:33.390844,6050,0.239,0.010,0.000,18.1
2026-08-03T17:28:33.460305,6051,0.243,0.020,0.000,14.6
2026-08-03T17:28:33.471498,6052,0.245,0.033,0.000,96.0
2026-08-03T17:28:33.525629,6053,0.246,0.024,0.000,18.9
2026-08-03T17:28:33.592156,6054,0.244,0.037,0.000,15.4
2026-08-03T17:28:33.624775,6055,0.249,0.025,0.000,31.4
2026-08-03T17:28:33.660922,6056,0.249,0.032,0.000,29.1
2026-08-03T17:28:33.755029,6057,0.253,0.029,0.000,10.9
2026-08-03T17:28:33.764271,6058,0.242,0.038,0.000,118.7
2026-08-03T17:28:33.823906,6059,0.258,0.048,0.000,17.0
2026-08-03T17:28:33.893320,6060,0.251,0.027,0.000,14.7
2026-08-03T17:28:33.923628,6061,0.256,0.019,0.000,33.9
2026-08-03T17:28:33.956951,6062,0.256,0.016,0.000,31.4
2026-08-03T17:28:34.022877,6063,0.270,0.013,0.000,15.4
2026-08-03T17:28:34.033730,6064,0.278,0.013,0.000,99.6
2026-08-03T17:28:34.091855,6065,0.318,0.012,0.000,17.6
2026-08-03T17:28:34.187452,6066,0.322,0.027,0.000,10.6
2026-08-03T17:28:34.198080,6067,0.310,0.055,0.000,100.0
2026-08-03T17:28:34.255982,6068,0.299,0.055,0.000,17.6
2026-08-03T17:28:34.324081,6069,0.296,0.049,0.000,15.0
2026-08-03T17:28:34.355632,6070,0.294,0.093,0.000,32.4
2026-08-03T17:28:34.392124,6071,0.292,0.110,0.000,28.3
2026-08-03T17:28:34.488969,6072,0.276,0.146,0.000,10.4
2026-08-03T17:28:34.498451,6073,0.273,0.147,0.000,114.3
2026-08-03T17:28:34.556348,6074,0.260,0.136,0.000,17.6
2026-08-03T17:28:34.617218,6075,0.245,0.117,0.000,16.7
2026-08-03T17:28:34.628133,6076,0.231,0.114,0.000,98.1
2026-08-03T17:28:34.688567,6077,0.225,0.032,0.000,16.8
2026-08-03T17:28:34.756318,6078,0.226,0.008,0.000,15.0
2026-08-03T17:28:34.786743,6079,0.220,0.004,0.000,33.6
2026-08-03T17:28:34.826809,6080,0.223,0.005,0.000,25.7
2026-08-03T17:28:34.920601,6081,0.232,0.006,0.000,10.8
2026-08-03T17:28:34.929500,6082,0.243,0.004,0.000,122.3
2026-08-03T17:28:34.988552,6083,0.246,0.003,0.000,17.6
2026-08-03T17:28:35.054095,6084,0.245,0.004,0.000,15.6
2026-08-03T17:28:35.086874,6085,0.243,0.005,0.000,31.2
2026-08-03T17:28:35.119843,6086,0.241,0.006,0.000,31.0
2026-08-03T17:28:35.187671,6087,0.236,0.006,0.000,15.0
2026-08-03T17:28:35.198590,6088,0.242,0.004,0.000,98.4
2026-08-03T17:28:35.256859,6089,0.236,0.004,0.000,17.4
2026-08-03T17:28:35.349112,6090,0.165,0.003,0.000,11.0
2026-08-03T17:28:35.358470,6091,0.045,0.004,0.000,114.4
2026-08-03T17:28:35.420848,6092,0.024,0.004,0.000,16.5
2026-08-03T17:28:35.488045,6093,0.030,0.004,0.000,15.2
2026-08-03T17:28:35.521335,6094,0.040,0.005,0.000,30.8
2026-08-03T17:28:35.556325,6095,0.043,0.005,0.000,29.7
2026-08-03T17:28:35.650650,6096,0.092,0.004,0.000,10.8
2026-08-03T17:28:35.662936,6097,0.110,0.004,0.000,86.5
2026-08-03T17:28:35.721371,6098,0.126,0.003,0.000,17.6
2026-08-03T17:28:35.782689,6099,0.134,0.003,0.000,16.6
2026-08-03T17:28:35.794612,6100,0.142,0.003,0.000,97.3
2026-08-03T17:28:35.852518,6101,0.154,0.003,0.000,17.6
2026-08-03T17:28:35.920964,6102,0.159,0.002,0.000,14.8
2026-08-03T17:28:35.950862,6103,0.165,0.002,0.000,34.3
2026-08-03T17:28:35.987753,6104,0.166,0.003,0.000,28.2
2026-08-03T17:28:36.082413,6105,0.164,0.003,0.000,10.7
2026-08-03T17:28:36.094492,6106,0.164,0.003,0.000,88.2
2026-08-03T17:28:36.151672,6107,0.167,0.003,0.000,17.9
2026-08-03T17:28:36.222555,6108,0.172,0.002,0.000,14.4
2026-08-03T17:28:36.250424,6109,0.173,0.002,0.000,37.0
2026-08-03T17:28:36.286006,6110,0.176,0.002,0.000,29.2
2026-08-03T17:28:36.352013,6111,0.175,0.002,0.000,15.5
2026-08-03T17:28:36.361528,6112,0.175,0.002,0.000,113.5
2026-08-03T17:28:36.418036,6113,0.173,0.002,0.000,18.0
2026-08-03T17:28:36.516312,6114,0.170,0.003,0.000,10.3
2026-08-03T17:28:36.524880,6115,0.175,0.003,0.000,125.8
2026-08-03T17:28:36.584176,6116,0.174,0.003,0.000,17.1
2026-08-03T17:28:36.649808,6117,0.175,0.004,0.000,15.4
2026-08-03T17:28:36.684151,6118,0.177,0.004,0.000,30.7
2026-08-03T17:28:36.720595,6119,0.179,0.003,0.000,28.1
2026-08-03T17:28:36.823959,6120,0.185,0.003,0.000,9.8
2026-08-03T17:28:36.836360,6121,0.184,0.002,0.000,89.1
2026-08-03T17:28:36.883921,6122,0.174,0.002,0.000,21.4
2026-08-03T17:28:36.948871,6123,0.174,0.002,0.000,15.7
2026-08-03T17:28:36.961265,6124,0.174,0.002,0.000,89.7
2026-08-03T17:28:37.015095,6125,0.092,0.002,0.000,18.9
2026-08-03T17:28:37.091857,6126,0.057,0.002,0.000,13.2
2026-08-03T17:28:37.112591,6127,0.071,0.003,0.000,49.9
2026-08-03T17:28:37.151517,6128,0.080,0.002,0.000,26.7
2026-08-03T17:28:37.248044,6129,0.113,0.003,0.000,10.5
2026-08-03T17:28:37.256987,6130,0.145,0.003,0.000,121.3
2026-08-03T17:28:37.313382,6131,0.182,0.003,0.000,18.0
2026-08-03T17:28:37.383519,6132,0.195,0.002,0.000,14.4
2026-08-03T17:28:37.415279,6133,0.220,0.002,0.000,32.3
2026-08-03T17:28:37.449492,6134,0.229,0.003,0.000,29.9
2026-08-03T17:28:37.518115,6135,0.237,0.004,0.000,14.8
2026-08-03T17:28:37.527374,6136,0.246,0.005,0.000,117.1
2026-08-03T17:28:37.584811,6137,0.248,0.004,0.000,17.7
2026-08-03T17:28:37.680143,6138,0.254,0.001,0.000,10.6
2026-08-03T17:28:37.688764,6139,0.256,0.003,0.000,125.8
2026-08-03T17:28:37.747225,6140,0.252,0.001,0.000,17.5
2026-08-03T17:28:37.816845,6141,0.247,0.001,0.000,14.6
2026-08-03T17:28:37.848188,6142,0.239,0.007,0.000,32.7
2026-08-03T17:28:37.884308,6143,0.162,0.008,0.000,28.8
2026-08-03T17:28:37.977889,6144,0.040,0.011,0.000,10.9
2026-08-03T17:28:37.988870,6145,0.045,0.012,0.000,99.1
2026-08-03T17:28:38.048115,6146,0.124,0.010,0.000,17.2
2026-08-03T17:28:38.113939,6147,0.166,0.005,0.000,15.4
2026-08-03T17:28:38.124783,6148,0.206,0.005,0.000,98.9
2026-08-03T17:28:38.178830,6149,0.252,0.002,0.000,18.8
2026-08-03T17:28:38.246592,6150,0.279,0.003,0.000,15.0
2026-08-03T17:28:38.281481,6151,0.311,0.005,0.000,29.2
2026-08-03T17:28:38.316379,6152,0.323,0.005,0.000,29.9
2026-08-03T17:28:38.410224,6153,0.301,0.009,0.000,10.8
2026-08-03T17:28:38.420973,6154,0.279,0.006,0.000,99.5
2026-08-03T17:28:38.480549,6155,0.277,0.008,0.000,17.0
2026-08-03T17:28:38.550280,6156,0.267,0.009,0.000,14.6
2026-08-03T17:28:38.578820,6157,0.267,0.008,0.000,35.9
2026-08-03T17:28:38.612298,6158,0.270,0.008,0.000,30.7
2026-08-03T17:28:38.682767,6159,0.273,0.004,0.000,14.5
2026-08-03T17:28:38.692428,6160,0.272,0.002,0.000,111.9
2026-08-03T17:28:38.747126,6161,0.267,0.002,0.000,18.8
2026-08-03T17:28:38.845062,6162,0.267,0.006,0.000,10.3
2026-08-03T17:28:38.855051,6163,0.273,0.005,0.000,107.2
2026-08-03T17:28:38.912839,6164,0.271,0.007,0.000,17.6
2026-08-03T17:28:38.986352,6165,0.276,0.008,0.000,13.8
2026-08-03T17:28:39.012506,6166,0.276,0.010,0.000,40.2
2026-08-03T17:28:39.046791,6167,0.277,0.009,0.000,30.0
2026-08-03T17:28:39.143788,6168,0.281,0.009,0.000,10.4
2026-08-03T17:28:39.154764,6169,0.285,0.010,0.000,97.5
2026-08-03T17:28:39.211937,6170,0.285,0.012,0.000,18.3
2026-08-03T17:28:39.277656,6171,0.282,0.012,0.000,15.5
2026-08-03T17:28:39.287028,6172,0.280,0.013,0.000,116.8
2026-08-03T17:28:39.343503,6173,0.280,0.012,0.000,17.9
2026-08-03T17:28:39.414215,6174,0.280,0.013,0.000,14.4
2026-08-03T17:28:39.441947,6175,0.280,0.014,0.000,36.9
2026-08-03T17:28:39.480895,6176,0.280,0.012,0.000,26.5
2026-08-03T17:28:39.573008,6177,0.280,0.013,0.000,11.0
2026-08-03T17:28:39.585426,6178,0.280,0.010,0.000,92.3
2026-08-03T17:28:39.643905,6179,0.276,0.010,0.000,17.4
2026-08-03T17:28:39.714251,6180,0.279,0.006,0.000,14.4
2026-08-03T17:28:39.740803,6181,0.280,0.005,0.000,38.8
2026-08-03T17:28:39.775084,6182,0.281,0.004,0.000,30.1
2026-08-03T17:28:39.848866,6183,0.284,0.004,0.000,13.7
2026-08-03T17:28:39.859251,6184,0.280,0.004,0.000,106.6
2026-08-03T17:28:39.910152,6185,0.285,0.006,0.000,20.0
2026-08-03T17:28:40.018565,6186,0.281,0.005,0.000,9.3
2026-08-03T17:28:40.029635,6187,0.282,0.007,0.000,101.1
2026-08-03T17:28:40.077886,6188,0.283,0.010,0.000,21.1
2026-08-03T17:28:40.146281,6189,0.284,0.007,0.000,14.9
2026-08-03T17:28:40.174368,6190,0.285,0.006,0.000,36.5
2026-08-03T17:28:40.213576,6191,0.286,0.005,0.000,26.3
2026-08-03T17:28:40.313073,6192,0.287,0.005,0.000,10.1
2026-08-03T17:28:40.323486,6193,0.286,0.004,0.000,103.6
2026-08-03T17:28:40.374486,6194,0.286,0.005,0.000,20.0
2026-08-03T17:28:40.448271,6195,0.287,0.005,0.000,13.7
2026-08-03T17:28:40.458913,6196,0.286,0.004,0.000,101.8
2026-08-03T17:28:40.505904,6197,0.285,0.005,0.000,21.6
2026-08-03T17:28:40.580508,6198,0.286,0.003,0.000,13.6
2026-08-03T17:28:40.605405,6199,0.285,0.003,0.000,43.3
2026-08-03T17:28:40.644757,6200,0.280,0.006,0.000,25.9
2026-08-03T17:28:40.738334,6201,0.074,0.006,0.000,10.8
2026-08-03T17:28:40.748894,6202,0.076,0.005,0.000,102.0
2026-08-03T17:28:40.808343,6203,0.105,0.008,0.000,17.0
2026-08-03T17:28:40.875145,6204,0.173,0.008,0.000,15.2
2026-08-03T17:28:40.910076,6205,0.239,0.006,0.000,29.2
2026-08-03T17:28:40.941341,6206,0.259,0.006,0.000,33.0
2026-08-03T17:28:41.009745,6207,0.276,0.006,0.000,14.9
2026-08-03T17:28:41.020458,6208,0.283,0.006,0.000,100.1
2026-08-03T17:28:41.075004,6209,0.293,0.006,0.000,18.7
2026-08-03T17:28:41.172243,6210,0.297,0.006,0.000,10.4
2026-08-03T17:28:41.182602,6211,0.300,0.006,0.000,105.1
2026-08-03T17:28:41.240154,6212,0.301,0.005,0.000,17.6
2026-08-03T17:28:41.307559,6213,0.301,0.005,0.000,15.1
2026-08-03T17:28:41.340303,6214,0.303,0.005,0.000,31.3
2026-08-03T17:28:41.375337,6215,0.300,0.005,0.000,29.2
2026-08-03T17:28:41.471940,6216,0.304,0.005,0.000,10.5
2026-08-03T17:28:41.483280,6217,0.304,0.004,0.000,95.2
2026-08-03T17:28:41.541350,6218,0.306,0.004,0.000,17.5
2026-08-03T17:28:41.602320,6219,0.307,0.003,0.000,16.7
2026-08-03T17:28:41.613520,6220,0.309,0.003,0.000,95.4
2026-08-03T17:28:41.672217,6221,0.306,0.004,0.000,17.3
2026-08-03T17:28:41.742732,6222,0.306,0.001,0.000,14.4
2026-08-03T17:28:41.770549,6223,0.305,0.005,0.000,36.8
2026-08-03T17:28:41.808469,6224,0.304,0.005,0.000,27.0
2026-08-03T17:28:41.904195,6225,0.302,0.005,0.000,10.6
2026-08-03T17:28:41.914918,6226,0.303,0.005,0.000,100.4
2026-08-03T17:28:41.972003,6227,0.302,0.005,0.000,17.7
2026-08-03T17:28:42.041822,6228,0.301,0.005,0.000,14.6
2026-08-03T17:28:42.071844,6229,0.301,0.005,0.000,34.2
2026-08-03T17:28:42.103971,6230,0.301,0.005,0.000,32.1
2026-08-03T17:28:42.173069,6231,0.302,0.005,0.000,14.6
2026-08-03T17:28:42.183102,6232,0.303,0.005,0.000,106.9
2026-08-03T17:28:42.240690,6233,0.302,0.005,0.000,17.6
2026-08-03T17:28:42.333326,6234,0.302,0.005,0.000,10.9
2026-08-03T17:28:42.344362,6235,0.302,0.007,0.000,96.2
2026-08-03T17:28:42.403360,6236,0.302,0.004,0.000,17.1
2026-08-03T17:28:42.472956,6237,0.303,0.004,0.000,14.6
2026-08-03T17:28:42.504109,6238,0.306,0.004,0.000,32.8
2026-08-03T17:28:42.539693,6239,0.305,0.005,0.000,29.8
2026-08-03T17:28:42.635159,6240,0.304,0.004,0.000,10.6
2026-08-03T17:28:42.647470,6241,0.303,0.004,0.000,86.0
2026-08-03T17:28:42.704749,6242,0.305,0.005,0.000,17.8
2026-08-03T17:28:42.766314,6243,0.305,0.005,0.000,16.5
2026-08-03T17:28:42.778373,6244,0.306,0.004,0.000,88.0
2026-08-03T17:28:42.836298,6245,0.308,0.005,0.000,17.6
2026-08-03T17:28:42.905480,6246,0.309,0.006,0.000,14.6
2026-08-03T17:28:42.936160,6247,0.308,0.006,0.000,33.4
2026-08-03T17:28:42.973507,6248,0.307,0.005,0.000,27.3
2026-08-03T17:28:43.068190,6249,0.306,0.004,0.000,10.7
2026-08-03T17:28:43.077480,6250,0.305,0.004,0.000,117.5
2026-08-03T17:28:43.136008,6251,0.306,0.004,0.000,18.1
2026-08-03T17:28:43.203275,6252,0.305,0.004,0.000,15.2
2026-08-03T17:28:43.236122,6253,0.306,0.005,0.000,31.1
2026-08-03T17:28:43.268395,6254,0.307,0.005,0.000,31.8
2026-08-03T17:28:43.334713,6255,0.307,0.004,0.000,15.4
2026-08-03T17:28:43.343331,6256,0.307,0.007,0.000,126.8
2026-08-03T17:28:43.404200,6257,0.306,0.011,0.000,17.1
2026-08-03T17:28:43.503674,6258,0.308,0.244,0.000,10.2
2026-08-03T17:28:43.515754,6259,0.300,0.256,0.000,87.2
2026-08-03T17:28:43.567544,6260,0.273,0.267,0.000,19.9
2026-08-03T17:28:43.633618,6261,0.079,0.295,0.000,15.4
2026-08-03T17:28:43.666510,6262,0.050,0.412,0.000,31.2
2026-08-03T17:28:43.703209,6263,0.056,0.379,0.000,27.9
2026-08-03T17:28:43.797016,6264,0.070,0.361,0.000,10.8
2026-08-03T17:28:43.808404,6265,0.065,0.331,0.000,93.3
2026-08-03T17:28:43.867242,6266,0.074,0.195,0.000,17.3
2026-08-03T17:28:43.930788,6267,0.081,0.101,0.000,16.0
2026-08-03T17:28:43.941695,6268,0.094,0.034,0.000,97.8
2026-08-03T17:28:43.999078,6269,0.092,0.014,0.000,17.6
2026-08-03T17:28:44.068237,6270,0.077,0.006,0.000,14.7
2026-08-03T17:28:44.099468,6271,0.076,0.010,0.000,32.7
2026-08-03T17:28:44.137467,6272,0.062,0.012,0.000,27.1
2026-08-03T17:28:44.237700,6273,0.089,0.008,0.000,10.1
2026-08-03T17:28:44.249626,6274,0.153,0.004,0.000,97.6
2026-08-03T17:28:44.299263,6275,0.219,0.022,0.000,20.5
2026-08-03T17:28:44.373425,6276,0.233,0.020,0.000,13.7
2026-08-03T17:28:44.397173,6277,0.251,0.148,0.000,43.5
2026-08-03T17:28:44.432177,6278,0.257,0.227,0.000,29.3
2026-08-03T17:28:44.504331,6279,0.256,0.259,0.000,14.0
2026-08-03T17:28:44.514139,6280,0.258,0.393,0.000,111.5
2026-08-03T17:28:44.568692,6281,0.265,0.538,0.000,18.6
2026-08-03T17:28:44.666206,6282,0.262,0.672,0.000,10.4
2026-08-03T17:28:44.676170,6283,0.263,0.724,0.000,107.5
2026-08-03T17:28:44.731977,6284,0.258,0.919,0.000,18.1
2026-08-03T17:28:44.800043,6285,0.265,0.976,0.000,15.0
2026-08-03T17:28:44.831887,6286,0.272,1.020,0.000,32.1
2026-08-03T17:28:44.869614,6287,0.267,1.061,0.000,27.4
2026-08-03T17:28:44.961614,6288,0.258,1.112,0.000,11.0
2026-08-03T17:28:44.973375,6289,0.256,0.984,0.000,90.3
2026-08-03T17:28:45.032246,6290,0.238,0.535,0.000,17.2
2026-08-03T17:28:45.096150,6291,0.235,0.371,0.000,15.9
2026-08-03T17:28:45.105996,6292,0.240,0.282,0.000,109.1
2026-08-03T17:28:45.163248,6293,0.243,0.183,0.000,17.7
2026-08-03T17:28:45.230800,6294,0.244,0.136,0.000,15.1
2026-08-03T17:28:45.265228,6295,0.233,0.106,0.000,29.6
2026-08-03T17:28:45.300930,6296,0.234,0.196,0.000,29.2
2026-08-03T17:28:45.394762,6297,0.245,0.535,0.000,10.8
2026-08-03T17:28:45.405583,6298,0.245,0.681,0.000,98.6
2026-08-03T17:28:45.464316,6299,0.254,0.832,0.000,17.3
2026-08-03T17:28:45.531285,6300,0.249,0.843,0.000,15.1
2026-08-03T17:28:45.563731,6301,0.253,0.761,0.000,31.4
2026-08-03T17:28:45.597235,6302,0.254,0.560,0.000,30.7
2026-08-03T17:28:45.663730,6303,0.250,0.413,0.000,15.3
2026-08-03T17:28:45.672813,6304,0.252,0.351,0.000,119.9
2026-08-03T17:28:45.731699,6305,0.262,0.305,0.000,17.3
2026-08-03T17:28:45.829551,6306,0.277,0.447,0.000,10.3
2026-08-03T17:28:45.839943,6307,0.289,0.482,0.000,103.0
2026-08-03T17:28:45.896988,6308,0.303,0.481,0.000,17.9
2026-08-03T17:28:45.966762,6309,0.306,0.436,0.000,14.6
2026-08-03T17:28:45.996751,6310,0.280,0.219,0.000,34.2
2026-08-03T17:28:46.033143,6311,0.281,0.147,0.000,28.8
2026-08-03T17:28:46.128407,6312,0.270,0.024,0.000,10.7
2026-08-03T17:28:46.139049,6313,0.263,0.015,0.000,100.3
2026-08-03T17:28:46.197215,6314,0.245,0.016,0.000,17.5
2026-08-03T17:28:46.259882,6315,0.117,0.019,0.000,16.3
2026-08-03T17:28:46.270476,6316,0.034,0.021,0.000,101.3
2026-08-03T17:28:46.327889,6317,0.037,0.014,0.000,17.7
2026-08-03T17:28:46.398665,6318,0.056,0.013,0.000,14.4
2026-08-03T17:28:46.428067,6319,0.147,0.033,0.000,34.8
2026-08-03T17:28:46.465130,6320,0.205,0.169,0.000,28.3
2026-08-03T17:28:46.559997,6321,0.263,0.364,0.000,10.7
2026-08-03T17:28:46.570915,6322,0.288,0.411,0.000,97.4
2026-08-03T17:28:46.629186,6323,0.295,0.440,0.000,17.4
2026-08-03T17:28:46.694466,6324,0.297,0.450,0.000,15.5
2026-08-03T17:28:46.730403,6325,0.298,0.473,0.000,28.3
2026-08-03T17:28:46.761010,6326,0.299,0.466,0.000,33.5
2026-08-03T17:28:46.827901,6327,0.300,0.480,0.000,15.1
2026-08-03T17:28:46.836311,6328,0.299,0.469,0.000,128.9
2026-08-03T17:28:46.896093,6329,0.305,0.437,0.000,17.0
2026-08-03T17:28:46.989230,6330,0.295,0.254,0.000,10.9
2026-08-03T17:28:46.998599,6331,0.293,0.155,0.000,127.3
2026-08-03T17:28:47.060773,6332,0.283,0.030,0.000,16.3
2026-08-03T17:28:47.127789,6333,0.278,0.014,0.000,15.2
2026-08-03T17:28:47.159685,6334,0.275,0.014,0.000,32.1
2026-08-03T17:28:47.196145,6335,0.273,0.010,0.000,28.6
2026-08-03T17:28:47.297042,6336,0.274,0.007,0.000,10.1
2026-08-03T17:28:47.305957,6337,0.275,0.009,0.000,122.0
2026-08-03T17:28:47.359043,6338,0.275,0.010,0.000,19.3
2026-08-03T17:28:47.424210,6339,0.275,0.009,0.000,15.7
2026-08-03T17:28:47.434213,6340,0.275,0.004,0.000,107.4
2026-08-03T17:28:47.493224,6341,0.269,0.136,0.000,17.2
2026-08-03T17:28:47.563190,6342,0.275,0.330,0.000,14.5
2026-08-03T17:28:47.590270,6343,0.282,0.550,0.000,37.9
2026-08-03T17:28:47.627265,6344,0.285,0.624,0.000,27.7
2026-08-03T17:28:47.724448,6345,0.287,0.761,0.000,10.4
2026-08-03T17:28:47.736594,6346,0.283,0.787,0.000,87.3
2026-08-03T17:28:47.792450,6347,0.279,0.831,0.000,18.3
2026-08-03T17:28:47.860615,6348,0.277,0.844,0.000,14.9
2026-08-03T17:28:47.892436,6349,0.271,0.811,0.000,32.2
2026-08-03T17:28:47.925184,6350,0.269,0.848,0.000,31.9
2026-08-03T17:28:47.995530,6351,0.270,0.830,0.000,14.4
2026-08-03T17:28:48.007680,6352,0.265,0.821,0.000,87.4
2026-08-03T17:28:48.060210,6353,0.258,0.404,0.000,19.4
2026-08-03T17:28:48.156033,6354,0.258,0.195,0.000,10.6
2026-08-03T17:28:48.167168,6355,0.261,0.133,0.000,95.6
2026-08-03T17:28:48.224539,6356,0.259,0.040,0.000,17.8
2026-08-03T17:28:48.295159,6357,0.258,0.026,0.000,14.5
2026-08-03T17:28:48.324365,6358,0.273,0.021,0.000,35.2
2026-08-03T17:28:48.361801,6359,0.285,0.024,0.000,27.5
2026-08-03T17:28:48.458105,6360,0.300,0.021,0.000,10.5
2026-08-03T17:28:48.469175,6361,0.303,0.016,0.000,97.5
2026-08-03T17:28:48.524141,6362,0.307,0.015,0.000,18.9
2026-08-03T17:28:48.591365,6363,0.317,0.011,0.000,15.2
2026-08-03T17:28:48.603110,6364,0.325,0.010,0.000,90.8
2026-08-03T17:28:48.657822,6365,0.328,0.011,0.000,18.7
2026-08-03T17:28:48.726498,6366,0.328,0.010,0.000,14.8
2026-08-03T17:28:48.756085,6367,0.330,0.011,0.000,34.6
2026-08-03T17:28:48.794579,6368,0.330,0.012,0.000,26.9
2026-08-03T17:28:48.886165,6369,0.335,0.009,0.000,11.1
2026-08-03T17:28:48.897889,6370,0.334,0.009,0.000,90.3
2026-08-03T17:28:48.956007,6371,0.335,0.009,0.000,17.6
2026-08-03T17:28:49.026271,6372,0.336,0.010,0.000,14.5
2026-08-03T17:28:49.054075,6373,0.335,0.009,0.000,36.9
2026-08-03T17:28:49.088616,6374,0.335,0.009,0.000,29.9
2026-08-03T17:28:49.157541,6375,0.335,0.009,0.000,14.8
2026-08-03T17:28:49.167039,6376,0.334,0.007,0.000,115.0
2026-08-03T17:28:49.224812,6377,0.333,0.008,0.000,18.1
2026-08-03T17:28:49.320043,6378,0.331,0.007,0.000,10.6
2026-08-03T17:28:49.329384,6379,0.328,0.010,0.000,116.5
2026-08-03T17:28:49.388250,6380,0.325,0.006,0.000,17.3
2026-08-03T17:28:49.454712,6381,0.323,0.007,0.000,15.3
2026-08-03T17:28:49.488967,6382,0.320,0.008,0.000,30.0
2026-08-03T17:28:49.525660,6383,0.318,0.008,0.000,28.1
2026-08-03T17:28:49.618489,6384,0.312,0.008,0.000,10.9
2026-08-03T17:28:49.629193,6385,0.310,0.008,0.000,99.8
2026-08-03T17:28:49.687493,6386,0.298,0.008,0.000,17.4
2026-08-03T17:28:49.751050,6387,0.267,0.006,0.000,16.1
2026-08-03T17:28:49.761736,6388,0.107,0.006,0.000,100.7
2026-08-03T17:28:49.820469,6389,0.037,0.013,0.000,17.3
2026-08-03T17:28:49.890037,6390,0.037,0.014,0.000,14.7
2026-08-03T17:28:49.920268,6391,0.052,0.020,0.000,33.9
2026-08-03T17:28:49.957270,6392,0.076,0.020,0.000,28.1
2026-08-03T17:28:50.051780,6393,0.111,0.012,0.000,10.7
2026-08-03T17:28:50.062621,6394,0.125,0.012,0.000,99.1
2026-08-03T17:28:50.120203,6395,0.138,0.010,0.000,17.6
2026-08-03T17:28:50.185966,6396,0.146,0.010,0.000,15.7
2026-08-03T17:28:50.220757,6397,0.162,0.003,0.000,29.4
2026-08-03T17:28:50.252993,6398,0.173,0.003,0.000,31.9
2026-08-03T17:28:50.320004,6399,0.182,0.006,0.000,15.3
2026-08-03T17:28:50.330172,6400,0.188,0.004,0.000,116.3
2026-08-03T17:28:50.387955,6401,0.193,0.002,0.000,17.6
2026-08-03T17:28:50.482112,6402,0.202,0.007,0.000,10.8
2026-08-03T17:28:50.494643,6403,0.208,0.013,0.000,91.0
2026-08-03T17:28:50.553132,6404,0.218,0.022,0.000,17.4
2026-08-03T17:28:50.618727,6405,0.225,0.120,0.000,15.6
2026-08-03T17:28:50.650663,6406,0.238,0.153,0.000,32.1
2026-08-03T17:28:50.688445,6407,0.245,0.150,0.000,27.1
2026-08-03T17:28:50.783206,6408,0.260,0.186,0.000,10.7
2026-08-03T17:28:50.791210,6409,0.264,0.211,0.000,137.0
2026-08-03T17:28:50.853553,6410,0.262,0.364,0.000,16.3
2026-08-03T17:28:50.921214,6411,0.262,0.467,0.000,15.1
2026-08-03T17:28:50.930741,6412,0.267,0.554,0.000,114.1
2026-08-03T17:28:50.984910,6413,0.267,0.585,0.000,18.9
2026-08-03T17:28:51.052898,6414,0.262,0.689,0.000,14.9
2026-08-03T17:28:51.083163,6415,0.252,0.814,0.000,33.8
2026-08-03T17:28:51.119613,6416,0.255,0.870,0.000,28.7
2026-08-03T17:28:51.215857,6417,0.255,1.009,0.000,10.5
2026-08-03T17:28:51.227421,6418,0.262,1.066,0.000,92.1
2026-08-03T17:28:51.284146,6419,0.276,1.164,0.000,18.0
2026-08-03T17:28:51.348623,6420,0.275,1.216,0.000,15.7
2026-08-03T17:28:51.384560,6421,0.273,1.290,0.000,28.5
2026-08-03T17:28:51.417579,6422,0.265,1.293,0.000,31.2
2026-08-03T17:28:51.483303,6423,0.265,1.337,0.000,15.5
2026-08-03T17:28:51.495790,6424,0.264,1.409,0.000,85.3
2026-08-03T17:28:51.553005,6425,0.278,1.496,0.000,17.9
2026-08-03T17:28:51.648449,6426,0.278,1.553,0.000,10.6
2026-08-03T17:28:51.661185,6427,0.271,1.535,0.000,83.2
2026-08-03T17:28:51.716589,6428,0.263,1.441,0.000,18.5
2026-08-03T17:28:51.788276,6429,0.269,1.446,0.000,14.2
2026-08-03T17:28:51.813618,6430,0.277,1.402,0.000,41.1
2026-08-03T17:28:51.853069,6431,0.279,1.386,0.000,26.0
2026-08-03T17:28:51.948475,6432,0.278,1.364,0.000,10.6
2026-08-03T17:28:51.960457,6433,0.283,1.360,0.000,88.8
2026-08-03T17:28:52.016242,6434,0.285,1.407,0.000,18.4
2026-08-03T17:28:52.080409,6435,0.286,1.390,0.000,15.8
2026-08-03T17:28:52.090327,6436,0.287,1.388,0.000,110.0
2026-08-03T17:28:52.149663,6437,0.285,1.353,0.000,17.0
2026-08-03T17:28:52.217850,6438,0.287,1.323,0.000,14.9
2026-08-03T17:28:52.250382,6439,0.285,1.297,0.000,31.4
2026-08-03T17:28:52.284701,6440,0.290,1.228,0.000,30.5
2026-08-03T17:28:52.380105,6441,0.287,1.232,0.000,10.6
2026-08-03T17:28:52.391082,6442,0.287,1.215,0.000,97.2
2026-08-03T17:28:52.448318,6443,0.286,1.176,0.000,17.8
2026-08-03T17:28:52.518921,6444,0.288,1.128,0.000,14.4
2026-08-03T17:28:52.545865,6445,0.289,1.043,0.000,38.1
2026-08-03T17:28:52.580000,6446,0.289,0.973,0.000,30.0
2026-08-03T17:28:52.656242,6447,0.288,0.914,0.000,13.3
2026-08-03T17:28:52.666515,6448,0.288,0.874,0.000,105.2
2026-08-03T17:28:52.717238,6449,0.284,0.685,0.000,20.0
2026-08-03T17:28:52.820443,6450,0.276,0.448,0.000,9.8
2026-08-03T17:28:52.829558,6451,0.277,0.368,0.000,118.4
2026-08-03T17:28:52.879858,6452,0.271,0.200,0.000,20.2
2026-08-03T17:28:52.953398,6453,0.269,0.117,0.000,13.8
2026-08-03T17:28:52.978572,6454,0.258,0.030,0.000,43.6
2026-08-03T17:28:53.013593,6455,0.256,0.022,0.000,29.2
2026-08-03T17:28:53.124846,6456,0.246,0.014,0.000,9.0
2026-08-03T17:28:53.134534,6457,0.250,0.015,0.000,114.3
2026-08-03T17:28:53.176349,6458,0.242,0.007,0.000,24.4
2026-08-03T17:28:53.249069,6459,0.238,0.008,0.000,13.9
2026-08-03T17:28:53.258366,6460,0.237,0.022,0.000,118.9
2026-08-03T17:28:53.311064,6461,0.248,0.008,0.000,19.4
2026-08-03T17:28:53.379710,6462,0.244,0.011,0.000,14.8
2026-08-03T17:28:53.411978,6463,0.250,0.049,0.000,31.6
2026-08-03T17:28:53.447221,6464,0.247,0.092,0.000,29.0
2026-08-03T17:28:53.542138,6465,0.249,0.120,0.000,10.6
2026-08-03T17:28:53.552637,6466,0.243,0.155,0.000,102.0
2026-08-03T17:28:53.611359,6467,0.244,0.156,0.000,17.6
2026-08-03T17:28:53.680119,6468,0.254,0.148,0.000,14.7
2026-08-03T17:28:53.708862,6469,0.259,0.161,0.000,35.7
2026-08-03T17:28:53.743730,6470,0.273,0.133,0.000,29.4
2026-08-03T17:28:53.810531,6471,0.286,0.139,0.000,15.2
2026-08-03T17:28:53.821862,6472,0.292,0.151,0.000,94.2
2026-08-03T17:28:53.878891,6473,0.302,0.129,0.000,18.0
2026-08-03T17:28:53.977347,6474,0.307,0.075,0.000,10.3
2026-08-03T17:28:53.985538,6475,0.309,0.060,0.000,132.3
2026-08-03T17:28:54.043686,6476,0.296,0.022,0.000,17.5
2026-08-03T17:28:54.114006,6477,0.295,0.016,0.000,14.4
2026-08-03T17:28:54.145346,6478,0.305,0.013,0.000,32.7
2026-08-03T17:28:54.180168,6479,0.307,0.013,0.000,29.6
2026-08-03T17:28:54.275951,6480,0.313,0.005,0.000,10.5
2026-08-03T17:28:54.286685,6481,0.316,0.005,0.000,100.7
2026-08-03T17:28:54.344450,6482,0.336,0.008,0.000,17.6
2026-08-03T17:28:54.406159,6483,0.337,0.006,0.000,16.6
2026-08-03T17:28:54.414908,6484,0.343,0.006,0.000,124.8
2026-08-03T17:28:54.476616,6485,0.346,0.004,0.000,16.5
2026-08-03T17:28:54.542282,6486,0.346,0.005,0.000,15.6
2026-08-03T17:28:54.575067,6487,0.344,0.005,0.000,31.8
2026-08-03T17:28:54.612886,6488,0.334,0.006,0.000,27.2
2026-08-03T17:28:54.708928,6489,0.335,0.007,0.000,10.5
2026-08-03T17:28:54.719398,6490,0.330,0.006,0.000,102.7
2026-08-03T17:28:54.777941,6491,0.328,0.006,0.000,17.5
2026-08-03T17:28:54.845009,6492,0.303,0.008,0.000,15.2
2026-08-03T17:28:54.878219,6493,0.067,0.006,0.000,30.9
2026-08-03T17:28:54.907026,6494,0.055,0.005,0.000,35.8
2026-08-03T17:28:54.976832,6495,0.103,0.005,0.000,14.5
2026-08-03T17:28:54.989537,6496,0.155,0.001,0.000,83.1
2026-08-03T17:28:55.044159,6497,0.184,0.003,0.000,18.7
2026-08-03T17:28:55.137080,6498,0.212,0.003,0.000,10.9
2026-08-03T17:28:55.147319,6499,0.221,0.004,0.000,105.1
2026-08-03T17:28:55.207955,6500,0.244,0.005,0.000,16.7
2026-08-03T17:28:55.280223,6501,0.256,0.002,0.000,14.0
2026-08-03T17:28:55.306711,6502,0.263,0.001,0.000,38.8
2026-08-03T17:28:55.346012,6503,0.266,0.001,0.000,26.0
2026-08-03T17:28:55.441498,6504,0.270,0.002,0.000,10.7
2026-08-03T17:28:55.453206,6505,0.273,0.002,0.000,91.0
2026-08-03T17:28:55.507609,6506,0.279,0.002,0.000,18.9
2026-08-03T17:28:55.571433,6507,0.283,0.002,0.000,15.9
2026-08-03T17:28:55.580165,6508,0.283,0.003,0.000,126.2
2026-08-03T17:28:55.639668,6509,0.282,0.007,0.000,17.1
2026-08-03T17:28:55.708554,6510,0.287,0.018,0.000,14.8
2026-08-03T17:28:55.740009,6511,0.282,0.031,0.000,32.6
2026-08-03T17:28:55.776226,6512,0.285,0.055,0.000,28.7
2026-08-03T17:28:55.871219,6513,0.287,0.065,0.000,10.7
2026-08-03T17:28:55.881558,6514,0.287,0.059,0.000,104.2
2026-08-03T17:28:55.940928,6515,0.292,0.072,0.000,17.1
2026-08-03T17:28:56.007322,6516,0.291,0.065,0.000,15.3
2026-08-03T17:28:56.041999,6517,0.290,0.071,0.000,29.4
2026-08-03T17:28:56.071496,6518,0.289,0.073,0.000,35.3
2026-08-03T17:28:56.140776,6519,0.290,0.062,0.000,14.7
2026-08-03T17:28:56.149210,6520,0.294,0.041,0.000,130.1
2026-08-03T17:28:56.208466,6521,0.292,0.026,0.000,17.2
2026-08-03T17:28:56.302571,6522,0.292,0.022,0.000,10.8
2026-08-03T17:28:56.313805,6523,0.292,0.021,0.000,94.8
2026-08-03T17:28:56.373705,6524,0.291,0.021,0.000,17.0
2026-08-03T17:28:56.441590,6525,0.290,0.019,0.000,14.9
2026-08-03T17:28:56.470441,6526,0.289,0.020,0.000,35.7
2026-08-03T17:28:56.507545,6527,0.289,0.019,0.000,27.6
2026-08-03T17:28:56.601704,6528,0.288,0.014,0.000,10.8
2026-08-03T17:28:56.614098,6529,0.288,0.014,0.000,95.3
2026-08-03T17:28:56.674020,6530,0.286,0.009,0.000,16.9
2026-08-03T17:28:56.736524,6531,0.288,0.007,0.000,16.2
2026-08-03T17:28:56.747208,6532,0.288,0.008,0.000,101.2
2026-08-03T17:28:56.803326,6533,0.292,0.008,0.000,18.0
2026-08-03T17:28:56.871875,6534,0.294,0.007,0.000,14.8
2026-08-03T17:28:56.905066,6535,0.291,0.007,0.000,30.8
2026-08-03T17:28:56.940876,6536,0.292,0.006,0.000,28.7
2026-08-03T17:28:57.034120,6537,0.293,0.004,0.000,10.8
2026-08-03T17:28:57.045789,6538,0.292,0.003,0.000,91.5
2026-08-03T17:28:57.104648,6539,0.291,0.005,0.000,17.2
2026-08-03T17:28:57.176532,6540,0.292,0.006,0.000,14.1
2026-08-03T17:28:57.200801,6541,0.293,0.003,0.000,42.6
2026-08-03T17:28:57.237030,6542,0.293,0.004,0.000,28.2
2026-08-03T17:28:57.305634,6543,0.295,0.004,0.000,14.8
2026-08-03T17:28:57.314481,6544,0.294,0.003,0.000,124.5
2026-08-03T17:28:57.373450,6545,0.297,0.004,0.000,17.2
2026-08-03T17:28:57.474103,6546,0.296,0.004,0.000,10.0
2026-08-03T17:28:57.485209,6547,0.294,0.005,0.000,96.8
2026-08-03T17:28:57.536363,6548,0.295,0.005,0.000,20.0
2026-08-03T17:28:57.604572,6549,0.296,0.005,0.000,14.9
2026-08-03T17:28:57.637966,6550,0.297,0.006,0.000,30.8
2026-08-03T17:28:57.672107,6551,0.298,0.005,0.000,30.8
2026-08-03T17:28:57.766398,6552,0.297,0.006,0.000,10.8
2026-08-03T17:28:57.776392,6553,0.298,0.004,0.000,108.2
2026-08-03T17:28:57.835905,6554,0.117,0.005,0.000,17.1
2026-08-03T17:28:57.899126,6555,0.044,0.007,0.000,16.1
2026-08-03T17:28:57.910895,6556,0.039,0.010,0.000,95.1
2026-08-03T17:28:57.968555,6557,0.077,0.022,0.000,17.7
2026-08-03T17:28:58.035155,6558,0.123,0.028,0.000,15.3
2026-08-03T17:28:58.068982,6559,0.198,0.061,0.000,30.2
2026-08-03T17:28:58.105227,6560,0.226,0.071,0.000,28.3
2026-08-03T17:28:58.199939,6561,0.259,0.074,0.000,10.7
2026-08-03T17:28:58.211997,6562,0.270,0.072,0.000,121.4
2026-08-03T17:28:58.269154,6563,0.278,0.068,0.000,17.8
2026-08-03T17:28:58.339043,6564,0.281,0.064,0.000,14.5
2026-08-03T17:28:58.366884,6565,0.285,0.063,0.000,36.9
2026-08-03T17:28:58.400729,6566,0.289,0.056,0.000,30.3
2026-08-03T17:28:58.466549,6567,0.290,0.054,0.000,15.4
2026-08-03T17:28:58.477006,6568,0.290,0.051,0.000,103.7
2026-08-03T17:28:58.537016,6569,0.290,0.062,0.000,17.0
2026-08-03T17:28:58.629534,6570,0.292,0.056,0.000,11.0
2026-08-03T17:28:58.641703,6571,0.291,0.055,0.000,86.7
2026-08-03T17:28:58.699152,6572,0.294,0.056,0.000,17.9
2026-08-03T17:28:58.765885,6573,0.293,0.059,0.000,15.2
2026-08-03T17:28:58.800337,6574,0.294,0.062,0.000,29.7
2026-08-03T17:28:58.836042,6575,0.296,0.065,0.000,28.6
2026-08-03T17:28:58.929442,6576,0.294,0.063,0.000,10.8
2026-08-03T17:28:58.938066,6577,0.292,0.056,0.000,126.6
2026-08-03T17:28:58.999994,6578,0.291,0.055,0.000,16.4
2026-08-03T17:28:59.062269,6579,0.289,0.056,0.000,16.3
2026-08-03T17:28:59.071084,6580,0.289,0.055,0.000,123.1
2026-08-03T17:28:59.132825,6581,0.288,0.065,0.000,16.5
2026-08-03T17:28:59.197819,6582,0.287,0.070,0.000,15.6
2026-08-03T17:28:59.233413,6583,0.287,0.081,0.000,28.6
2026-08-03T17:28:59.267635,6584,0.287,0.079,0.000,29.9
2026-08-03T17:28:59.362636,6585,0.287,0.080,0.000,10.6
2026-08-03T17:28:59.373893,6586,0.288,0.094,0.000,95.5
2026-08-03T17:28:59.432766,6587,0.289,0.090,0.000,17.3
2026-08-03T17:28:59.499761,6588,0.289,0.088,0.000,15.2
2026-08-03T17:28:59.532264,6589,0.285,0.082,0.000,31.5
2026-08-03T17:28:59.563952,6590,0.286,0.087,0.000,33.2
2026-08-03T17:28:59.634403,6591,0.286,0.081,0.000,14.4
2026-08-03T17:28:59.643064,6592,0.286,0.088,0.000,126.9
2026-08-03T17:28:59.701475,6593,0.288,0.088,0.000,17.4
2026-08-03T17:28:59.793625,6594,0.290,0.073,0.000,11.0
2026-08-03T17:28:59.805477,6595,0.292,0.043,0.000,89.4
2026-08-03T17:28:59.864845,6596,0.292,0.028,0.000,17.1
2026-08-03T17:28:59.929663,6597,0.293,0.022,0.000,15.7
2026-08-03T17:28:59.963188,6598,0.294,0.016,0.000,30.5
2026-08-03T17:28:59.999507,6599,0.294,0.013,0.000,28.5
2026-08-03T17:29:00.093706,6600,0.292,0.038,0.000,10.8
2026-08-03T17:29:00.102240,6601,0.292,0.045,0.000,127.9
2026-08-03T17:29:00.163393,6602,0.291,0.042,0.000,16.5
2026-08-03T17:29:00.224897,6603,0.290,0.046,0.000,16.5
2026-08-03T17:29:00.233874,6604,0.292,0.047,0.000,122.1
2026-08-03T17:29:00.295163,6605,0.292,0.043,0.000,16.6
2026-08-03T17:29:00.362433,6606,0.292,0.046,0.000,15.1
2026-08-03T17:29:00.397576,6607,0.292,0.044,0.000,29.0
2026-08-03T17:29:00.433660,6608,0.294,0.045,0.000,28.5
2026-08-03T17:29:00.528321,6609,0.292,0.044,0.000,10.7
2026-08-03T17:29:00.541243,6610,0.294,0.043,0.000,81.6
2026-08-03T17:29:00.597026,6611,0.294,0.044,0.000,18.3
2026-08-03T17:29:00.661828,6612,0.294,0.043,0.000,15.7
2026-08-03T17:29:00.696399,6613,0.294,0.045,0.000,29.5
2026-08-03T17:29:00.727589,6614,0.293,0.046,0.000,32.9
2026-08-03T17:29:00.794204,6615,0.293,0.048,0.000,15.3
2026-08-03T17:29:00.804165,6616,0.292,0.051,0.000,107.7
2026-08-03T17:29:00.865030,6617,0.291,0.056,0.000,16.8
2026-08-03T17:29:00.958015,6618,0.290,0.059,0.000,10.9
2026-08-03T17:29:00.968116,6619,0.291,0.058,0.000,105.8
2026-08-03T17:29:01.027664,6620,0.290,0.065,0.000,17.0
2026-08-03T17:29:01.093521,6621,0.291,0.075,0.000,15.5
2026-08-03T17:29:01.127570,6622,0.292,0.086,0.000,30.0
2026-08-03T17:29:01.164440,6623,0.292,0.116,0.000,27.9
2026-08-03T17:29:01.257477,6624,0.294,0.113,0.000,10.9
2026-08-03T17:29:01.265360,6625,0.291,0.105,0.000,138.5
2026-08-03T17:29:01.327834,6626,0.293,0.108,0.000,16.3
2026-08-03T17:29:01.391830,6627,0.292,0.088,0.000,15.9
2026-08-03T17:29:01.402004,6628,0.291,0.080,0.000,105.4
2026-08-03T17:29:01.458930,6629,0.290,0.078,0.000,17.8
2026-08-03T17:29:01.526739,6630,0.291,0.083,0.000,15.0
2026-08-03T17:29:01.558837,6631,0.292,0.057,0.000,31.8
2026-08-03T17:29:01.594833,6632,0.292,0.050,0.000,28.5
2026-08-03T17:29:01.690621,6633,0.291,0.033,0.000,10.6
2026-08-03T17:29:01.701743,6634,0.291,0.026,0.000,96.0
2026-08-03T17:29:01.759666,6635,0.294,0.020,0.000,17.6
2026-08-03T17:29:01.825549,6636,0.295,0.017,0.000,15.5
2026-08-03T17:29:01.858857,6637,0.297,0.008,0.000,30.7
2026-08-03T17:29:01.893932,6638,0.297,0.006,0.000,29.6
2026-08-03T17:29:01.961670,6639,0.296,0.005,0.000,15.0
2026-08-03T17:29:01.970365,6640,0.295,0.005,0.000,125.7
2026-08-03T17:29:02.028770,6641,0.295,0.005,0.000,17.8
2026-08-03T17:29:02.121813,6642,0.294,0.006,0.000,10.9
2026-08-03T17:29:02.131937,6643,0.293,0.006,0.000,106.0
2026-08-03T17:29:02.192888,6644,0.293,0.006,0.000,16.6
2026-08-03T17:29:02.259227,6645,0.293,0.006,0.000,15.3
2026-08-03T17:29:02.288490,6646,0.290,0.006,0.000,35.1
2026-08-03T17:29:02.327134,6647,0.290,0.006,0.000,26.5
2026-08-03T17:29:02.427901,6648,0.289,0.006,0.000,10.0
2026-08-03T17:29:02.437168,6649,0.290,0.006,0.000,117.7
2026-08-03T17:29:02.491472,6650,0.287,0.007,0.000,18.7
2026-08-03T17:29:02.555078,6651,0.288,0.009,0.000,15.9
2026-08-03T17:29:02.564466,6652,0.288,0.009,0.000,117.4
2026-08-03T17:29:02.623249,6653,0.243,0.009,0.000,17.3
2026-08-03T17:29:02.689328,6654,0.070,0.010,0.000,15.4
2026-08-03T17:29:02.725631,6655,0.041,0.011,0.000,28.0
2026-08-03T17:29:02.758848,6656,0.054,0.011,0.000,30.9
2026-08-03T17:29:02.856215,6657,0.084,0.010,0.000,10.4
2026-08-03T17:29:02.865603,6658,0.149,0.009,0.000,116.0
2026-08-03T17:29:02.922136,6659,0.213,0.009,0.000,18.0
2026-08-03T17:29:02.991748,6660,0.233,0.048,0.000,14.5
2026-08-03T17:29:03.022381,6661,0.247,0.074,0.000,33.7
2026-08-03T17:29:03.057029,6662,0.248,0.074,0.000,29.5
2026-08-03T17:29:03.121860,6663,0.250,0.075,0.000,15.6
2026-08-03T17:29:03.131934,6664,0.253,0.065,0.000,107.3
2026-08-03T17:29:03.192869,6665,0.252,0.034,0.000,16.6
2026-08-03T17:29:03.286094,6666,0.255,0.020,0.000,10.9
2026-08-03T17:29:03.295612,6667,0.256,0.020,0.000,112.1
2026-08-03T17:29:03.358130,6668,0.257,0.013,0.000,16.2
2026-08-03T17:29:03.422579,6669,0.259,0.016,0.000,15.7
2026-08-03T17:29:03.455736,6670,0.263,0.017,0.000,30.9
2026-08-03T17:29:03.492118,6671,0.264,0.018,0.000,28.1
2026-08-03T17:29:03.587967,6672,0.269,0.018,0.000,10.5
2026-08-03T17:29:03.599349,6673,0.271,0.027,0.000,93.7
2026-08-03T17:29:03.656300,6674,0.273,0.043,0.000,17.9
2026-08-03T17:29:03.724303,6675,0.273,0.045,0.000,14.9
2026-08-03T17:29:03.734539,6676,0.273,0.052,0.000,108.6
2026-08-03T17:29:03.788053,6677,0.277,0.067,0.000,19.0
2026-08-03T17:29:03.859742,6678,0.280,0.091,0.000,14.1
2026-08-03T17:29:03.885808,6679,0.295,0.119,0.000,39.4
2026-08-03T17:29:03.923659,6680,0.300,0.127,0.000,26.9
2026-08-03T17:29:04.022771,6681,0.306,0.089,0.000,10.2
2026-08-03T17:29:04.031928,6682,0.305,0.048,0.000,119.0
2026-08-03T17:29:04.087247,6683,0.304,0.024,0.000,18.3
2026-08-03T17:29:04.153079,6684,0.307,0.018,0.000,15.4
2026-08-03T17:29:04.188584,6685,0.311,0.013,0.000,28.8
2026-08-03T17:29:04.218821,6686,0.311,0.011,0.000,34.2
2026-08-03T17:29:04.291797,6687,0.313,0.005,0.000,13.9
2026-08-03T17:29:04.300917,6688,0.315,0.005,0.000,120.2
2026-08-03T17:29:04.356860,6689,0.318,0.005,0.000,18.1
2026-08-03T17:29:04.451790,6690,0.322,0.006,0.000,10.7
2026-08-03T17:29:04.461895,6691,0.324,0.006,0.000,107.2
2026-08-03T17:29:04.520326,6692,0.327,0.005,0.000,17.4
2026-08-03T17:29:04.594723,6693,0.330,0.005,0.000,13.7
2026-08-03T17:29:04.617823,6694,0.333,0.005,0.000,45.8
2026-08-03T17:29:04.653076,6695,0.333,0.005,0.000,29.2
2026-08-03T17:29:04.750425,6696,0.335,0.004,0.000,10.4
2026-08-03T17:29:04.761804,6697,0.335,0.004,0.000,93.5
2026-08-03T17:29:04.820798,6698,0.336,0.006,0.000,17.3
2026-08-03T17:29:04.887384,6699,0.336,0.010,0.000,15.3
2026-08-03T17:29:04.900188,6700,0.337,0.019,0.000,82.5
2026-08-03T17:29:04.952977,6701,0.334,0.015,0.000,19.2
2026-08-03T17:29:05.024690,6702,0.324,0.012,0.000,14.2
2026-08-03T17:29:05.048710,6703,0.321,0.015,0.000,42.9
2026-08-03T17:29:05.085808,6704,0.321,0.011,0.000,27.6
2026-08-03T17:29:05.187076,6705,0.317,0.010,0.000,10.0
2026-08-03T17:29:05.197534,6706,0.317,0.011,0.000,102.6
2026-08-03T17:29:05.252454,6707,0.315,0.010,0.000,18.4
2026-08-03T17:29:05.321924,6708,0.318,0.010,0.000,14.6
2026-08-03T17:29:05.353123,6709,0.320,0.008,0.000,33.0
2026-08-03T17:29:05.385080,6710,0.319,0.008,0.000,32.7
2026-08-03T17:29:05.450971,6711,0.320,0.008,0.000,15.4
2026-08-03T17:29:05.461119,6712,0.319,0.007,0.000,106.6
2026-08-03T17:29:05.520627,6713,0.316,0.007,0.000,17.2
2026-08-03T17:29:05.617895,6714,0.316,0.006,0.000,10.4
2026-08-03T17:29:05.627197,6715,0.315,0.006,0.000,116.0
2026-08-03T17:29:05.684126,6716,0.314,0.005,0.000,17.8
2026-08-03T17:29:05.749337,6717,0.315,0.005,0.000,15.6
2026-08-03T17:29:05.783490,6718,0.315,0.012,0.000,29.9
2026-08-03T17:29:05.820743,6719,0.314,0.011,0.000,27.7
2026-08-03T17:29:05.921982,6720,0.308,0.011,0.000,10.0
2026-08-03T17:29:05.932111,6721,0.311,0.011,0.000,107.0
2026-08-03T17:29:05.984030,6722,0.311,0.010,0.000,19.6
2026-08-03T17:29:06.052487,6723,0.313,0.009,0.000,14.9
2026-08-03T17:29:06.060872,6724,0.313,0.007,0.000,133.0
2026-08-03T17:29:06.116672,6725,0.305,0.006,0.000,18.2
2026-08-03T17:29:06.181651,6726,0.306,0.007,0.000,15.6
2026-08-03T17:29:06.217454,6727,0.305,0.005,0.000,28.5
2026-08-03T17:29:06.251649,6728,0.307,0.006,0.000,30.1
2026-08-03T17:29:06.351740,6729,0.307,0.006,0.000,10.1
2026-08-03T17:29:06.361158,6730,0.304,0.005,0.000,115.5
2026-08-03T17:29:06.416598,6731,0.303,0.007,0.000,18.4
2026-08-03T17:29:06.482131,6732,0.304,0.006,0.000,15.6
2026-08-03T17:29:06.517213,6733,0.305,0.006,0.000,29.1
2026-08-03T17:29:06.547461,6734,0.307,0.008,0.000,34.7
2026-08-03T17:29:06.615247,6735,0.306,0.008,0.000,14.9
2026-08-03T17:29:06.625059,6736,0.304,0.008,0.000,110.6
2026-08-03T17:29:06.684746,6737,0.303,0.008,0.000,17.1
2026-08-03T17:29:06.784539,6738,0.305,0.009,0.000,10.1
2026-08-03T17:29:06.795057,6739,0.306,0.007,0.000,102.9
2026-08-03T17:29:06.846299,6740,0.306,0.006,0.000,19.8
2026-08-03T17:29:06.928524,6741,0.305,0.006,0.000,12.4
2026-08-03T17:29:06.946554,6742,0.304,0.006,0.000,57.9
2026-08-03T17:29:06.981902,6743,0.302,0.009,0.000,29.2
2026-08-03T17:29:07.084110,6744,0.303,0.009,0.000,9.8
2026-08-03T17:29:07.095082,6745,0.302,0.010,0.000,98.3
2026-08-03T17:29:07.148302,6746,0.304,0.007,0.000,19.2
2026-08-03T17:29:07.213353,6747,0.299,0.007,0.000,15.6
2026-08-03T17:29:07.222868,6748,0.300,0.006,0.000,114.1
2026-08-03T17:29:07.281004,6749,0.300,0.004,0.000,17.5
2026-08-03T17:29:07.352099,6750,0.301,0.003,0.000,14.3
2026-08-03T17:29:07.378624,6751,0.301,0.003,0.000,38.7
2026-08-03T17:29:07.417071,6752,0.300,0.003,0.000,26.7
2026-08-03T17:29:07.518977,6753,0.302,0.003,0.000,9.9
2026-08-03T17:29:07.529425,6754,0.303,0.003,0.000,107.7
2026-08-03T17:29:07.580317,6755,0.306,0.003,0.000,20.0
2026-08-03T17:29:07.651274,6756,0.309,0.003,0.000,14.3
2026-08-03T17:29:07.680651,6757,0.311,0.004,0.000,34.9
2026-08-03T17:29:07.713317,6758,0.313,0.003,0.000,31.4
2026-08-03T17:29:07.779381,6759,0.313,0.003,0.000,15.4
2026-08-03T17:29:07.790396,6760,0.313,0.003,0.000,97.2
2026-08-03T17:29:07.847794,6761,0.313,0.003,0.000,17.9
2026-08-03T17:29:07.946297,6762,0.313,0.003,0.000,10.3
2026-08-03T17:29:07.958211,6763,0.313,0.003,0.000,88.6
2026-08-03T17:29:08.009618,6764,0.313,0.002,0.000,19.9
2026-08-03T17:29:08.092365,6765,0.314,0.005,0.000,12.3
2026-08-03T17:29:08.110847,6766,0.314,0.004,0.000,58.4
2026-08-03T17:29:08.146209,6767,0.314,0.004,0.000,29.1
2026-08-03T17:29:08.254073,6768,0.297,0.004,0.000,9.4
2026-08-03T17:29:08.264174,6769,0.146,0.005,0.000,107.7
2026-08-03T17:29:08.312992,6770,0.061,0.006,0.000,20.8
2026-08-03T17:29:08.378715,6771,0.078,0.007,0.000,15.4
2026-08-03T17:29:08.389057,6772,0.127,0.007,0.000,103.6
2026-08-03T17:29:08.444070,6773,0.187,0.006,0.000,18.4
2026-08-03T17:29:08.519585,6774,0.226,0.006,0.000,13.4
2026-08-03T17:29:08.541674,6775,0.265,0.005,0.000,47.0
2026-08-03T17:29:08.580425,6776,0.276,0.004,0.000,26.5
2026-08-03T17:29:08.679920,6777,0.281,0.004,0.000,10.2
2026-08-03T17:29:08.690813,6778,0.282,0.004,0.000,99.7
2026-08-03T17:29:08.745091,6779,0.286,0.003,0.000,18.7
2026-08-03T17:29:08.812322,6780,0.288,0.004,0.000,15.1
2026-08-03T17:29:08.844383,6781,0.288,0.003,0.000,31.9
2026-08-03T17:29:08.877136,6782,0.288,0.003,0.000,31.3
2026-08-03T17:29:08.941355,6783,0.288,0.004,0.000,15.8
2026-08-03T17:29:08.951782,6784,0.289,0.004,0.000,103.9
2026-08-03T17:29:09.010338,6785,0.291,0.003,0.000,17.3
2026-08-03T17:29:09.121109,6786,0.293,0.002,0.000,9.1
2026-08-03T17:29:09.132074,6787,0.293,0.002,0.000,101.6
2026-08-03T17:29:09.175312,6788,0.294,0.002,0.000,23.6
2026-08-03T17:29:09.246215,6789,0.292,0.003,0.000,14.3
2026-08-03T17:29:09.275683,6790,0.288,0.002,0.000,34.8
2026-08-03T17:29:09.312820,6791,0.287,0.003,0.000,27.8
2026-08-03T17:29:09.409973,6792,0.286,0.002,0.000,10.4
2026-08-03T17:29:09.421045,6793,0.287,0.002,0.000,97.1
2026-08-03T17:29:09.479176,6794,0.287,0.002,0.000,17.5
2026-08-03T17:29:09.544375,6795,0.287,0.002,0.000,15.6
2026-08-03T17:29:09.554185,6796,0.287,0.002,0.000,109.9
2026-08-03T17:29:09.607399,6797,0.287,0.003,0.000,19.0
2026-08-03T17:29:09.676446,6798,0.289,0.003,0.000,14.7
2026-08-03T17:29:09.709663,6799,0.286,0.003,0.000,30.7
2026-08-03T17:29:09.743937,6800,0.286,0.003,0.000,30.1
2026-08-03T17:29:09.853055,6801,0.287,0.003,0.000,9.3
2026-08-03T17:29:09.863830,6802,0.287,0.003,0.000,99.4
2026-08-03T17:29:09.906459,6803,0.289,0.003,0.000,23.8
2026-08-03T17:29:09.979399,6804,0.288,0.003,0.000,13.9
2026-08-03T17:29:10.005779,6805,0.288,0.003,0.000,39.4
2026-08-03T17:29:10.039845,6806,0.288,0.003,0.000,30.0
2026-08-03T17:29:10.110033,6807,0.288,0.003,0.000,14.4
2026-08-03T17:29:10.120025,6808,0.291,0.003,0.000,108.2
2026-08-03T17:29:10.176959,6809,0.301,0.002,0.000,18.1
2026-08-03T17:29:10.282038,6810,0.307,0.006,0.000,9.6
2026-08-03T17:29:10.292134,6811,0.305,0.007,0.000,108.2
2026-08-03T17:29:10.338763,6812,0.305,0.010,0.000,21.8
2026-08-03T17:29:10.417736,6813,0.302,0.004,0.000,12.8
2026-08-03T17:29:10.437945,6814,0.305,0.011,0.000,52.1
2026-08-03T17:29:10.478625,6815,0.306,0.008,0.000,25.2
2026-08-03T17:29:10.575161,6816,0.297,0.007,0.000,10.5
2026-08-03T17:29:10.584529,6817,0.296,0.005,0.000,116.8
2026-08-03T17:29:10.640807,6818,0.294,0.014,0.000,18.1
2026-08-03T17:29:10.704792,6819,0.288,0.008,0.000,15.8
2026-08-03T17:29:10.714399,6820,0.293,0.001,0.000,113.6
2026-08-03T17:29:10.772438,6821,0.292,0.025,0.000,17.9
2026-08-03T17:29:10.838323,6822,0.292,0.032,0.000,15.5
2026-08-03T17:29:10.871292,6823,0.282,0.036,0.000,31.0
2026-08-03T17:29:10.908137,6824,0.286,0.043,0.000,27.9
2026-08-03T17:29:11.011536,6825,0.287,0.031,0.000,9.8
2026-08-03T17:29:11.021943,6826,0.287,0.030,0.000,103.1
2026-08-03T17:29:11.072695,6827,0.285,0.028,0.000,20.1
2026-08-03T17:29:11.140599,6828,0.279,0.030,0.000,14.9
2026-08-03T17:29:11.172945,6829,0.279,0.029,0.000,32.6
2026-08-03T17:29:11.206619,6830,0.279,0.030,0.000,30.5
2026-08-03T17:29:11.272577,6831,0.277,0.031,0.000,15.5
2026-08-03T17:29:11.283073,6832,0.278,0.031,0.000,102.2
2026-08-03T17:29:11.340502,6833,0.276,0.025,0.000,17.6
2026-08-03T17:29:11.436566,6834,0.275,0.021,0.000,10.5
2026-08-03T17:29:11.445375,6835,0.274,0.019,0.000,123.1
2026-08-03T17:29:11.503656,6836,0.271,0.013,0.000,17.4
2026-08-03T17:29:11.574691,6837,0.267,0.008,0.000,14.3
2026-08-03T17:29:11.602489,6838,0.269,0.008,0.000,37.0
2026-08-03T17:29:11.641301,6839,0.267,0.007,0.000,26.3
2026-08-03T17:29:11.737748,6840,0.280,0.008,0.000,10.5
2026-08-03T17:29:11.748758,6841,0.284,0.009,0.000,98.2
2026-08-03T17:29:11.804634,6842,0.291,0.012,0.000,18.3
2026-08-03T17:29:11.864895,6843,0.286,0.015,0.000,17.0
2026-08-03T17:29:11.874379,6844,0.284,0.013,0.000,115.3
2026-08-03T17:29:11.937456,6845,0.291,0.016,0.000,16.2
2026-08-03T17:29:12.011552,6846,0.290,0.015,0.000,13.7
2026-08-03T17:29:12.033424,6847,0.284,0.019,0.000,47.0
2026-08-03T17:29:12.072484,6848,0.284,0.019,0.000,26.2
2026-08-03T17:29:12.168817,6849,0.298,0.018,0.000,10.5
2026-08-03T17:29:12.180077,6850,0.290,0.025,0.000,94.6
2026-08-03T17:29:12.236898,6851,0.289,0.028,0.000,17.9
2026-08-03T17:29:12.303027,6852,0.293,0.024,0.000,15.4
2026-08-03T17:29:12.335520,6853,0.291,0.018,0.000,31.5
2026-08-03T17:29:12.368814,6854,0.293,0.018,0.000,30.7
2026-08-03T17:29:12.436828,6855,0.294,0.016,0.000,14.9
2026-08-03T17:29:12.446774,6856,0.291,0.016,0.000,110.7
2026-08-03T17:29:12.503951,6857,0.284,0.016,0.000,18.3
2026-08-03T17:29:12.601903,6858,0.281,0.013,0.000,10.3
2026-08-03T17:29:12.610693,6859,0.281,0.012,0.000,123.3
2026-08-03T17:29:12.668137,6860,0.279,0.012,0.000,17.7
2026-08-03T17:29:12.737330,6861,0.279,0.013,0.000,14.7
2026-08-03T17:29:12.768822,6862,0.277,0.015,0.000,32.5
2026-08-03T17:29:12.803792,6863,0.277,0.015,0.000,29.5
2026-08-03T17:29:12.900295,6864,0.276,0.015,0.000,10.5
2026-08-03T17:29:12.910129,6865,0.276,0.012,0.000,110.0
2026-08-03T17:29:12.969857,6866,0.278,0.012,0.000,17.1
2026-08-03T17:29:13.034495,6867,0.279,0.012,0.000,15.7
2026-08-03T17:29:13.044627,6868,0.278,0.011,0.000,107.9
2026-08-03T17:29:13.100483,6869,0.279,0.010,0.000,18.2
2026-08-03T17:29:13.179386,6870,0.279,0.010,0.000,12.8
2026-08-03T17:29:13.198282,6871,0.279,0.009,0.000,56.9
2026-08-03T17:29:13.233895,6872,0.279,0.008,0.000,28.6
2026-08-03T17:29:13.341115,6873,0.280,0.007,0.000,9.4
2026-08-03T17:29:13.350943,6874,0.279,0.006,0.000,110.2
2026-08-03T17:29:13.402789,6875,0.277,0.006,0.000,19.6
2026-08-03T17:29:13.469460,6876,0.278,0.006,0.000,15.2
2026-08-03T17:29:13.498645,6877,0.274,0.006,0.000,35.3
2026-08-03T17:29:13.531962,6878,0.274,0.006,0.000,30.6
2026-08-03T17:29:13.604768,6879,0.275,0.007,0.000,13.9
2026-08-03T17:29:13.613673,6880,0.274,0.007,0.000,126.6
2026-08-03T17:29:13.667440,6881,0.273,0.006,0.000,18.9
2026-08-03T17:29:13.765186,6882,0.272,0.005,0.000,10.4
2026-08-03T17:29:13.774452,6883,0.271,0.004,0.000,116.9
2026-08-03T17:29:13.833015,6884,0.272,0.005,0.000,17.9
2026-08-03T17:29:13.900169,6885,0.272,0.005,0.000,15.1
2026-08-03T17:29:13.929904,6886,0.274,0.005,0.000,34.5
2026-08-03T17:29:13.967928,6887,0.274,0.004,0.000,27.3
2026-08-03T17:29:14.067356,6888,0.276,0.004,0.000,10.2
2026-08-03T17:29:14.077091,6889,0.279,0.004,0.000,111.0
2026-08-03T17:29:14.132600,6890,0.281,0.003,0.000,18.3
2026-08-03T17:29:14.198740,6891,0.284,0.002,0.000,15.4
2026-08-03T17:29:14.210315,6892,0.286,0.004,0.000,93.1
2026-08-03T17:29:14.264617,6893,0.289,0.005,0.000,18.7
2026-08-03T17:29:14.333570,6894,0.289,0.005,0.000,14.8
2026-08-03T17:29:14.364913,6895,0.263,0.005,0.000,32.7
2026-08-03T17:29:14.400755,6896,0.061,0.003,0.000,28.6
2026-08-03T17:29:14.504055,6897,0.031,0.003,0.000,9.8
2026-08-03T17:29:14.514643,6898,0.057,0.003,0.000,101.3
2026-08-03T17:29:14.564667,6899,0.127,0.005,0.000,20.3
2026-08-03T17:29:14.638087,6900,0.175,0.005,0.000,13.8
2026-08-03T17:29:14.661466,6901,0.234,0.007,0.000,44.3
2026-08-03T17:29:14.696897,6902,0.256,0.007,0.000,28.9
2026-08-03T17:29:14.765686,6903,0.253,0.006,0.000,14.8
2026-08-03T17:29:14.775738,6904,0.260,0.005,0.000,107.3
2026-08-03T17:29:14.833005,6905,0.276,0.017,0.000,17.7
2026-08-03T17:29:14.925864,6906,0.289,0.025,0.000,11.0
2026-08-03T17:29:14.935083,6907,0.291,0.015,0.000,117.3
2026-08-03T17:29:14.996954,6908,0.291,0.015,0.000,16.4
2026-08-03T17:29:15.069508,6909,0.293,0.018,0.000,14.0
2026-08-03T17:29:15.094922,6910,0.302,0.010,0.000,40.8
2026-08-03T17:29:15.132990,6911,0.301,0.014,0.000,26.8
2026-08-03T17:29:15.235599,6912,0.296,0.017,0.000,9.9
2026-08-03T17:29:15.247012,6913,0.296,0.013,0.000,94.4
2026-08-03T17:29:15.295442,6914,0.310,0.006,0.000,20.9
2026-08-03T17:29:15.367224,6915,0.304,0.005,0.000,14.1
2026-08-03T17:29:15.377202,6916,0.303,0.007,0.000,108.1
2026-08-03T17:29:15.429413,6917,0.304,0.005,0.000,19.6
2026-08-03T17:29:15.504819,6918,0.288,0.005,0.000,13.5
2026-08-03T17:29:15.526239,6919,0.282,0.007,0.000,49.0
2026-08-03T17:29:15.563363,6920,0.281,0.006,0.000,27.6
2026-08-03T17:29:15.662624,6921,0.278,0.005,0.000,10.2
2026-08-03T17:29:15.672994,6922,0.278,0.005,0.000,104.4
2026-08-03T17:29:15.729187,6923,0.273,0.005,0.000,18.0
2026-08-03T17:29:15.797452,6924,0.271,0.006,0.000,14.9
2026-08-03T17:29:15.827282,6925,0.266,0.005,0.000,34.5
2026-08-03T17:29:15.861664,6926,0.262,0.006,0.000,29.8
2026-08-03T17:29:15.928792,6927,0.254,0.007,0.000,15.1
2026-08-03T17:29:15.939393,6928,0.253,0.004,0.000,101.7
2026-08-03T17:29:15.996546,6929,0.257,0.010,0.000,17.8
2026-08-03T17:29:16.096435,6930,0.258,0.009,0.000,10.1
2026-08-03T17:29:16.107053,6931,0.257,0.004,0.000,100.8
2026-08-03T17:29:16.160693,6932,0.258,0.007,0.000,19.0
2026-08-03T17:29:16.231621,6933,0.252,0.007,0.000,14.3
2026-08-03T17:29:16.258507,6934,0.257,0.015,0.000,38.3
2026-08-03T17:29:16.297515,6935,0.254,0.009,0.000,26.2
2026-08-03T17:29:16.396166,6936,0.266,0.009,0.000,10.2
2026-08-03T17:29:16.405497,6937,0.260,0.007,0.000,115.7
2026-08-03T17:29:16.458127,6938,0.260,0.003,0.000,19.5
2026-08-03T17:29:16.523172,6939,0.261,0.003,0.000,15.7
2026-08-03T17:29:16.531985,6940,0.262,0.003,0.000,123.2
2026-08-03T17:29:16.592848,6941,0.262,0.003,0.000,16.7
2026-08-03T17:29:16.659593,6942,0.263,0.004,0.000,15.2
2026-08-03T17:29:16.693193,6943,0.264,0.005,0.000,30.3
2026-08-03T17:29:16.728911,6944,0.264,0.004,0.000,28.7
2026-08-03T17:29:16.833366,6945,0.265,0.009,0.000,9.7
2026-08-03T17:29:16.843828,6946,0.264,0.005,0.000,104.7
2026-08-03T17:29:16.892314,6947,0.268,0.004,0.000,21.2
2026-08-03T17:29:16.962682,6948,0.265,0.006,0.000,14.4
2026-08-03T17:29:16.990991,6949,0.266,0.006,0.000,36.5
2026-08-03T17:29:17.023832,6950,0.265,0.007,0.000,31.2
2026-08-03T17:29:17.095599,6951,0.270,0.006,0.000,14.2
2026-08-03T17:29:17.106904,6952,0.273,0.006,0.000,94.7
2026-08-03T17:29:17.161168,6953,0.279,0.007,0.000,18.7
2026-08-03T17:29:17.258246,6954,0.285,0.006,0.000,10.4
2026-08-03T17:29:17.268701,6955,0.286,0.006,0.000,102.1
2026-08-03T17:29:17.324930,6956,0.289,0.006,0.000,18.0
2026-08-03T17:29:17.398961,6957,0.290,0.006,0.000,13.7
2026-08-03T17:29:17.422828,6958,0.294,0.010,0.000,43.2
2026-08-03T17:29:17.460103,6959,0.294,0.011,0.000,27.5
2026-08-03T17:29:17.558019,6960,0.294,0.014,0.000,10.3
2026-08-03T17:29:17.566721,6961,0.295,0.024,0.000,124.5
2026-08-03T17:29:17.625050,6962,0.292,0.023,0.000,17.5
2026-08-03T17:29:17.686608,6963,0.291,0.022,0.000,16.5
2026-08-03T17:29:17.697867,6964,0.290,0.018,0.000,94.4
2026-08-03T17:29:17.756596,6965,0.292,0.014,0.000,17.3
2026-08-03T17:29:17.822571,6966,0.291,0.019,0.000,15.4
2026-08-03T17:29:17.856728,6967,0.291,0.013,0.000,29.8
2026-08-03T17:29:17.895276,6968,0.291,0.011,0.000,26.6
2026-08-03T17:29:17.993707,6969,0.293,0.015,0.000,10.2
2026-08-03T17:29:18.004577,6970,0.293,0.013,0.000,99.6
2026-08-03T17:29:18.058346,6971,0.293,0.014,0.000,19.1
2026-08-03T17:29:18.124351,6972,0.293,0.014,0.000,15.4
2026-08-03T17:29:18.156885,6973,0.293,0.018,0.000,31.5
2026-08-03T17:29:18.188313,6974,0.294,0.016,0.000,32.8
2026-08-03T17:29:18.256633,6975,0.294,0.014,0.000,14.9
2026-08-03T17:29:18.269839,6976,0.259,0.013,0.000,87.1
2026-08-03T17:29:18.326129,6977,0.072,0.016,0.000,18.1
2026-08-03T17:29:18.426998,6978,0.083,0.014,0.000,10.0
2026-08-03T17:29:18.435605,6979,0.107,0.010,0.000,125.1
2026-08-03T17:29:18.487615,6980,0.175,0.010,0.000,19.7
2026-08-03T17:29:18.557737,6981,0.203,0.008,0.000,14.5
2026-08-03T17:29:18.588771,6982,0.227,0.007,0.000,33.0
2026-08-03T17:29:18.621432,6983,0.235,0.007,0.000,32.6
2026-08-03T17:29:18.725793,6984,0.257,0.007,0.000,9.7
2026-08-03T17:29:18.735736,6985,0.264,0.009,0.000,108.8
2026-08-03T17:29:18.790973,6986,0.274,0.009,0.000,18.4
2026-08-03T17:29:18.855903,6987,0.267,0.013,0.000,15.8
2026-08-03T17:29:18.865401,6988,0.265,0.013,0.000,114.6
2026-08-03T17:29:18.923154,6989,0.264,0.010,0.000,17.6
2026-08-03T17:29:18.993596,6990,0.270,0.014,0.000,14.4
2026-08-03T17:29:19.018720,6991,0.268,0.008,0.000,41.0
2026-08-03T17:29:19.056737,6992,0.266,0.011,0.000,26.8
2026-08-03T17:29:19.153755,6993,0.275,0.010,0.000,10.4
2026-08-03T17:29:19.162904,6994,0.268,0.012,0.000,118.2
2026-08-03T17:29:19.220862,6995,0.275,0.003,0.000,17.5
2026-08-03T17:29:19.287635,6996,0.274,0.001,0.000,15.2
2026-08-03T17:29:19.322001,6997,0.279,0.001,0.000,29.7
2026-08-03T17:29:19.353555,6998,0.274,0.001,0.000,32.8
2026-08-03T17:29:19.422062,6999,0.272,0.002,0.000,14.9
2026-08-03T17:29:19.431382,7000,0.268,0.000,0.000,117.4
2026-08-03T17:29:19.489350,7001,0.269,0.001,0.000,17.5
2026-08-03T17:29:19.582404,7002,0.270,0.002,0.000,10.9
2026-08-03T17:29:19.594080,7003,0.264,0.001,0.000,90.9
2026-08-03T17:29:19.653062,7004,0.260,0.003,0.000,17.4
2026-08-03T17:29:19.722671,7005,0.259,0.005,0.000,14.6
2026-08-03T17:29:19.750578,7006,0.262,0.220,0.000,36.7
2026-08-03T17:29:19.789222,7007,0.264,0.250,0.000,26.4
2026-08-03T17:29:19.882869,7008,0.269,0.225,0.000,10.8
2026-08-03T17:29:19.893253,7009,0.270,0.215,0.000,104.1
2026-08-03T17:29:19.953569,7010,0.271,0.217,0.000,17.0
2026-08-03T17:29:20.014721,7011,0.269,0.210,0.000,16.6
2026-08-03T17:29:20.022832,7012,0.271,0.187,0.000,134.8
2026-08-03T17:29:20.084339,7013,0.273,0.104,0.000,16.4
2026-08-03T17:29:20.155329,7014,0.269,0.076,0.000,14.4
2026-08-03T17:29:20.184114,7015,0.085,0.030,0.000,35.6
2026-08-03T17:29:20.220367,7016,0.062,0.017,0.000,28.2
2026-08-03T17:29:20.318249,7017,0.082,0.004,0.000,10.3
2026-08-03T17:29:20.329591,7018,0.098,0.002,0.000,94.1
2026-08-03T17:29:20.384611,7019,0.150,0.004,0.000,18.6
2026-08-03T17:29:20.451224,7020,0.183,0.004,0.000,15.2
2026-08-03T17:29:20.486946,7021,0.212,0.003,0.000,28.6
2026-08-03T17:29:20.518471,7022,0.227,0.003,0.000,33.2
2026-08-03T17:29:20.585922,7023,0.236,0.004,0.000,15.0
2026-08-03T17:29:20.598855,7024,0.246,0.003,0.000,82.0
2026-08-03T17:29:20.653243,7025,0.243,0.001,0.000,18.9
2026-08-03T17:29:20.748794,7026,0.249,0.003,0.000,10.6
2026-08-03T17:29:20.759780,7027,0.246,0.077,0.000,96.6
2026-08-03T17:29:20.817871,7028,0.252,0.211,0.000,17.7
2026-08-03T17:29:20.883963,7029,0.256,0.192,0.000,15.4
2026-08-03T17:29:20.917860,7030,0.254,0.117,0.000,30.1
2026-08-03T17:29:20.952482,7031,0.252,0.139,0.000,29.9
2026-08-03T17:29:21.050395,7032,0.263,0.125,0.000,10.3
2026-08-03T17:29:21.060369,7033,0.261,0.094,0.000,107.8
2026-08-03T17:29:21.116702,7034,0.258,0.101,0.000,18.2
2026-08-03T17:29:21.180569,7035,0.250,0.099,0.000,16.0
2026-08-03T17:29:21.189993,7036,0.245,0.124,0.000,115.8
2026-08-03T17:29:21.247585,7037,0.246,0.123,0.000,17.7
2026-08-03T17:29:21.316224,7038,0.253,0.153,0.000,14.9
2026-08-03T17:29:21.348122,7039,0.246,0.162,0.000,32.0
2026-08-03T17:29:21.386715,7040,0.250,0.162,0.000,26.6
2026-08-03T17:29:21.484202,7041,0.251,0.119,0.000,10.4
2026-08-03T17:29:21.495819,7042,0.245,0.153,0.000,92.2
2026-08-03T17:29:21.548626,7043,0.075,0.116,0.000,19.4
2026-08-03T17:29:21.616546,7044,0.031,0.138,0.000,15.0
2026-08-03T17:29:21.649520,7045,0.007,0.103,0.000,31.0
2026-08-03T17:29:21.681340,7046,0.011,0.124,0.000,32.8
2026-08-03T17:29:21.747987,7047,0.080,0.131,0.000,15.4
2026-08-03T17:29:21.759748,7048,0.145,0.101,0.000,90.3
2026-08-03T17:29:21.816547,7049,0.192,0.097,0.000,17.9
2026-08-03T17:29:21.914280,7050,0.212,0.033,0.000,10.4
2026-08-03T17:29:21.925546,7051,0.230,0.015,0.000,94.9
2026-08-03T17:29:21.980565,7052,0.238,0.005,0.000,18.5
2026-08-03T17:29:22.049231,7053,0.246,0.006,0.000,14.8
2026-08-03T17:29:22.082990,7054,0.259,0.007,0.000,30.3
2026-08-03T17:29:22.116975,7055,0.269,0.006,0.000,30.9
2026-08-03T17:29:22.210368,7056,0.264,0.004,0.000,10.8
2026-08-03T17:29:22.221005,7057,0.269,0.005,0.000,100.8
2026-08-03T17:29:22.281721,7058,0.266,0.002,0.000,16.8
2026-08-03T17:29:22.345758,7059,0.266,0.003,0.000,15.9
2026-08-03T17:29:22.354528,7060,0.264,0.003,0.000,124.6
2026-08-03T17:29:22.412356,7061,0.257,0.004,0.000,17.5
2026-08-03T17:29:22.481762,7062,0.259,0.003,0.000,14.7
2026-08-03T17:29:22.511627,7063,0.253,0.002,0.000,34.2
2026-08-03T17:29:22.551433,7064,0.258,0.001,0.000,25.8
2026-08-03T17:29:22.643742,7065,0.254,0.007,0.000,11.0
2026-08-03T17:29:22.652443,7066,0.260,0.007,0.000,128.1
2026-08-03T17:29:22.712821,7067,0.265,0.006,0.000,16.7
2026-08-03T17:29:22.785175,7068,0.256,0.004,0.000,14.0
2026-08-03T17:29:22.810898,7069,0.274,0.003,0.000,40.3
2026-08-03T17:29:22.844979,7070,0.292,0.004,0.000,30.1
2026-08-03T17:29:22.915130,7071,0.299,0.005,0.000,14.5
2026-08-03T17:29:22.925733,7072,0.310,0.004,0.000,101.4
2026-08-03T17:29:22.980376,7073,0.311,0.008,0.000,18.6
2026-08-03T17:29:23.076718,7074,0.303,0.007,0.000,10.5
2026-08-03T17:29:23.087778,7075,0.298,0.003,0.000,106.6
2026-08-03T17:29:23.144604,7076,0.307,0.005,0.000,18.3
2026-08-03T17:29:23.212635,7077,0.305,0.005,0.000,14.9
2026-08-03T17:29:23.244517,7078,0.322,0.003,0.000,32.1
2026-08-03T17:29:23.281856,7079,0.330,0.003,0.000,27.6
2026-08-03T17:29:23.376645,7080,0.327,0.002,0.000,10.8
2026-08-03T17:29:23.387565,7081,0.326,0.002,0.000,97.8
2026-08-03T17:29:23.444158,7082,0.331,0.002,0.000,17.9
2026-08-03T17:29:23.510473,7083,0.335,0.002,0.000,15.4
2026-08-03T17:29:23.520756,7084,0.333,0.006,0.000,104.5
2026-08-03T17:29:23.576719,7085,0.318,0.001,0.000,18.2
2026-08-03T17:29:23.642802,7086,0.206,0.001,0.000,15.4
2026-08-03T17:29:23.677625,7087,0.186,0.003,0.000,29.3
2026-08-03T17:29:23.712768,7088,0.223,0.001,0.000,29.1
2026-08-03T17:29:23.807660,7089,0.334,0.001,0.000,10.6
2026-08-03T17:29:23.817646,7090,0.345,0.002,0.000,119.9
2026-08-03T17:29:23.876296,7091,0.354,0.003,0.000,17.3
2026-08-03T17:29:23.948008,7092,0.361,0.003,0.000,14.2
2026-08-03T17:29:23.976051,7093,0.371,0.005,0.000,36.7
2026-08-03T17:29:24.011611,7094,0.370,0.005,0.000,28.8
2026-08-03T17:29:24.077134,7095,0.375,0.004,0.000,15.6
2026-08-03T17:29:24.088370,7096,0.350,0.005,0.000,96.0
2026-08-03T17:29:24.146614,7097,0.095,0.005,0.000,17.5
2026-08-03T17:29:24.239959,7098,0.089,0.004,0.000,10.8
2026-08-03T17:29:24.248688,7099,0.140,0.002,0.000,124.1
2026-08-03T17:29:24.309170,7100,0.230,0.005,0.000,16.8
2026-08-03T17:29:24.378387,7101,0.252,0.003,0.000,14.7
2026-08-03T17:29:24.409107,7102,0.273,0.006,0.000,33.4
2026-08-03T17:29:24.444895,7103,0.279,0.011,0.000,29.1
2026-08-03T17:29:24.538438,7104,0.289,0.018,0.000,10.8
2026-08-03T17:29:24.549053,7105,0.297,0.010,0.000,104.4
2026-08-03T17:29:24.608711,7106,0.307,0.004,0.000,17.0
2026-08-03T17:29:24.675925,7107,0.310,0.006,0.000,15.1
2026-08-03T17:29:24.685078,7108,0.315,0.007,0.000,119.2
2026-08-03T17:29:24.740971,7109,0.312,0.008,0.000,18.2
2026-08-03T17:29:24.809120,7110,0.309,0.007,0.000,14.9
2026-08-03T17:29:24.840187,7111,0.316,0.007,0.000,32.9
2026-08-03T17:29:24.878186,7112,0.314,0.009,0.000,27.2
2026-08-03T17:29:24.970892,7113,0.316,0.008,0.000,10.9
2026-08-03T17:29:24.981683,7114,0.317,0.009,0.000,99.0
2026-08-03T17:29:25.040575,7115,0.318,0.010,0.000,17.2
2026-08-03T17:29:25.107362,7116,0.318,0.008,0.000,15.2
2026-08-03T17:29:25.141522,7117,0.319,0.007,0.000,29.9
2026-08-03T17:29:25.174137,7118,0.320,0.007,0.000,31.6
2026-08-03T17:29:25.240060,7119,0.320,0.006,0.000,15.4
2026-08-03T17:29:25.252775,7120,0.316,0.006,0.000,83.4
2026-08-03T17:29:25.308774,7121,0.319,0.004,0.000,18.2
2026-08-03T17:29:25.402480,7122,0.310,0.003,0.000,10.8
2026-08-03T17:29:25.414449,7123,0.306,0.003,0.000,88.2
2026-08-03T17:29:25.472903,7124,0.306,0.002,0.000,17.5
2026-08-03T17:29:25.541381,7125,0.310,0.002,0.000,14.9
2026-08-03T17:29:25.572189,7126,0.306,0.003,0.000,33.3
2026-08-03T17:29:25.609631,7127,0.303,0.004,0.000,27.3
2026-08-03T17:29:25.704502,7128,0.303,0.004,0.000,10.7
2026-08-03T17:29:25.715026,7129,0.299,0.006,0.000,101.9
2026-08-03T17:29:25.773000,7130,0.293,0.006,0.000,17.5
2026-08-03T17:29:25.839085,7131,0.300,0.005,0.000,15.4
2026-08-03T17:29:25.848210,7132,0.309,0.002,0.000,119.3
2026-08-03T17:29:25.905834,7133,0.312,0.003,0.000,17.8
2026-08-03T17:29:25.972455,7134,0.312,0.004,0.000,15.3
2026-08-03T17:29:26.005284,7135,0.314,0.005,0.000,31.2
2026-08-03T17:29:26.042640,7136,0.316,0.007,0.000,27.6
2026-08-03T17:29:26.135641,7137,0.314,0.006,0.000,10.9
2026-08-03T17:29:26.148545,7138,0.320,0.007,0.000,82.4
2026-08-03T17:29:26.205186,7139,0.310,0.015,0.000,18.1
2026-08-03T17:29:26.272633,7140,0.306,0.021,0.000,15.1
2026-08-03T17:29:26.303859,7141,0.312,0.015,0.000,32.9
2026-08-03T17:29:26.336893,7142,0.306,0.012,0.000,31.0
2026-08-03T17:29:26.402044,7143,0.316,0.014,0.000,15.6
2026-08-03T17:29:26.411863,7144,0.322,0.007,0.000,119.5
2026-08-03T17:29:26.472725,7145,0.323,0.007,0.000,16.6
2026-08-03T17:29:26.568326,7146,0.329,0.009,0.000,10.6
2026-08-03T17:29:26.576902,7147,0.326,0.014,0.000,126.6
2026-08-03T17:29:26.635804,7148,0.327,0.016,0.000,17.3
2026-08-03T17:29:26.705602,7149,0.324,0.023,0.000,14.5
2026-08-03T17:29:26.735402,7150,0.320,0.016,0.000,34.6
2026-08-03T17:29:26.773031,7151,0.316,0.015,0.000,27.1
2026-08-03T17:29:26.869629,7152,0.321,0.027,0.000,10.5
2026-08-03T17:29:26.880875,7153,0.319,0.039,0.000,95.8
2026-08-03T17:29:26.938066,7154,0.318,0.036,0.000,17.8
2026-08-03T17:29:27.001795,7155,0.318,0.063,0.000,15.9
2026-08-03T17:29:27.012841,7156,0.318,0.082,0.000,97.4
2026-08-03T17:29:27.068330,7157,0.310,0.104,0.000,18.3
2026-08-03T17:29:27.142397,7158,0.318,0.123,0.000,13.6
2026-08-03T17:29:27.165926,7159,0.317,0.122,0.000,43.7
2026-08-03T17:29:27.204773,7160,0.319,0.145,0.000,26.3
2026-08-03T17:29:27.299824,7161,0.316,0.123,0.000,10.7
2026-08-03T17:29:27.310497,7162,0.314,0.132,0.000,100.5
2026-08-03T17:29:27.369000,7163,0.312,0.095,0.000,17.4
2026-08-03T17:29:27.436522,7164,0.312,0.068,0.000,15.1
2026-08-03T17:29:27.468217,7165,0.313,0.037,0.000,32.4
2026-08-03T17:29:27.500308,7166,0.307,0.027,0.000,32.6
2026-08-03T17:29:27.565554,7167,0.296,0.021,0.000,15.6
2026-08-03T17:29:27.576144,7168,0.293,0.014,0.000,100.9
2026-08-03T17:29:27.636399,7169,0.292,0.012,0.000,16.8
2026-08-03T17:29:27.735698,7170,0.294,0.010,0.000,10.2
2026-08-03T17:29:27.745679,7171,0.297,0.009,0.000,109.6
2026-08-03T17:29:27.800106,7172,0.301,0.004,0.000,18.8
2026-08-03T17:29:27.868817,7173,0.303,0.004,0.000,14.8
2026-08-03T17:29:27.901496,7174,0.306,0.003,0.000,31.3
2026-08-03T17:29:27.937424,7175,0.304,0.003,0.000,28.5
2026-08-03T17:29:28.029284,7176,0.302,0.003,0.000,11.0
2026-08-03T17:29:28.037671,7177,0.295,0.003,0.000,131.2
2026-08-03T17:29:28.100414,7178,0.078,0.003,0.000,16.1
2026-08-03T17:29:28.162995,7179,0.064,0.004,0.000,16.3
2026-08-03T17:29:28.170902,7180,0.079,0.005,0.000,138.4
2026-08-03T17:29:28.232492,7181,0.148,0.007,0.000,16.5
2026-08-03T17:29:28.297780,7182,0.198,0.007,0.000,15.6
2026-08-03T17:29:28.333414,7183,0.234,0.006,0.000,28.7
2026-08-03T17:29:28.369879,7184,0.249,0.006,0.000,28.1
2026-08-03T17:29:28.462439,7185,0.266,0.007,0.000,10.9
2026-08-03T17:29:28.473294,7186,0.271,0.006,0.000,98.0
2026-08-03T17:29:28.532435,7187,0.277,0.006,0.000,17.1
2026-08-03T17:29:28.597854,7188,0.285,0.005,0.000,15.5
2026-08-03T17:29:28.633444,7189,0.294,0.005,0.000,28.6
2026-08-03T17:29:28.666080,7190,0.297,0.005,0.000,32.0
2026-08-03T17:29:28.731195,7191,0.298,0.004,0.000,15.6
2026-08-03T17:29:28.743918,7192,0.302,0.005,0.000,83.0
2026-08-03T17:29:28.799770,7193,0.305,0.004,0.000,18.1
2026-08-03T17:29:28.895137,7194,0.307,0.003,0.000,10.7
2026-08-03T17:29:28.908849,7195,0.308,0.003,0.000,76.9
2026-08-03T17:29:28.964454,7196,0.308,0.004,0.000,18.3
2026-08-03T17:29:29.036561,7197,0.311,0.003,0.000,14.2
2026-08-03T17:29:29.065559,7198,0.311,0.003,0.000,35.5
2026-08-03T17:29:29.102920,7199,0.313,0.004,0.000,27.4
2026-08-03T17:29:29.193077,7200,0.313,0.004,0.000,11.3
2026-08-03T17:29:29.202150,7201,0.312,0.004,0.000,119.2
2026-08-03T17:29:29.265195,7202,0.314,0.004,0.000,16.1
2026-08-03T17:29:29.327278,7203,0.315,0.004,0.000,16.5
2026-08-03T17:29:29.336515,7204,0.313,0.004,0.000,119.0
2026-08-03T17:29:29.397301,7205,0.314,0.005,0.000,16.6
2026-08-03T17:29:29.466420,7206,0.313,0.004,0.000,14.6
2026-08-03T17:29:29.495891,7207,0.316,0.004,0.000,34.7
2026-08-03T17:29:29.534504,7208,0.320,0.004,0.000,26.5
2026-08-03T17:29:29.627532,7209,0.320,0.004,0.000,10.9
2026-08-03T17:29:29.638110,7210,0.320,0.004,0.000,100.9
2026-08-03T17:29:29.696605,7211,0.323,0.004,0.000,17.3
2026-08-03T17:29:29.765206,7212,0.322,0.004,0.000,14.8
2026-08-03T17:29:29.795892,7213,0.324,0.005,0.000,33.3
2026-08-03T17:29:29.829784,7214,0.324,0.005,0.000,30.6
2026-08-03T17:29:29.899825,7215,0.325,0.004,0.000,14.6
2026-08-03T17:29:29.911159,7216,0.331,0.005,0.000,94.4
2026-08-03T17:29:29.964706,7217,0.328,0.004,0.000,19.1
2026-08-03T17:29:30.059304,7218,0.324,0.004,0.000,10.7
2026-08-03T17:29:30.069879,7219,0.324,0.005,0.000,100.4
2026-08-03T17:29:30.127412,7220,0.324,0.005,0.000,17.6
2026-08-03T17:29:30.196901,7221,0.323,0.006,0.000,14.6
2026-08-03T17:29:30.227082,7222,0.322,0.006,0.000,33.9
2026-08-03T17:29:30.264971,7223,0.321,0.006,0.000,26.9
2026-08-03T17:29:30.357982,7224,0.321,0.006,0.000,10.8
2026-08-03T17:29:30.365615,7225,0.320,0.007,0.000,143.9
2026-08-03T17:29:30.427337,7226,0.321,0.005,0.000,16.4
2026-08-03T17:29:30.492903,7227,0.290,0.007,0.000,15.5
2026-08-03T17:29:30.503339,7228,0.244,0.010,0.000,103.4
2026-08-03T17:29:30.559456,7229,0.191,0.010,0.000,18.1
2026-08-03T17:29:30.626013,7230,0.188,0.010,0.000,15.2
2026-08-03T17:29:30.660625,7231,0.201,0.010,0.000,29.5
2026-08-03T17:29:30.697439,7232,0.197,0.009,0.000,28.5
2026-08-03T17:29:30.794221,7233,0.211,0.009,0.000,10.4
2026-08-03T17:29:30.803442,7234,0.205,0.007,0.000,118.8
2026-08-03T17:29:30.860645,7235,0.209,0.007,0.000,17.7
2026-08-03T17:29:30.930014,7236,0.214,0.006,0.000,14.7
2026-08-03T17:29:30.961190,7237,0.212,0.006,0.000,32.8
2026-08-03T17:29:30.993943,7238,0.213,0.006,0.000,31.8
2026-08-03T17:29:31.059954,7239,0.238,0.005,0.000,15.4
2026-08-03T17:29:31.068077,7240,0.264,0.005,0.000,135.2
2026-08-03T17:29:31.131241,7241,0.281,0.004,0.000,16.0
2026-08-03T17:29:31.223662,7242,0.285,0.004,0.000,15.1
2026-08-03T17:29:31.232575,7243,0.286,0.004,0.000,115.3
2026-08-03T17:29:31.291082,7244,0.290,0.005,0.000,17.2
2026-08-03T17:29:31.360074,7245,0.290,0.006,0.000,14.6
2026-08-03T17:29:31.393884,7246,0.289,0.004,0.000,29.8
2026-08-03T17:29:31.430032,7247,0.290,0.006,0.000,27.9
2026-08-03T17:29:31.525532,7248,0.293,0.006,0.000,10.5
2026-08-03T17:29:31.533422,7249,0.295,0.005,0.000,130.6
2026-08-03T17:29:31.593897,7250,0.298,0.006,0.000,16.6
2026-08-03T17:29:31.661482,7251,0.299,0.006,0.000,14.9
2026-08-03T17:29:31.672126,7252,0.301,0.006,0.000,96.5
2026-08-03T17:29:31.723942,7253,0.301,0.007,0.000,19.5
2026-08-03T17:29:31.796897,7254,0.299,0.007,0.000,13.8
2026-08-03T17:29:31.822615,7255,0.298,0.010,0.000,39.4
2026-08-03T17:29:31.859496,7256,0.300,0.008,0.000,27.4
2026-08-03T17:29:31.955265,7257,0.296,0.003,0.000,10.5
2026-08-03T17:29:31.965285,7258,0.299,0.007,0.000,103.2
2026-08-03T17:29:32.024629,7259,0.298,0.003,0.000,17.0
2026-08-03T17:29:32.095478,7260,0.298,0.004,0.000,14.2
2026-08-03T17:29:32.125765,7261,0.304,0.005,0.000,33.3
2026-08-03T17:29:32.153376,7262,0.307,0.005,0.000,36.5
2026-08-03T17:29:32.223529,7263,0.306,0.004,0.000,14.3
2026-08-03T17:29:32.232382,7264,0.299,0.005,0.000,116.1
2026-08-03T17:29:32.292618,7265,0.298,0.005,0.000,16.7
2026-08-03T17:29:32.388387,7266,0.301,0.005,0.000,10.5
2026-08-03T17:29:32.398783,7267,0.306,0.006,0.000,99.1
2026-08-03T17:29:32.457019,7268,0.307,0.007,0.000,17.3
2026-08-03T17:29:32.524609,7269,0.307,0.005,0.000,14.9
2026-08-03T17:29:32.556750,7270,0.308,0.004,0.000,31.4
2026-08-03T17:29:32.592359,7271,0.305,0.003,0.000,28.3
2026-08-03T17:29:32.687540,7272,0.303,0.009,0.000,10.5
2026-08-03T17:29:32.695792,7273,0.315,0.004,0.000,124.6
2026-08-03T17:29:32.756043,7274,0.326,0.003,0.000,16.7
2026-08-03T17:29:32.819839,7275,0.323,0.005,0.000,15.8
2026-08-03T17:29:32.828237,7276,0.321,0.005,0.000,122.4
2026-08-03T17:29:32.888353,7277,0.305,0.001,0.000,16.7
2026-08-03T17:29:32.959980,7278,0.315,0.004,0.000,14.1
2026-08-03T17:29:32.986836,7279,0.310,0.006,0.000,37.6
2026-08-03T17:29:33.023934,7280,0.318,0.004,0.000,27.3
2026-08-03T17:29:33.120696,7281,0.315,0.005,0.000,10.4
2026-08-03T17:29:33.129068,7282,0.314,0.003,0.000,122.8
2026-08-03T17:29:33.189185,7283,0.310,0.003,0.000,16.7
2026-08-03T17:29:33.254289,7284,0.298,0.004,0.000,15.4
2026-08-03T17:29:33.288964,7285,0.059,0.002,0.000,29.1
2026-08-03T17:29:33.320482,7286,0.046,0.002,0.000,32.0
2026-08-03T17:29:33.386648,7287,0.055,0.006,0.000,15.2
2026-08-03T17:29:33.394890,7288,0.090,0.007,0.000,125.3
2026-08-03T17:29:33.456860,7289,0.109,0.005,0.000,16.2
2026-08-03T17:29:33.561782,7290,0.112,0.004,0.000,9.6
2026-08-03T17:29:33.570308,7291,0.140,0.007,0.000,121.4
2026-08-03T17:29:33.620854,7292,0.148,0.006,0.000,19.9
2026-08-03T17:29:33.685556,7293,0.147,0.005,0.000,15.5
2026-08-03T17:29:33.721274,7294,0.136,0.009,0.000,28.2
2026-08-03T17:29:33.755918,7295,0.125,0.008,0.000,29.2
2026-08-03T17:29:33.850765,7296,0.143,0.010,0.000,10.6
2026-08-03T17:29:33.859032,7297,0.163,0.004,0.000,124.8
2026-08-03T17:29:33.920736,7298,0.246,0.002,0.000,16.5
2026-08-03T17:29:33.982641,7299,0.264,0.003,0.000,16.3
2026-08-03T17:29:33.990782,7300,0.276,0.002,0.000,126.6
2026-08-03T17:29:34.050295,7301,0.278,0.004,0.000,16.9
2026-08-03T17:29:34.125883,7302,0.279,0.003,0.000,13.3
2026-08-03T17:29:34.150245,7303,0.281,0.002,0.000,41.7
2026-08-03T17:29:34.188025,7304,0.286,0.004,0.000,26.7
2026-08-03T17:29:34.285703,7305,0.284,0.004,0.000,10.3
2026-08-03T17:29:34.294976,7306,0.288,0.004,0.000,110.7
2026-08-03T17:29:34.352942,7307,0.298,0.004,0.000,17.4
2026-08-03T17:29:34.417207,7308,0.296,0.004,0.000,15.6
2026-08-03T17:29:34.453226,7309,0.294,0.003,0.000,28.0
2026-08-03T17:29:34.484934,7310,0.297,0.003,0.000,32.0
2026-08-03T17:29:34.559372,7311,0.296,0.003,0.000,13.5
2026-08-03T17:29:34.568295,7312,0.300,0.003,0.000,115.3
2026-08-03T17:29:34.621495,7313,0.301,0.003,0.000,18.9
2026-08-03T17:29:34.717461,7314,0.303,0.004,0.000,10.5
2026-08-03T17:29:34.725088,7315,0.301,0.004,0.000,135.9
2026-08-03T17:29:34.784716,7316,0.298,0.004,0.000,16.8
2026-08-03T17:29:34.850570,7317,0.299,0.003,0.000,15.2
2026-08-03T17:29:34.884229,7318,0.267,0.003,0.000,29.9
2026-08-03T17:29:34.919783,7319,0.095,0.002,0.000,28.4
2026-08-03T17:29:35.019744,7320,0.060,0.005,0.000,10.0
2026-08-03T17:29:35.028466,7321,0.058,0.005,0.000,118.1
2026-08-03T17:29:35.084823,7322,0.082,0.012,0.000,17.8
2026-08-03T17:29:35.148074,7323,0.098,0.009,0.000,15.9
2026-08-03T17:29:35.156955,7324,0.102,0.009,0.000,115.8
2026-08-03T17:29:35.216767,7325,0.104,0.008,0.000,16.8
2026-08-03T17:29:35.289912,7326,0.109,0.013,0.000,13.7
2026-08-03T17:29:35.313551,7327,0.131,0.009,0.000,42.7
2026-08-03T17:29:35.351093,7328,0.137,0.008,0.000,26.8
2026-08-03T17:29:35.457001,7329,0.135,0.014,0.000,9.5
2026-08-03T17:29:35.466092,7330,0.130,0.017,0.000,113.9
2026-08-03T17:29:35.516789,7331,0.122,0.021,0.000,19.8
2026-08-03T17:29:35.581886,7332,0.121,0.017,0.000,15.4
2026-08-03T17:29:35.616649,7333,0.121,0.013,0.000,29.0
2026-08-03T17:29:35.648911,7334,0.123,0.011,0.000,31.3
2026-08-03T17:29:35.719273,7335,0.129,0.014,0.000,14.3
2026-08-03T17:29:35.729530,7336,0.128,0.014,0.000,99.8
2026-08-03T17:29:35.785147,7337,0.127,0.018,0.000,18.1
2026-08-03T17:29:35.847458,7338,0.133,0.017,0.000,16.1
2026-08-03T17:29:35.855480,7339,0.147,0.016,0.000,128.4
2026-08-03T17:29:35.916359,7340,0.135,0.007,0.000,16.5
2026-08-03T17:29:35.981355,7341,0.112,0.009,0.000,15.5
2026-08-03T17:29:35.989619,7342,0.085,0.007,0.000,124.9
2026-08-03T17:29:36.047167,7343,0.170,0.004,0.000,17.5
2026-08-03T17:29:36.115146,7344,0.260,0.005,0.000,14.8
2026-08-03T17:29:36.148715,7345,0.292,0.004,0.000,30.0
2026-08-03T17:29:36.185977,7346,0.290,0.003,0.000,27.1
2026-08-03T17:29:36.282006,7347,0.275,0.002,0.000,10.5
2026-08-03T17:29:36.290283,7348,0.281,0.002,0.000,124.3
2026-08-03T17:29:36.349449,7349,0.288,0.004,0.000,17.0
2026-08-03T17:29:36.412592,7350,0.290,0.004,0.000,15.9
2026-08-03T17:29:36.420948,7351,0.299,0.003,0.000,123.2
2026-08-03T17:29:36.481030,7352,0.306,0.002,0.000,16.7
2026-08-03T17:29:36.546968,7353,0.292,0.002,0.000,15.2
2026-08-03T17:29:36.581778,7354,0.292,0.005,0.000,28.9
2026-08-03T17:29:36.616121,7355,0.288,0.005,0.000,29.3
2026-08-03T17:29:36.713615,7356,0.195,0.010,0.000,10.3
2026-08-03T17:29:36.721146,7357,0.133,0.003,0.000,137.2
2026-08-03T17:29:36.780068,7358,0.127,0.004,0.000,17.0
2026-08-03T17:29:36.840812,7359,0.137,0.008,0.000,16.5
2026-08-03T17:29:36.849289,7360,0.160,0.008,0.000,121.4
2026-08-03T17:29:36.913727,7361,0.141,0.022,0.000,15.6
2026-08-03T17:29:36.979964,7362,0.130,0.028,0.000,15.2
2026-08-03T17:29:36.987726,7363,0.140,0.016,0.000,132.9
2026-08-03T17:29:37.049043,7364,0.134,0.033,0.000,16.4
2026-08-03T17:29:37.144856,7365,0.167,0.025,0.000,10.5
2026-08-03T17:29:37.153937,7366,0.118,0.043,0.000,113.6
2026-08-03T17:29:37.214159,7367,0.039,0.030,0.000,16.7
2026-08-03T17:29:37.278834,7368,0.046,0.009,0.000,15.5
2026-08-03T17:29:37.313617,7369,0.062,0.008,0.000,28.9
2026-08-03T17:29:37.346344,7370,0.070,0.009,0.000,30.8
2026-08-03T17:29:37.443817,7371,0.102,0.009,0.000,10.3
2026-08-03T17:29:37.452783,7372,0.114,0.007,0.000,114.5
2026-08-03T17:29:37.514150,7373,0.113,0.005,0.000,16.4
2026-08-03T17:29:37.572873,7374,0.107,0.005,0.000,17.1
2026-08-03T17:29:37.581082,7375,0.113,0.004,0.000,125.9
2026-08-03T17:29:37.643515,7376,0.119,0.006,0.000,16.1
2026-08-03T17:29:37.712223,7377,0.143,0.008,0.000,14.6
2026-08-03T17:29:37.743151,7378,0.116,0.012,0.000,32.6
2026-08-03T17:29:37.781303,7379,0.128,0.018,0.000,26.4
2026-08-03T17:29:37.874427,7380,0.112,0.009,0.000,10.8
2026-08-03T17:29:37.883429,7381,0.112,0.011,0.000,114.1
2026-08-03T17:29:37.944819,7382,0.110,0.010,0.000,16.4
2026-08-03T17:29:38.009956,7383,0.095,0.008,0.000,15.4
2026-08-03T17:29:38.018305,7384,0.092,0.005,0.000,123.2
2026-08-03T17:29:38.076950,7385,0.089,0.008,0.000,17.1
2026-08-03T17:29:38.146081,7386,0.093,0.007,0.000,14.6
2026-08-03T17:29:38.155774,7387,0.093,0.009,0.000,105.8
2026-08-03T17:29:38.213332,7388,0.070,0.013,0.000,17.5
2026-08-03T17:29:38.309397,7389,0.071,0.007,0.000,10.4
2026-08-03T17:29:38.319619,7390,0.064,0.007,0.000,100.3
2026-08-03T17:29:38.377741,7391,0.093,0.008,0.000,17.3
2026-08-03T17:29:38.449116,7392,0.269,0.011,0.000,14.1
2026-08-03T17:29:38.473500,7393,0.345,0.010,0.000,41.4
2026-08-03T17:29:38.511770,7394,0.344,0.011,0.000,26.3
2026-08-03T17:29:38.611120,7395,0.342,0.011,0.000,10.1
2026-08-03T17:29:38.619527,7396,0.263,0.011,0.000,122.6
2026-08-03T17:29:38.676721,7397,0.028,0.012,0.000,17.6
2026-08-03T17:29:38.743250,7398,0.024,0.016,0.000,15.1
2026-08-03T17:29:38.751879,7399,0.032,0.013,0.000,119.3
2026-08-03T17:29:38.807886,7400,0.039,0.014,0.000,17.9
2026-08-03T17:29:38.881709,7401,0.058,0.013,0.000,13.6
2026-08-03T17:29:38.908483,7402,0.068,0.009,0.000,37.7
2026-08-03T17:29:38.944846,7403,0.089,0.012,0.000,27.7
2026-08-03T17:29:39.045144,7404,0.079,0.006,0.000,10.0
2026-08-03T17:29:39.053443,7405,0.083,0.009,0.000,124.0
2026-08-03T17:29:39.109161,7406,0.072,0.005,0.000,18.0
2026-08-03T17:29:39.171762,7407,0.078,0.001,0.000,16.1
2026-08-03T17:29:39.179904,7408,0.088,0.011,0.000,127.5
2026-08-03T17:29:39.238437,7409,0.000,0.000,0.000,17.2
2026-08-03T17:29:39.300596,7410,0.000,0.000,0.000,16.2
2026-08-03T17:29:39.302752,7411,0.000,0.000,0.000,516.9
2026-08-03T17:29:39.368574,7412,0.000,0.000,0.000,15.2
2026-08-03T17:29:39.470147,7413,0.000,0.000,0.000,9.9
2026-08-03T17:29:39.472555,7414,0.000,0.000,0.000,489.2
2026-08-03T17:29:39.533294,7415,0.000,0.000,0.000,16.5
2026-08-03T17:29:39.600641,7416,0.000,0.000,0.000,15.0
2026-08-03T17:29:39.632787,7417,0.000,0.000,0.000,31.3
2026-08-03T17:29:39.668651,7418,0.000,0.000,0.000,28.2
2026-08-03T17:29:39.764424,7419,0.000,0.000,0.000,10.5
2026-08-03T17:29:39.766443,7420,0.000,0.000,0.000,558.9
2026-08-03T17:29:39.800538,7421,0.000,0.000,0.000,29.5
2026-08-03T17:29:39.863190,7422,0.000,0.000,0.000,16.0
2026-08-03T17:29:39.865348,7423,0.000,0.000,0.000,520.1
2026-08-03T17:29:39.900668,7424,0.000,0.000,0.000,28.5
2026-08-03T17:29:40.001006,7425,0.000,0.000,0.000,10.0
2026-08-03T17:29:40.003364,7426,0.000,0.000,0.000,471.4
2026-08-03T17:29:40.064732,7427,0.000,0.000,0.000,16.4
2026-08-03T17:29:40.135274,7428,0.000,0.000,0.000,14.3
2026-08-03T17:29:40.171420,7429,0.000,0.000,0.000,27.8
2026-08-03T17:29:40.201213,7430,0.000,0.000,0.000,33.8
2026-08-03T17:29:40.301292,7431,0.000,0.000,0.000,10.0
2026-08-03T17:29:40.304368,7432,0.000,0.000,0.000,355.6
2026-08-03T17:29:40.364482,7433,0.000,0.000,0.000,16.7
2026-08-03T17:29:40.431566,7434,0.000,0.000,0.000,15.0
2026-08-03T17:29:40.433912,7435,0.000,0.000,0.000,474.1
2026-08-03T17:29:40.464605,7436,0.000,0.000,0.000,32.9
2026-08-03T17:29:40.534417,7437,0.000,0.000,0.000,14.4
2026-08-03T17:29:40.536667,7438,0.000,0.000,0.000,504.7
2026-08-03T17:29:40.596494,7439,0.000,0.000,0.000,16.8
2026-08-03T17:29:40.665721,7440,0.000,0.000,0.000,14.5
2026-08-03T17:29:40.696007,7441,0.000,0.000,0.000,33.3
2026-08-03T17:29:40.732778,7442,0.000,0.000,0.000,27.4
2026-08-03T17:29:40.831538,7443,0.000,0.000,0.000,10.2
2026-08-03T17:29:40.833730,7444,0.000,0.000,0.000,508.8
2026-08-03T17:29:40.896347,7445,0.000,0.000,0.000,16.0
2026-08-03T17:29:40.966557,7446,0.000,0.000,0.000,14.3
2026-08-03T17:29:40.968643,7447,0.000,0.000,0.000,539.2
2026-08-03T17:29:41.028893,7448,0.000,0.000,0.000,16.7
2026-08-03T17:29:41.095841,7449,0.000,0.000,0.000,15.1
2026-08-03T17:29:41.128009,7450,0.000,0.000,0.000,31.3
2026-08-03T17:29:41.165239,7451,0.000,0.000,0.000,27.1
2026-08-03T17:29:41.260136,7452,0.000,0.000,0.000,10.6
2026-08-03T17:29:41.262832,7453,0.000,0.000,0.000,406.3
2026-08-03T17:29:41.328492,7454,0.000,0.000,0.000,15.3
2026-08-03T17:29:41.403002,7455,0.000,0.000,0.000,13.5
2026-08-03T17:29:41.428305,7456,0.000,0.000,0.000,39.9
2026-08-03T17:29:41.464534,7457,0.000,0.000,0.000,27.8
2026-08-03T17:29:41.560198,7458,0.000,0.000,0.000,10.5
2026-08-03T17:29:41.562353,7459,0.000,0.000,0.000,524.5
2026-08-03T17:29:41.596247,7460,0.000,0.000,0.000,29.6
2026-08-03T17:29:41.659461,7461,0.000,0.000,0.000,15.9
2026-08-03T17:29:41.661541,7462,0.000,0.000,0.000,540.3
2026-08-03T17:29:41.696708,7463,0.000,0.000,0.000,28.6
2026-08-03T17:29:41.792326,7464,0.000,0.000,0.000,10.5
2026-08-03T17:29:41.794806,7465,0.000,0.000,0.000,444.3
2026-08-03T17:29:41.860247,7466,0.000,0.000,0.000,15.3
2026-08-03T17:29:41.934700,7467,0.000,0.000,0.000,13.5
2026-08-03T17:29:41.959825,7468,0.000,0.000,0.000,40.3
2026-08-03T17:29:41.996533,7469,0.000,0.000,0.000,27.4
2026-08-03T17:29:42.092209,7470,0.000,0.000,0.000,10.5
2026-08-03T17:29:42.094351,7471,0.000,0.000,0.000,524.1
2026-08-03T17:29:42.128631,7472,0.000,0.000,0.000,29.3
2026-08-03T17:29:42.190604,7473,0.000,0.000,0.000,16.2
2026-08-03T17:29:42.192715,7474,0.000,0.000,0.000,528.6
2026-08-03T17:29:42.229525,7475,0.000,0.000,0.000,27.3
2026-08-03T17:29:42.323547,7476,0.000,0.000,0.000,10.7
2026-08-03T17:29:42.326706,7477,0.000,0.000,0.000,341.0
2026-08-03T17:29:42.392959,7478,0.000,0.000,0.000,15.1
2026-08-03T17:29:42.463358,7479,0.000,0.000,0.000,14.3
2026-08-03T17:29:42.492098,7480,0.000,0.000,0.000,35.4
2026-08-03T17:29:42.528980,7481,0.000,0.000,0.000,27.4
2026-08-03T17:29:42.624128,7482,0.000,0.000,0.000,10.6
2026-08-03T17:29:42.626298,7483,0.000,0.000,0.000,518.6
2026-08-03T17:29:42.660272,7484,0.000,0.000,0.000,29.6
2026-08-03T17:29:42.723320,7485,0.000,0.000,0.000,15.9
2026-08-03T17:29:42.725507,7486,0.000,0.000,0.000,511.2
2026-08-03T17:29:42.760329,7487,0.000,0.000,0.000,28.9
2026-08-03T17:29:42.823894,7488,0.000,0.000,0.000,15.8
2026-08-03T17:29:42.826023,7489,0.000,0.000,0.000,526.4
2026-08-03T17:29:42.859979,7490,0.000,0.000,0.000,29.6
2026-08-03T17:29:42.960816,7491,0.000,0.000,0.000,9.9
2026-08-03T17:29:42.962811,7492,0.000,0.000,0.000,566.3
2026-08-03T17:29:43.024618,7493,0.000,0.000,0.000,16.2
2026-08-03T17:29:43.092127,7494,0.000,0.000,0.000,14.9
2026-08-03T17:29:43.124296,7495,0.000,0.000,0.000,31.3
2026-08-03T17:29:43.160083,7496,0.000,0.000,0.000,28.1
2026-08-03T17:29:43.256772,7497,0.000,0.000,0.000,10.4
2026-08-03T17:29:43.258788,7498,0.000,0.000,0.000,558.7
2026-08-03T17:29:43.325082,7499,0.000,0.000,0.000,15.1
2026-08-03T17:29:43.395158,7500,0.000,0.000,0.000,14.3
2026-08-03T17:29:43.397509,7501,0.000,0.000,0.000,475.2
2026-08-03T17:29:43.455854,7502,0.000,0.000,0.000,17.2
2026-08-03T17:29:43.527197,7503,0.000,0.000,0.000,14.1
2026-08-03T17:29:43.556191,7504,0.000,0.000,0.000,34.8
2026-08-03T17:29:43.592615,7505,0.000,0.000,0.000,27.7
2026-08-03T17:29:43.689978,7506,0.000,0.000,0.000,10.3
2026-08-03T17:29:43.692046,7507,0.000,0.000,0.000,541.0
2026-08-03T17:29:43.756728,7508,0.000,0.000,0.000,15.5
2026-08-03T17:29:43.825150,7509,0.000,0.000,0.000,14.7
2026-08-03T17:29:43.855748,7510,0.000,0.000,0.000,32.9
2026-08-03T17:29:43.890448,7511,0.000,0.000,0.000,29.0
2026-08-03T17:29:43.962660,7512,0.000,0.000,0.000,14.0
2026-08-03T17:29:43.964929,7513,0.000,0.000,0.000,491.0
2026-08-03T17:29:44.033017,7514,0.000,0.000,0.000,14.7
2026-08-03T17:29:44.127192,7515,0.000,0.000,0.000,10.7
2026-08-03T17:29:44.129248,7516,0.000,0.000,0.000,549.7
2026-08-03T17:29:44.196363,7517,0.000,0.000,0.000,14.9
2026-08-03T17:29:44.262636,7518,0.000,0.000,0.000,15.1
2026-08-03T17:29:44.288283,7519,0.000,0.000,0.000,39.3
2026-08-03T17:29:44.324116,7520,0.000,0.000,0.000,28.5
2026-08-03T17:29:44.427903,7521,0.000,0.000,0.000,9.7
2026-08-03T17:29:44.430069,7522,0.000,0.000,0.000,516.9
2026-08-03T17:29:44.488244,7523,0.000,0.000,0.000,17.3
2026-08-03T17:29:44.556219,7524,0.000,0.000,0.000,14.8
2026-08-03T17:29:44.563249,7525,0.000,0.000,0.000,147.6
2026-08-03T17:29:44.620292,7526,0.000,0.000,0.000,17.6
2026-08-03T17:29:44.686982,7527,0.000,0.000,0.000,15.0
2026-08-03T17:29:44.720608,7528,0.000,0.000,0.000,29.9
2026-08-03T17:29:44.756165,7529,0.000,0.000,0.000,28.3
2026-08-03T17:29:44.852242,7530,0.000,0.000,0.000,10.4
2026-08-03T17:29:44.854978,7531,0.000,0.000,0.000,399.3
2026-08-03T17:29:44.920617,7532,0.000,0.000,0.000,15.3
2026-08-03T17:29:44.996174,7533,0.000,0.000,0.000,13.3
2026-08-03T17:29:45.020391,7534,0.000,0.000,0.000,41.7
2026-08-03T17:29:45.052930,7535,0.000,0.000,0.000,31.1
2026-08-03T17:29:45.123223,7536,0.000,0.000,0.000,14.3
2026-08-03T17:29:45.125328,7537,0.000,0.000,0.000,535.6
2026-08-03T17:29:45.188450,7538,0.000,0.000,0.000,15.9
2026-08-03T17:29:45.286048,7539,0.000,0.000,0.000,10.3
2026-08-03T17:29:45.288166,7540,0.000,0.000,0.000,530.7
2026-08-03T17:29:45.353328,7541,0.000,0.000,0.000,15.4
2026-08-03T17:29:45.427147,7542,0.000,0.000,0.000,13.6
2026-08-03T17:29:45.452694,7543,0.000,0.000,0.000,39.5
2026-08-03T17:29:45.488328,7544,0.000,0.000,0.000,28.4
2026-08-03T17:29:45.585905,7545,0.000,0.000,0.000,10.3
2026-08-03T17:29:45.587950,7546,0.000,0.000,0.000,550.1
2026-08-03T17:29:45.652166,7547,0.000,0.000,0.000,15.6
2026-08-03T17:29:45.715441,7548,0.000,0.000,0.000,15.9
2026-08-03T17:29:45.718850,7549,0.000,0.000,0.000,314.1
2026-08-03T17:29:45.784612,7550,0.000,0.000,0.000,15.2
2026-08-03T17:29:45.851512,7551,0.000,0.000,0.000,15.0
2026-08-03T17:29:45.893123,7552,0.000,0.000,0.000,24.2
2026-08-03T17:29:45.920348,7553,0.000,0.000,0.000,37.2
2026-08-03T17:29:46.020917,7554,0.000,0.000,0.000,10.0
2026-08-03T17:29:46.025621,7555,0.000,0.000,0.000,233.0
2026-08-03T17:29:46.084579,7556,0.000,0.000,0.000,17.0
2026-08-03T17:29:46.151007,7557,0.000,0.000,0.000,15.2
2026-08-03T17:29:46.185052,7558,0.000,0.000,0.000,29.6
2026-08-03T17:29:46.216488,7559,0.000,0.000,0.000,32.1
2026-08-03T17:29:46.288472,7560,0.000,0.000,0.000,13.9
2026-08-03T17:29:46.290535,7561,0.000,0.000,0.000,558.1
2026-08-03T17:29:46.353173,7562,0.000,0.000,0.000,16.0
2026-08-03T17:29:46.451519,7563,0.000,0.000,0.000,10.2
2026-08-03T17:29:46.453778,7564,0.000,0.000,0.000,492.6
2026-08-03T17:29:46.516192,7565,0.000,0.000,0.000,16.1
2026-08-03T17:29:46.583052,7566,0.000,0.000,0.000,15.0
2026-08-03T17:29:46.617362,7567,0.000,0.000,0.000,29.3
2026-08-03T17:29:46.652157,7568,0.000,0.000,0.000,29.0
2026-08-03T17:29:46.752179,7569,0.000,0.000,0.000,10.0
2026-08-03T17:29:46.754474,7570,0.000,0.000,0.000,512.6
2026-08-03T17:29:46.816538,7571,0.000,0.000,0.000,16.2
2026-08-03T17:29:46.882766,7572,0.000,0.000,0.000,15.2
2026-08-03T17:29:46.887982,7573,0.000,0.000,0.000,207.2
2026-08-03T17:29:46.948300,7574,0.000,0.000,0.000,16.7
2026-08-03T17:29:47.019651,7575,0.000,0.000,0.000,14.1
2026-08-03T17:29:47.048866,7576,0.000,0.000,0.000,34.7
2026-08-03T17:29:47.084569,7577,0.000,0.000,0.000,28.4
2026-08-03T17:29:47.180902,7578,0.000,0.000,0.000,10.4
2026-08-03T17:29:47.183005,7579,0.000,0.000,0.000,534.2
2026-08-03T17:29:47.249062,7580,0.000,0.000,0.000,15.2
2026-08-03T17:29:47.316003,7581,0.000,0.000,0.000,15.0
2026-08-03T17:29:47.348544,7582,0.000,0.000,0.000,30.9
2026-08-03T17:29:47.381770,7583,0.000,0.000,0.000,30.5
2026-08-03T17:29:47.456867,7584,0.000,0.000,0.000,13.4
2026-08-03T17:29:47.458871,7585,0.000,0.000,0.000,563.6
2026-08-03T17:29:47.516023,7586,0.000,0.000,0.000,17.5
2026-08-03T17:29:47.612480,7587,0.000,0.000,0.000,10.4
2026-08-03T17:29:47.615019,7588,0.000,0.000,0.000,432.9
2026-08-03T17:29:47.680994,7589,0.000,0.000,0.000,15.2
2026-08-03T17:29:47.747733,7590,0.000,0.000,0.000,15.1
2026-08-03T17:29:47.781021,7591,0.000,0.000,0.000,30.2
2026-08-03T17:29:47.816515,7592,0.000,0.000,0.000,28.6
2026-08-03T17:29:47.921406,7593,0.000,0.000,0.000,9.6
2026-08-03T17:29:47.923831,7594,0.000,0.000,0.000,471.2
2026-08-03T17:29:47.980553,7595,0.000,0.000,0.000,17.7
2026-08-03T17:29:48.050973,7596,0.000,0.000,0.000,14.3
2026-08-03T17:29:48.053053,7597,0.000,0.000,0.000,542.8
2026-08-03T17:29:48.114341,7598,0.000,0.000,0.000,16.4
2026-08-03T17:29:48.182666,7599,0.000,0.000,0.000,14.7
2026-08-03T17:29:48.213151,7600,0.000,0.000,0.000,33.1
2026-08-03T17:29:48.248757,7601,0.000,0.000,0.000,28.4
2026-08-03T17:29:48.345668,7602,0.000,0.000,0.000,10.3
2026-08-03T17:29:48.347718,7603,0.000,0.000,0.000,548.0
2026-08-03T17:29:48.413187,7604,0.000,0.000,0.000,15.3
2026-08-03T17:29:48.481906,7605,0.000,0.000,0.000,14.6
2026-08-03T17:29:48.484700,7606,0.000,0.000,0.000,392.6
2026-08-03T17:29:48.546090,7607,0.000,0.000,0.000,16.3
2026-08-03T17:29:48.613195,7608,0.000,0.000,0.000,15.0
2026-08-03T17:29:48.615379,7609,0.000,0.000,0.000,511.8
2026-08-03T17:29:48.681595,7610,0.000,0.000,0.000,15.1
2026-08-03T17:29:48.777843,7611,0.000,0.000,0.000,10.4
2026-08-03T17:29:48.779828,7612,0.000,0.000,0.000,567.4
2026-08-03T17:29:48.844417,7613,0.000,0.000,0.000,15.5
2026-08-03T17:29:48.924438,7614,0.000,0.000,0.000,12.5
2026-08-03T17:29:48.943916,7615,0.000,0.000,0.000,51.9
2026-08-03T17:29:48.979722,7616,0.000,0.000,0.000,28.1
2026-08-03T17:29:49.076429,7617,0.000,0.000,0.000,10.4
2026-08-03T17:29:49.078514,7618,0.000,0.000,0.000,539.7
2026-08-03T17:29:49.113001,7619,0.000,0.000,0.000,29.1
2026-08-03T17:29:49.177968,7620,0.000,0.000,0.000,15.5
2026-08-03T17:29:49.180004,7621,0.000,0.000,0.000,554.5
2026-08-03T17:29:49.245036,7622,0.000,0.000,0.000,15.4
2026-08-03T17:29:49.309024,7623,0.000,0.000,0.000,15.7
2026-08-03T17:29:49.311082,7624,0.000,0.000,0.000,547.3
2026-08-03T17:29:49.377917,7625,0.000,0.000,0.000,15.0
2026-08-03T17:29:49.447635,7626,0.000,0.000,0.000,14.4
2026-08-03T17:29:49.476114,7627,0.000,0.000,0.000,35.4
2026-08-03T17:29:49.512028,7628,0.000,0.000,0.000,28.3
2026-08-03T17:29:49.609661,7629,0.000,0.000,0.000,10.3
2026-08-03T17:29:49.611613,7630,0.000,0.000,0.000,579.9
2026-08-03T17:29:49.677029,7631,0.000,0.000,0.000,15.3
2026-08-03T17:29:49.741216,7632,0.000,0.000,0.000,15.6
2026-08-03T17:29:49.743171,7633,0.000,0.000,0.000,581.8
2026-08-03T17:29:49.777632,7634,0.000,0.000,0.000,29.2
2026-08-03T17:29:49.839948,7635,0.000,0.000,0.000,16.1
2026-08-03T17:29:49.842806,7636,0.000,0.000,0.000,380.1
2026-08-03T17:29:49.908206,7637,0.000,0.000,0.000,15.3
2026-08-03T17:29:49.982000,7638,0.000,0.000,0.000,13.6
2026-08-03T17:29:50.008208,7639,0.000,0.000,0.000,38.5
2026-08-03T17:29:50.045431,7640,0.000,0.000,0.000,27.1
2026-08-03T17:29:50.143279,7641,0.000,0.000,0.000,10.3
2026-08-03T17:29:50.145328,7642,0.000,0.000,0.000,558.9
2026-08-03T17:29:50.208686,7643,0.000,0.000,0.000,15.8
2026-08-03T17:29:50.271700,7644,0.000,0.000,0.000,15.9
2026-08-03T17:29:50.274877,7645,0.000,0.000,0.000,346.9
2026-08-03T17:29:50.308434,7646,0.000,0.000,0.000,29.9
2026-08-03T17:29:50.371108,7647,0.000,0.000,0.000,16.1
2026-08-03T17:29:50.375003,7648,0.000,0.000,0.000,273.7
2026-08-03T17:29:50.440221,7649,0.000,0.000,0.000,15.4
2026-08-03T17:29:50.524147,7650,0.000,0.000,0.000,12.0
2026-08-03T17:29:50.540545,7651,0.000,0.000,0.000,62.6
2026-08-03T17:29:50.585309,7652,0.000,0.000,0.000,22.5
2026-08-03T17:29:50.671783,7653,0.000,0.000,0.000,11.6
2026-08-03T17:29:50.674937,7654,0.000,0.000,0.000,353.3
2026-08-03T17:29:50.740701,7655,0.000,0.000,0.000,15.2
2026-08-03T17:29:50.813122,7656,0.000,0.000,0.000,13.9
2026-08-03T17:29:50.820829,7657,0.000,0.000,0.000,133.9
2026-08-03T17:29:50.884343,7658,0.000,0.000,0.000,15.8
2026-08-03T17:29:50.947102,7659,0.000,0.000,0.000,16.1
2026-08-03T17:29:50.949121,7660,0.000,0.000,0.000,560.7
2026-08-03T17:29:51.008893,7661,0.000,0.000,0.000,16.8
2026-08-03T17:29:51.105429,7662,0.000,0.000,0.000,10.4
2026-08-03T17:29:51.107513,7663,0.000,0.000,0.000,550.7
2026-08-03T17:29:51.172322,7664,0.000,0.000,0.000,15.5
2026-08-03T17:29:51.241875,7665,0.000,0.000,0.000,14.5
2026-08-03T17:29:51.272854,7666,0.000,0.000,0.000,32.5
2026-08-03T17:29:51.308446,7667,0.000,0.000,0.000,28.3
2026-08-03T17:29:51.418712,7668,0.000,0.000,0.000,9.1
2026-08-03T17:29:51.420782,7669,0.000,0.000,0.000,541.9
2026-08-03T17:29:51.472222,7670,0.000,0.000,0.000,19.5
2026-08-03T17:29:51.540505,7671,0.000,0.000,0.000,14.7
2026-08-03T17:29:51.543730,7672,0.000,0.000,0.000,375.4
2026-08-03T17:29:51.604455,7673,0.000,0.000,0.000,16.5
2026-08-03T17:29:51.671433,7674,0.000,0.000,0.000,15.0
2026-08-03T17:29:51.705502,7675,0.000,0.000,0.000,29.6
2026-08-03T17:29:51.741315,7676,0.000,0.000,0.000,28.3
2026-08-03T17:29:51.837750,7677,0.000,0.000,0.000,10.4
2026-08-03T17:29:51.839995,7678,0.000,0.000,0.000,495.3
2026-08-03T17:29:51.904305,7679,0.000,0.000,0.000,15.6
2026-08-03T17:29:51.971867,7680,0.000,0.000,0.000,14.9
2026-08-03T17:29:51.980416,7681,0.000,0.000,0.000,124.9
2026-08-03T17:29:52.004948,7682,0.000,0.000,0.000,41.4
2026-08-03T17:29:52.069809,7683,0.000,0.000,0.000,15.5
2026-08-03T17:29:52.072005,7684,0.000,0.000,0.000,513.2
2026-08-03T17:29:52.104873,7685,0.000,0.000,0.000,30.6
2026-08-03T17:29:52.171468,7686,0.000,0.000,0.000,15.1
2026-08-03T17:29:52.173944,7687,0.000,0.000,0.000,442.2
2026-08-03T17:29:52.236244,7688,0.000,0.000,0.000,16.1
2026-08-03T17:29:52.304556,7689,0.000,0.000,0.000,14.7
2026-08-03T17:29:52.336766,7690,0.000,0.000,0.000,31.3
2026-08-03T17:29:52.372987,7691,0.000,0.000,0.000,27.9
2026-08-03T17:29:52.482147,7692,0.000,0.000,0.000,9.2
2026-08-03T17:29:52.484290,7693,0.000,0.000,0.000,524.4
2026-08-03T17:29:52.536803,7694,0.000,0.000,0.000,19.1
2026-08-03T17:29:52.603450,7695,0.000,0.000,0.000,15.1
2026-08-03T17:29:52.610743,7696,0.000,0.000,0.000,141.6
2026-08-03T17:29:52.637195,7697,0.000,0.000,0.000,38.3
2026-08-03T17:29:52.698876,7698,0.000,0.000,0.000,16.3
2026-08-03T17:29:52.703044,7699,0.000,0.000,0.000,253.9
2026-08-03T17:29:52.768932,7700,0.000,0.000,0.000,15.3
2026-08-03T17:29:52.838509,7701,0.000,0.000,0.000,14.4
2026-08-03T17:29:52.868419,7702,0.000,0.000,0.000,33.8
2026-08-03T17:29:52.904346,7703,0.000,0.000,0.000,28.0
2026-08-03T17:29:53.005957,7704,0.000,0.000,0.000,9.9
2026-08-03T17:29:53.008530,7705,0.000,0.000,0.000,436.1
2026-08-03T17:29:53.068571,7706,0.000,0.000,0.000,16.7
2026-08-03T17:29:53.131330,7707,0.000,0.000,0.000,16.0
2026-08-03T17:29:53.135079,7708,0.000,0.000,0.000,284.0
2026-08-03T17:29:53.169106,7709,0.000,0.000,0.000,29.5
2026-08-03T17:29:53.232184,7710,0.000,0.000,0.000,15.9
2026-08-03T17:29:53.234989,7711,0.000,0.000,0.000,389.4
2026-08-03T17:29:53.268586,7712,0.000,0.000,0.000,29.9
2026-08-03T17:29:53.334186,7713,0.000,0.000,0.000,15.3
2026-08-03T17:29:53.336347,7714,0.000,0.000,0.000,527.5
2026-08-03T17:29:53.399930,7715,0.000,0.000,0.000,15.8
2026-08-03T17:29:53.471217,7716,0.000,0.000,0.000,14.1
2026-08-03T17:29:53.500643,7717,0.000,0.000,0.000,34.3
2026-08-03T17:29:53.537203,7718,0.000,0.000,0.000,27.7
2026-08-03T17:29:53.631987,7719,0.000,0.000,0.000,10.6
2026-08-03T17:29:53.634874,7720,0.000,0.000,0.000,376.5
2026-08-03T17:29:53.700769,7721,0.000,0.000,0.000,15.2
2026-08-03T17:29:53.763026,7722,0.000,0.000,0.000,16.2
2026-08-03T17:29:53.767128,7723,0.000,0.000,0.000,260.2
2026-08-03T17:29:53.800610,7724,0.000,0.000,0.000,30.0
2026-08-03T17:29:53.864533,7725,0.000,0.000,0.000,15.7
2026-08-03T17:29:53.867147,7726,0.000,0.000,0.000,419.7
2026-08-03T17:29:53.932492,7727,0.000,0.000,0.000,15.3
2026-08-03T17:29:54.011013,7728,0.000,0.000,0.000,12.8
2026-08-03T17:29:54.033315,7729,0.000,0.000,0.000,45.4
2026-08-03T17:29:54.068559,7730,0.000,0.000,0.000,28.8
2026-08-03T17:29:54.164871,7731,0.000,0.000,0.000,10.4
2026-08-03T17:29:54.166873,7732,0.000,0.000,0.000,564.3
2026-08-03T17:29:54.232400,7733,0.000,0.000,0.000,15.3
2026-08-03T17:29:54.297650,7734,0.000,0.000,0.000,15.4
2026-08-03T17:29:54.299592,7735,0.000,0.000,0.000,580.8
2026-08-03T17:29:54.332083,7736,0.000,0.000,0.000,30.9
2026-08-03T17:29:54.401951,7737,0.000,0.000,0.000,14.4
2026-08-03T17:29:54.404137,7738,0.000,0.000,0.000,516.4
2026-08-03T17:29:54.464215,7739,0.000,0.000,0.000,16.7
2026-08-03T17:29:54.534515,7740,0.000,0.000,0.000,14.3
2026-08-03T17:29:54.564228,7741,0.000,0.000,0.000,33.9
2026-08-03T17:29:54.601820,7742,0.000,0.000,0.000,26.8
2026-08-03T17:29:54.701133,7743,0.000,0.000,0.000,10.1
2026-08-03T17:29:54.708603,7744,0.000,0.000,0.000,138.4
2026-08-03T17:29:54.764597,7745,0.000,0.000,0.000,18.0
2026-08-03T17:29:54.839759,7746,0.000,0.000,0.000,13.4
2026-08-03T17:29:54.864796,7747,0.000,0.000,0.000,40.3
2026-08-03T17:29:54.896980,7748,0.000,0.000,0.000,31.5
2026-08-03T17:29:54.974830,7749,0.000,0.000,0.000,12.9
2026-08-03T17:29:54.983069,7750,0.000,0.000,0.000,125.3
2026-08-03T17:29:55.042218,7751,0.000,0.000,0.000,17.0
2026-08-03T17:29:55.137497,7752,0.000,0.000,0.000,10.5
2026-08-03T17:29:55.144597,7753,0.000,0.000,0.000,145.3
2026-08-03T17:29:55.204223,7754,0.000,0.000,0.000,16.9
2026-08-03T17:29:55.271458,7755,0.000,0.000,0.000,15.0
2026-08-03T17:29:55.305343,7756,0.000,0.000,0.000,29.7
2026-08-03T17:29:55.340295,7757,0.000,0.000,0.000,29.0
2026-08-03T17:29:55.437616,7758,0.000,0.000,0.000,10.3
2026-08-03T17:29:55.445660,7759,0.000,0.000,0.000,128.0
2026-08-03T17:29:55.503501,7760,0.000,0.000,0.000,17.4
2026-08-03T17:29:55.569652,7761,0.000,0.000,0.000,15.2
2026-08-03T17:29:55.577303,7762,0.000,0.000,0.000,134.7
2026-08-03T17:29:55.636242,7763,0.000,0.000,0.000,17.1
2026-08-03T17:29:55.696715,7764,0.000,0.000,0.000,16.6
2026-08-03T17:29:55.728918,7765,0.000,0.000,0.000,31.3
2026-08-03T17:29:55.764221,7766,0.000,0.000,0.000,28.5
2026-08-03T17:29:55.858884,7767,0.000,0.000,0.000,10.6
2026-08-03T17:29:55.863102,7768,0.000,0.000,0.000,250.5
2026-08-03T17:29:55.928505,7769,0.000,0.000,0.000,15.3
2026-08-03T17:29:56.007379,7770,0.000,0.000,0.000,12.7
2026-08-03T17:29:56.037178,7771,0.000,0.000,0.000,33.8
2026-08-03T17:29:56.060583,7772,0.000,0.000,0.000,44.0
2026-08-03T17:29:56.130337,7773,0.000,0.000,0.000,14.4
2026-08-03T17:29:56.137657,7774,0.000,0.000,0.000,141.0
2026-08-03T17:29:56.197872,7775,0.000,0.000,0.000,16.7
2026-08-03T17:29:56.291092,7776,0.000,0.000,0.000,10.8
2026-08-03T17:29:56.295087,7777,0.000,0.000,0.000,267.9
2026-08-03T17:29:56.360336,7778,0.000,0.000,0.000,15.4
2026-08-03T17:29:56.433430,7779,0.000,0.000,0.000,13.7
2026-08-03T17:29:56.460553,7780,0.000,0.000,0.000,37.4
2026-08-03T17:29:56.496754,7781,0.000,0.000,0.000,27.8
2026-08-03T17:29:56.594264,7782,0.000,0.000,0.000,10.3
2026-08-03T17:29:56.596246,7783,0.000,0.000,0.000,569.4
2026-08-03T17:29:56.661099,7784,0.000,0.000,0.000,15.5
2026-08-03T17:29:56.723535,7785,0.000,0.000,0.000,16.1
2026-08-03T17:29:56.727098,7786,0.000,0.000,0.000,298.7
2026-08-03T17:29:56.767552,7787,0.000,0.000,0.000,24.9
2026-08-03T17:29:56.828816,7788,0.000,0.000,0.000,16.4
2026-08-03T17:29:56.836608,7789,0.000,0.000,0.000,132.3
2026-08-03T17:29:56.902816,7790,0.347,0.014,0.000,15.2
2026-08-03T17:29:56.974740,7791,0.350,0.012,0.000,14.0
2026-08-03T17:29:56.998127,7792,0.359,0.005,0.000,43.2
2026-08-03T17:29:57.037149,7793,0.351,0.006,0.000,25.9
2026-08-03T17:29:57.132701,7794,0.290,0.007,0.000,10.5
2026-08-03T17:29:57.140347,7795,0.271,0.006,0.000,134.7
2026-08-03T17:29:57.200930,7796,0.265,0.004,0.000,16.6
2026-08-03T17:29:57.264880,7797,0.265,0.007,0.000,15.7
2026-08-03T17:29:57.272981,7798,0.257,0.006,0.000,127.0
2026-08-03T17:29:57.333023,7799,0.257,0.004,0.000,16.7
2026-08-03T17:29:57.412999,7800,0.259,0.004,0.000,12.5
2026-08-03T17:29:57.429627,7801,0.256,0.005,0.000,61.2
2026-08-03T17:29:57.468020,7802,0.255,0.004,0.000,26.2
2026-08-03T17:29:57.565962,7803,0.168,0.005,0.000,10.2
2026-08-03T17:29:57.574483,7804,0.085,0.006,0.000,120.7
2026-08-03T17:29:57.633059,7805,0.078,0.003,0.000,17.1
2026-08-03T17:29:57.700519,7806,0.216,0.003,0.000,14.9
2026-08-03T17:29:57.733810,7807,0.280,0.003,0.000,30.2
2026-08-03T17:29:57.769120,7808,0.293,0.008,0.000,28.6
2026-08-03T17:29:57.867619,7809,0.299,0.012,0.000,10.2
2026-08-03T17:29:57.877778,7810,0.311,0.045,0.000,100.7
2026-08-03T17:29:57.933369,7811,0.312,0.076,0.000,18.1
2026-08-03T17:29:57.998278,7812,0.297,0.061,0.000,15.5
2026-08-03T17:29:58.007120,7813,0.263,0.033,0.000,116.4
2026-08-03T17:29:58.065465,7814,0.247,0.012,0.000,17.3
2026-08-03T17:29:58.132586,7815,0.245,0.012,0.000,15.0
2026-08-03T17:29:58.164489,7816,0.247,0.014,0.000,31.6
2026-08-03T17:29:58.201073,7817,0.247,0.011,0.000,27.5
2026-08-03T17:29:58.298661,7818,0.229,0.005,0.000,10.3
2026-08-03T17:29:58.307535,7819,0.156,0.006,0.000,119.5
2026-08-03T17:29:58.363680,7820,0.050,0.010,0.000,17.9
2026-08-03T17:29:58.433641,7821,0.040,0.009,0.000,14.3
2026-08-03T17:29:58.442938,7822,0.053,0.010,0.000,110.3
2026-08-03T17:29:58.496170,7823,0.109,0.008,0.000,18.9
2026-08-03T17:29:58.569267,7824,0.146,0.008,0.000,13.7
2026-08-03T17:29:58.596491,7825,0.055,0.006,0.000,37.1
2026-08-03T17:29:58.634191,7826,0.065,0.003,0.000,26.7
2026-08-03T17:29:58.730248,7827,0.083,0.003,0.000,10.4
2026-08-03T17:29:58.738710,7828,0.078,0.006,0.000,122.2
2026-08-03T17:29:58.797293,7829,0.096,0.003,0.000,17.2
2026-08-03T17:29:58.864783,7830,0.094,0.002,0.000,14.9
2026-08-03T17:29:58.897069,7831,0.088,0.004,0.000,31.2
2026-08-03T17:29:58.932358,7832,0.069,0.004,0.000,28.6
2026-08-03T17:29:59.029816,7833,0.051,0.004,0.000,10.3
2026-08-03T17:29:59.041171,7834,0.053,0.004,0.000,91.5
2026-08-03T17:29:59.097404,7835,0.078,0.002,0.000,18.0
2026-08-03T17:29:59.158964,7836,0.091,0.005,0.000,16.3
2026-08-03T17:29:59.167346,7837,0.093,0.004,0.000,123.4
2026-08-03T17:29:59.229486,7838,0.084,0.002,0.000,16.2
2026-08-03T17:29:59.296777,7839,0.073,0.003,0.000,14.9
2026-08-03T17:29:59.330090,7840,0.094,0.002,0.000,30.3
2026-08-03T17:29:59.364683,7841,0.104,0.002,0.000,29.1
2026-08-03T17:29:59.462974,7842,0.083,0.003,0.000,10.2
2026-08-03T17:29:59.471840,7843,0.082,0.002,0.000,115.9
2026-08-03T17:29:59.530959,7844,0.219,0.002,0.000,17.1
2026-08-03T17:29:59.596430,7845,0.258,0.004,0.000,15.4
2026-08-03T17:29:59.604576,7846,0.275,0.003,0.000,126.7
2026-08-03T17:29:59.662556,7847,0.288,0.002,0.000,17.3
2026-08-03T17:29:59.731214,7848,0.291,0.003,0.000,14.6
2026-08-03T17:29:59.761796,7849,0.292,0.003,0.000,33.1
2026-08-03T17:29:59.794367,7850,0.295,0.003,0.000,31.0
2026-08-03T17:29:59.902754,7851,0.289,0.004,0.000,9.2
2026-08-03T17:29:59.911462,7852,0.282,0.004,0.000,118.8
2026-08-03T17:29:59.961493,7853,0.288,0.003,0.000,20.1
2026-08-03T17:30:00.034981,7854,0.287,0.004,0.000,13.7
2026-08-03T17:30:00.058575,7855,0.286,0.004,0.000,42.9
2026-08-03T17:30:00.097137,7856,0.286,0.005,0.000,26.1
2026-08-03T17:30:00.199993,7857,0.287,0.005,0.000,9.8
2026-08-03T17:30:00.208915,7858,0.287,0.005,0.000,115.3
2026-08-03T17:30:00.261474,7859,0.282,0.005,0.000,19.2
2026-08-03T17:30:00.325820,7860,0.282,0.005,0.000,15.6
2026-08-03T17:30:00.335247,7861,0.282,0.005,0.000,110.0
2026-08-03T17:30:00.394400,7862,0.282,0.007,0.000,17.1
2026-08-03T17:30:00.468659,7863,0.282,0.006,0.000,13.5
2026-08-03T17:30:00.490477,7864,0.281,0.006,0.000,46.4
2026-08-03T17:30:00.528333,7865,0.280,0.005,0.000,26.6
2026-08-03T17:30:00.626025,7866,0.279,0.006,0.000,10.3
2026-08-03T17:30:00.634354,7867,0.286,0.004,0.000,124.0
2026-08-03T17:30:00.692376,7868,0.302,0.003,0.000,17.3
2026-08-03T17:30:00.758270,7869,0.307,0.002,0.000,15.2
2026-08-03T17:30:00.767170,7870,0.314,0.003,0.000,115.7
2026-08-03T17:30:00.826106,7871,0.316,0.005,0.000,17.0
2026-08-03T17:30:00.898536,7872,0.315,0.003,0.000,13.9
2026-08-03T17:30:00.922729,7873,0.311,0.002,0.000,41.9
2026-08-03T17:30:00.960382,7874,0.305,0.004,0.000,26.8
2026-08-03T17:30:01.057607,7875,0.290,0.007,0.000,10.3
2026-08-03T17:30:01.065563,7876,0.288,0.007,0.000,130.0
2026-08-03T17:30:01.125764,7877,0.279,0.006,0.000,16.7
2026-08-03T17:30:01.193343,7878,0.282,0.005,0.000,14.9
2026-08-03T17:30:01.224362,7879,0.179,0.002,0.000,32.5
2026-08-03T17:30:01.257428,7880,0.060,0.004,0.000,30.6
2026-08-03T17:30:01.323858,7881,0.045,0.003,0.000,15.1
2026-08-03T17:30:01.331984,7882,0.056,0.002,0.000,126.8
2026-08-03T17:30:01.393102,7883,0.072,0.001,0.000,16.5
2026-08-03T17:30:01.462550,7884,0.075,0.003,0.000,14.5
2026-08-03T17:30:01.471746,7885,0.087,0.002,0.000,112.0
2026-08-03T17:30:01.526290,7886,0.100,0.001,0.000,18.4
2026-08-03T17:30:01.591020,7887,0.114,0.002,0.000,15.6
2026-08-03T17:30:01.599427,7888,0.111,0.002,0.000,122.8
2026-08-03T17:30:01.658235,7889,0.105,0.006,0.000,17.1
2026-08-03T17:30:01.725974,7890,0.098,0.004,0.000,14.8
2026-08-03T17:30:01.756333,7891,0.106,0.006,0.000,33.2
2026-08-03T17:30:01.793513,7892,0.120,0.005,0.000,27.1
2026-08-03T17:30:01.894001,7893,0.101,0.005,0.000,10.0
2026-08-03T17:30:01.902801,7894,0.121,0.008,0.000,117.2
2026-08-03T17:30:01.957164,7895,0.115,0.007,0.000,18.5
2026-08-03T17:30:02.027275,7896,0.117,0.005,0.000,14.3
2026-08-03T17:30:02.036711,7897,0.128,0.006,0.000,109.2
2026-08-03T17:30:02.090904,7898,0.129,0.008,0.000,18.6
2026-08-03T17:30:02.159380,7899,0.143,0.009,0.000,14.7
2026-08-03T17:30:02.188689,7900,0.137,0.009,0.000,34.4
2026-08-03T17:30:02.224722,7901,0.134,0.008,0.000,28.7
2026-08-03T17:30:02.320596,7902,0.131,0.009,0.000,10.5
2026-08-03T17:30:02.328713,7903,0.129,0.009,0.000,128.6
2026-08-03T17:30:02.388909,7904,0.131,0.008,0.000,16.7
2026-08-03T17:30:02.463175,7905,0.135,0.009,0.000,13.5
2026-08-03T17:30:02.487462,7906,0.137,0.006,0.000,41.6
2026-08-03T17:30:02.520945,7907,0.134,0.008,0.000,30.1
2026-08-03T17:30:02.595322,7908,0.137,0.009,0.000,13.5
2026-08-03T17:30:02.603981,7909,0.139,0.009,0.000,119.3
2026-08-03T17:30:02.658187,7910,0.135,0.009,0.000,18.5
2026-08-03T17:30:02.759615,7911,0.135,0.009,0.000,9.9
2026-08-03T17:30:02.769332,7912,0.131,0.013,0.000,105.7
2026-08-03T17:30:02.821042,7913,0.140,0.017,0.000,19.4
2026-08-03T17:30:02.891162,7914,0.140,0.017,0.000,14.3
2026-08-03T17:30:02.922427,7915,0.140,0.018,0.000,32.3
2026-08-03T17:30:02.957204,7916,0.136,0.020,0.000,29.0
2026-08-03T17:30:03.049647,7917,0.124,0.020,0.000,10.9
2026-08-03T17:30:03.058827,7918,0.132,0.023,0.000,111.9
2026-08-03T17:30:03.122457,7919,0.137,0.022,0.000,15.8
2026-08-03T17:30:03.183339,7920,0.117,0.019,0.000,16.5
2026-08-03T17:30:03.191896,7921,0.125,0.017,0.000,120.7
2026-08-03T17:30:03.253592,7922,0.084,0.012,0.000,16.3
2026-08-03T17:30:03.323051,7923,0.077,0.018,0.000,14.5
2026-08-03T17:30:03.350952,7924,0.206,0.014,0.000,36.2
2026-08-03T17:30:03.389751,7925,0.240,0.012,0.000,26.0
2026-08-03T17:30:03.490546,7926,0.267,0.020,0.000,10.0
2026-08-03T17:30:03.500666,7927,0.263,0.014,0.000,101.6
2026-08-03T17:30:03.554485,7928,0.267,0.009,0.000,19.0
2026-08-03T17:30:03.620091,7929,0.265,0.007,0.000,15.3
2026-08-03T17:30:03.653883,7930,0.263,0.006,0.000,29.9
2026-08-03T17:30:03.685103,7931,0.265,0.006,0.000,32.3
2026-08-03T17:30:03.755508,7932,0.260,0.005,0.000,14.3
2026-08-03T17:30:03.762985,7933,0.260,0.004,0.000,139.6
2026-08-03T17:30:03.820204,7934,0.094,0.003,0.000,17.6
2026-08-03T17:30:03.917062,7935,0.061,0.007,0.000,10.4
2026-08-03T17:30:03.925603,7936,0.081,0.008,0.000,120.7
2026-08-03T17:30:03.984485,7937,0.090,0.010,0.000,17.1
2026-08-03T17:30:04.059986,7938,0.096,0.008,0.000,13.3
2026-08-03T17:30:04.082301,7939,0.090,0.010,0.000,45.3
2026-08-03T17:30:04.120913,7940,0.106,0.013,0.000,26.1
2026-08-03T17:30:04.215733,7941,0.117,0.009,0.000,10.6
2026-08-03T17:30:04.223278,7942,0.108,0.010,0.000,136.9
2026-08-03T17:30:04.284846,7943,0.104,0.006,0.000,16.3
2026-08-03T17:30:04.349846,7944,0.111,0.014,0.000,15.4
2026-08-03T17:30:04.360559,7945,0.111,0.011,0.000,95.7
2026-08-03T17:30:04.416598,7946,0.107,0.011,0.000,17.9
2026-08-03T17:30:04.485413,7947,0.104,0.015,0.000,14.6
2026-08-03T17:30:04.516217,7948,0.125,0.014,0.000,32.7
2026-08-03T17:30:04.555035,7949,0.119,0.013,0.000,25.9
2026-08-03T17:30:04.645653,7950,0.110,0.007,0.000,11.1
2026-08-03T17:30:04.653659,7951,0.114,0.005,0.000,128.8
2026-08-03T17:30:04.719068,7952,0.113,0.006,0.000,15.4
2026-08-03T17:30:04.788632,7953,0.121,0.005,0.000,14.5
2026-08-03T17:30:04.816970,7954,0.133,0.005,0.000,35.7
2026-08-03T17:30:04.849145,7955,0.133,0.005,0.000,31.3
2026-08-03T17:30:04.915200,7956,0.142,0.005,0.000,15.2
2026-08-03T17:30:04.923521,7957,0.137,0.005,0.000,124.1
2026-08-03T17:30:04.984862,7958,0.129,0.006,0.000,16.4
2026-08-03T17:30:05.079473,7959,0.125,0.006,0.000,10.6
2026-08-03T17:30:05.087737,7960,0.124,0.007,0.000,124.7
2026-08-03T17:30:05.148395,7961,0.123,0.008,0.000,16.6
2026-08-03T17:30:05.227036,7962,0.118,0.007,0.000,12.8
2026-08-03T17:30:05.248145,7963,0.113,0.004,0.000,48.0
2026-08-03T17:30:05.284880,7964,0.121,0.001,0.000,27.5
2026-08-03T17:30:05.382064,7965,0.123,0.004,0.000,10.3
2026-08-03T17:30:05.390403,7966,0.126,0.002,0.000,123.6
2026-08-03T17:30:05.446564,7967,0.132,0.003,0.000,17.9
2026-08-03T17:30:05.514309,7968,0.127,0.005,0.000,14.8
2026-08-03T17:30:05.522125,7969,0.155,0.005,0.000,132.3
2026-08-03T17:30:05.581842,7970,0.148,0.005,0.000,16.8
2026-08-03T17:30:05.648325,7971,0.149,0.004,0.000,15.1
2026-08-03T17:30:05.682120,7972,0.143,0.002,0.000,29.8
2026-08-03T17:30:05.716362,7973,0.137,0.002,0.000,29.6
2026-08-03T17:30:05.823200,7974,0.135,0.002,0.000,9.4
2026-08-03T17:30:05.831513,7975,0.136,0.006,0.000,124.4
2026-08-03T17:30:05.882675,7976,0.134,0.009,0.000,19.6
2026-08-03T17:30:05.946610,7977,0.131,0.011,0.000,15.7
2026-08-03T17:30:05.981065,7978,0.238,0.003,0.000,29.2
2026-08-03T17:30:06.012675,7979,0.285,0.004,0.000,31.9
2026-08-03T17:30:06.078491,7980,0.303,0.005,0.000,15.2
2026-08-03T17:30:06.086672,7981,0.291,0.004,0.000,126.2
2026-08-03T17:30:06.151450,7982,0.285,0.002,0.000,15.5
2026-08-03T17:30:06.245508,7983,0.277,0.001,0.000,10.7
2026-08-03T17:30:06.254271,7984,0.272,0.003,0.000,118.1
2026-08-03T17:30:06.314430,7985,0.270,0.001,0.000,16.7
2026-08-03T17:30:06.381711,7986,0.267,0.001,0.000,14.9
2026-08-03T17:30:06.413426,7987,0.273,0.001,0.000,31.8
2026-08-03T17:30:06.449297,7988,0.268,0.002,0.000,28.2
2026-08-03T17:30:06.545575,7989,0.264,0.002,0.000,10.4
2026-08-03T17:30:06.554383,7990,0.266,0.002,0.000,116.5
2026-08-03T17:30:06.613056,7991,0.269,0.002,0.000,17.1
2026-08-03T17:30:06.675361,7992,0.277,0.001,0.000,16.1
2026-08-03T17:30:06.682981,7993,0.278,0.002,0.000,135.6
2026-08-03T17:30:06.744421,7994,0.279,0.001,0.000,16.3
2026-08-03T17:30:06.821368,7995,0.280,0.002,0.000,13.0
2026-08-03T17:30:06.841864,7996,0.281,0.004,0.000,50.0
2026-08-03T17:30:06.880482,7997,0.278,0.004,0.000,26.1
2026-08-03T17:30:06.982795,7998,0.278,0.003,0.000,9.8
2026-08-03T17:30:06.994668,7999,0.287,0.004,0.000,86.9
2026-08-03T17:30:07.042697,8000,0.295,0.003,0.000,21.0
2026-08-03T17:30:07.116516,8001,0.290,0.003,0.000,13.6
2026-08-03T17:30:07.143294,8002,0.286,0.004,0.000,37.7
2026-08-03T17:30:07.176413,8003,0.284,0.004,0.000,30.5
2026-08-03T17:30:07.249920,8004,0.283,0.004,0.000,13.7
2026-08-03T17:30:07.258304,8005,0.284,0.004,0.000,124.5
2026-08-03T17:30:07.311546,8006,0.284,0.004,0.000,18.9
2026-08-03T17:30:07.410579,8007,0.285,0.003,0.000,10.1
2026-08-03T17:30:07.418878,8008,0.282,0.003,0.000,124.5
2026-08-03T17:30:07.476499,8009,0.283,0.002,0.000,17.5
2026-08-03T17:30:07.548209,8010,0.285,0.002,0.000,14.0
2026-08-03T17:30:07.575011,8011,0.280,0.003,0.000,37.8
2026-08-03T17:30:07.612391,8012,0.280,0.003,0.000,27.1
2026-08-03T17:30:07.711602,8013,0.282,0.003,0.000,10.1
2026-08-03T17:30:07.720382,8014,0.281,0.003,0.000,117.2
2026-08-03T17:30:07.776614,8015,0.282,0.003,0.000,17.9
2026-08-03T17:30:07.839034,8016,0.282,0.003,0.000,16.1
2026-08-03T17:30:07.847889,8017,0.282,0.003,0.000,117.1
2026-08-03T17:30:07.908915,8018,0.282,0.004,0.000,16.5
2026-08-03T17:30:07.975775,8019,0.282,0.004,0.000,15.0
2026-08-03T17:30:08.009490,8020,0.283,0.005,0.000,29.9
2026-08-03T17:30:08.044402,8021,0.281,0.004,0.000,28.9
2026-08-03T17:30:08.142555,8022,0.281,0.003,0.000,10.2
2026-08-03T17:30:08.150541,8023,0.281,0.004,0.000,129.1
2026-08-03T17:30:08.208894,8024,0.282,0.004,0.000,17.2
2026-08-03T17:30:08.274549,8025,0.280,0.004,0.000,15.3
2026-08-03T17:30:08.306923,8026,0.285,0.004,0.000,31.2
2026-08-03T17:30:08.338165,8027,0.282,0.005,0.000,32.3
2026-08-03T17:30:08.412294,8028,0.284,0.005,0.000,13.5
2026-08-03T17:30:08.420296,8029,0.286,0.005,0.000,129.3
2026-08-03T17:30:08.479200,8030,0.289,0.005,0.000,17.1
2026-08-03T17:30:08.575228,8031,0.285,0.005,0.000,10.4
2026-08-03T17:30:08.584326,8032,0.286,0.005,0.000,115.4
2026-08-03T17:30:08.641683,8033,0.284,0.004,0.000,17.5
2026-08-03T17:30:08.709591,8034,0.280,0.004,0.000,14.8
2026-08-03T17:30:08.740749,8035,0.283,0.004,0.000,32.4
2026-08-03T17:30:08.777037,8036,0.287,0.004,0.000,27.8
2026-08-03T17:30:08.871910,8037,0.289,0.004,0.000,10.6
2026-08-03T17:30:08.880384,8038,0.289,0.004,0.000,122.3
2026-08-03T17:30:08.941945,8039,0.284,0.004,0.000,16.3
2026-08-03T17:30:09.004177,8040,0.288,0.004,0.000,16.2
2026-08-03T17:30:09.013207,8041,0.293,0.004,0.000,114.0
2026-08-03T17:30:09.070727,8042,0.291,0.004,0.000,17.5
2026-08-03T17:30:09.148558,8043,0.290,0.005,0.000,12.9
2026-08-03T17:30:09.170545,8044,0.290,0.005,0.000,46.4
2026-08-03T17:30:09.210095,8045,0.293,0.007,0.000,25.5
2026-08-03T17:30:09.306546,8046,0.295,0.006,0.000,10.4
2026-08-03T17:30:09.315653,8047,0.295,0.007,0.000,113.4
2026-08-03T17:30:09.372485,8048,0.294,0.006,0.000,17.7
2026-08-03T17:30:09.441073,8049,0.297,0.007,0.000,14.6
2026-08-03T17:30:09.473758,8050,0.296,0.007,0.000,30.8
2026-08-03T17:30:09.505179,8051,0.295,0.006,0.000,32.2
2026-08-03T17:30:09.570590,8052,0.298,0.006,0.000,15.4
2026-08-03T17:30:09.579061,8053,0.299,0.006,0.000,121.7
2026-08-03T17:30:09.642520,8054,0.289,0.006,0.000,15.8
2026-08-03T17:30:09.741916,8055,0.065,0.003,0.000,10.1
2026-08-03T17:30:09.751492,8056,0.051,0.005,0.000,107.4
2026-08-03T17:30:09.805239,8057,0.055,0.006,0.000,18.7
2026-08-03T17:30:09.871124,8058,0.060,0.007,0.000,15.5
2026-08-03T17:30:09.905894,8059,0.060,0.007,0.000,29.0
2026-08-03T17:30:09.941390,8060,0.057,0.005,0.000,28.4
2026-08-03T17:30:10.035465,8061,0.062,0.006,0.000,10.7
2026-08-03T17:30:10.043722,8062,0.080,0.010,0.000,125.5
2026-08-03T17:30:10.105076,8063,0.111,0.018,0.000,16.4
2026-08-03T17:30:10.173240,8064,0.113,0.018,0.000,14.8
2026-08-03T17:30:10.182279,8065,0.108,0.014,0.000,114.4
2026-08-03T17:30:10.236711,8066,0.103,0.007,0.000,18.5
2026-08-03T17:30:10.307555,8067,0.092,0.010,0.000,14.2
2026-08-03T17:30:10.337815,8068,0.073,0.004,0.000,33.3
2026-08-03T17:30:10.373533,8069,0.069,0.009,0.000,28.3
2026-08-03T17:30:10.470535,8070,0.073,0.012,0.000,10.3
2026-08-03T17:30:10.479706,8071,0.063,0.016,0.000,112.0
2026-08-03T17:30:10.536136,8072,0.074,0.020,0.000,17.8
2026-08-03T17:30:10.608138,8073,0.058,0.026,0.000,13.9
2026-08-03T17:30:10.635286,8074,0.068,0.023,0.000,37.7
2026-08-03T17:30:10.668759,8075,0.085,0.023,0.000,30.1
2026-08-03T17:30:10.732724,8076,0.000,0.000,0.000,15.7
2026-08-03T17:30:10.741193,8077,0.000,0.000,0.000,125.7
2026-08-03T17:30:10.806410,8078,0.000,0.000,0.000,15.4
2026-08-03T17:30:10.900952,8079,0.000,0.000,0.000,10.6
2026-08-03T17:30:10.908580,8080,0.000,0.000,0.000,135.2
2026-08-03T17:30:10.968724,8081,0.000,0.000,0.000,16.7
2026-08-03T17:30:11.034671,8082,0.000,0.000,0.000,15.3
2026-08-03T17:30:11.067133,8083,0.000,0.000,0.000,31.0
2026-08-03T17:30:11.096542,8084,0.000,0.000,0.000,34.5
2026-08-03T17:30:11.199216,8085,0.000,0.000,0.000,9.8
2026-08-03T17:30:11.202304,8086,0.000,0.000,0.000,374.2
2026-08-03T17:30:11.260500,8087,0.000,0.000,0.000,17.3
2026-08-03T17:30:11.325356,8088,0.000,0.000,0.000,15.5
2026-08-03T17:30:11.327502,8089,0.000,0.000,0.000,522.8
2026-08-03T17:30:11.393268,8090,0.000,0.000,0.000,15.3
2026-08-03T17:30:11.466130,8091,0.000,0.000,0.000,13.8
2026-08-03T17:30:11.493042,8092,0.000,0.000,0.000,37.6
2026-08-03T17:30:11.528128,8093,0.000,0.000,0.000,28.9
2026-08-03T17:30:11.627669,8094,0.000,0.000,0.000,10.1
2026-08-03T17:30:11.629779,8095,0.000,0.000,0.000,531.5
2026-08-03T17:30:11.692332,8096,0.000,0.000,0.000,16.0
2026-08-03T17:30:11.763074,8097,0.000,0.000,0.000,14.2
2026-08-03T17:30:11.792422,8098,0.000,0.000,0.000,34.4
2026-08-03T17:30:11.825204,8099,0.000,0.000,0.000,30.9
2026-08-03T17:30:11.899342,8100,0.000,0.000,0.000,13.5
2026-08-03T17:30:11.901490,8101,0.000,0.000,0.000,538.8
2026-08-03T17:30:11.960938,8102,0.000,0.000,0.000,16.9
2026-08-03T17:30:12.057294,8103,0.000,0.000,0.000,10.4
2026-08-03T17:30:12.059358,8104,0.000,0.000,0.000,543.5
2026-08-03T17:30:12.125244,8105,0.000,0.000,0.000,15.2
2026-08-03T17:30:12.189725,8106,0.000,0.000,0.000,15.6
2026-08-03T17:30:12.224931,8107,0.000,0.000,0.000,28.6
2026-08-03T17:30:12.269101,8108,0.000,0.000,0.000,22.9
2026-08-03T17:30:12.356503,8109,0.000,0.000,0.000,11.5
2026-08-03T17:30:12.358641,8110,0.000,0.000,0.000,523.7
2026-08-03T17:30:12.392771,8111,0.000,0.000,0.000,29.4
2026-08-03T17:30:12.461737,8112,0.000,0.000,0.000,14.6
2026-08-03T17:30:12.464043,8113,0.000,0.000,0.000,485.4
2026-08-03T17:30:12.524755,8114,0.000,0.000,0.000,16.5
2026-08-03T17:30:12.590045,8115,0.000,0.000,0.000,15.4
2026-08-03T17:30:12.592106,8116,0.000,0.000,0.000,550.7
2026-08-03T17:30:12.657276,8117,0.000,0.000,0.000,15.4
2026-08-03T17:30:12.725355,8118,0.000,0.000,0.000,14.8
2026-08-03T17:30:12.756719,8119,0.000,0.000,0.000,32.2
2026-08-03T17:30:12.792498,8120,0.000,0.000,0.000,28.2
2026-08-03T17:30:12.888121,8121,0.000,0.000,0.000,10.5
2026-08-03T17:30:12.891228,8122,0.000,0.000,0.000,348.7
2026-08-03T17:30:12.956768,8123,0.000,0.000,0.000,15.3
2026-08-03T17:30:13.028078,8124,0.000,0.000,0.000,14.1
2026-08-03T17:30:13.030209,8125,0.000,0.000,0.000,529.2
2026-08-03T17:30:13.089098,8126,0.000,0.000,0.000,17.0
2026-08-03T17:30:13.155713,8127,0.000,0.000,0.000,15.1
2026-08-03T17:30:13.188569,8128,0.000,0.000,0.000,30.7
2026-08-03T17:30:13.224657,8129,0.000,0.000,0.000,27.9
2026-08-03T17:30:13.319727,8130,0.000,0.000,0.000,10.6
2026-08-03T17:30:13.325495,8131,0.000,0.000,0.000,182.0
2026-08-03T17:30:13.389703,8132,0.000,0.000,0.000,15.7
2026-08-03T17:30:13.460421,8133,0.000,0.000,0.000,14.2
2026-08-03T17:30:13.488609,8134,0.000,0.000,0.000,35.8
2026-08-03T17:30:13.520901,8135,0.000,0.000,0.000,31.5
2026-08-03T17:30:13.588046,8136,0.000,0.000,0.000,14.9
2026-08-03T17:30:13.590156,8137,0.000,0.000,0.000,535.0
2026-08-03T17:30:13.621475,8138,0.000,0.000,0.000,32.1
2026-08-03T17:30:13.688108,8139,0.000,0.000,0.000,15.1
2026-08-03T17:30:13.720857,8140,0.000,0.000,0.000,30.8
2026-08-03T17:30:13.756599,8141,0.000,0.000,0.000,28.2
2026-08-03T17:30:13.851987,8142,0.000,0.000,0.000,10.5
2026-08-03T17:30:13.855407,8143,0.000,0.000,0.000,314.7
2026-08-03T17:30:13.920336,8144,0.000,0.000,0.000,15.4
2026-08-03T17:30:13.995361,8145,0.000,0.000,0.000,13.4
2026-08-03T17:30:14.029044,8146,0.000,0.000,0.000,29.9
2026-08-03T17:30:14.064503,8147,0.000,0.000,0.000,28.6
2026-08-03T17:30:14.160332,8148,0.000,0.000,0.000,10.5
2026-08-03T17:30:14.162438,8149,0.000,0.000,0.000,533.2
2026-08-03T17:30:14.221202,8150,0.000,0.000,0.000,17.1
2026-08-03T17:30:14.290600,8151,0.000,0.000,0.000,14.5
2026-08-03T17:30:14.298884,8152,0.000,0.000,0.000,124.3
2026-08-03T17:30:14.353916,8153,0.000,0.000,0.000,18.3
2026-08-03T17:30:14.435070,8154,0.000,0.000,0.000,12.4
2026-08-03T17:30:14.452198,8155,0.000,0.000,0.000,60.0
2026-08-03T17:30:14.488387,8156,0.000,0.000,0.000,27.8
2026-08-03T17:30:14.596087,8157,0.000,0.000,0.000,9.3
2026-08-03T17:30:14.598103,8158,0.000,0.000,0.000,570.5
2026-08-03T17:30:14.653433,8159,0.000,0.000,0.000,18.1
2026-08-03T17:30:14.722703,8160,0.000,0.000,0.000,14.5
2026-08-03T17:30:14.729893,8161,0.000,0.000,0.000,143.7
2026-08-03T17:30:14.793711,8162,0.000,0.000,0.000,15.8
2026-08-03T17:30:14.861182,8163,0.000,0.000,0.000,14.9
2026-08-03T17:30:14.893177,8164,0.000,0.000,0.000,31.5
2026-08-03T17:30:14.928603,8165,0.000,0.000,0.000,28.6
2026-08-03T17:30:15.029620,8166,0.000,0.000,0.000,10.0
2026-08-03T17:30:15.037990,8167,0.000,0.000,0.000,122.9
2026-08-03T17:30:15.092984,8168,0.000,0.000,0.000,18.3
2026-08-03T17:30:15.161748,8169,0.000,0.000,0.000,14.6
2026-08-03T17:30:15.191610,8170,0.000,0.000,0.000,33.7
2026-08-03T17:30:15.229165,8171,0.000,0.000,0.000,26.9
2026-08-03T17:30:15.324125,8172,0.000,0.000,0.000,10.6
2026-08-03T17:30:15.331398,8173,0.000,0.000,0.000,142.1
2026-08-03T17:30:15.394291,8174,0.000,0.000,0.000,16.0
2026-08-03T17:30:15.459973,8175,0.000,0.000,0.000,15.3
2026-08-03T17:30:15.467853,8176,0.000,0.000,0.000,130.8
2026-08-03T17:30:15.523939,8177,0.000,0.000,0.000,17.9
2026-08-03T17:30:15.591022,8178,0.000,0.000,0.000,15.0
2026-08-03T17:30:15.625936,8179,0.000,0.000,0.000,28.8
2026-08-03T17:30:15.652734,8180,0.000,0.000,0.000,37.8
2026-08-03T17:30:15.748195,8181,0.000,0.000,0.000,10.5
2026-08-03T17:30:15.756545,8182,0.000,0.000,0.000,123.3
2026-08-03T17:30:15.816985,8183,0.000,0.000,0.000,16.6
2026-08-03T17:30:15.880727,8184,0.000,0.000,0.000,15.8
2026-08-03T17:30:15.883519,8185,0.000,0.000,0.000,397.8
2026-08-03T17:30:15.917231,8186,0.000,0.000,0.000,29.8
2026-08-03T17:30:15.985103,8187,0.000,0.000,0.000,14.8
2026-08-03T17:30:15.987896,8188,0.000,0.000,0.000,447.5
2026-08-03T17:30:16.048767,8189,0.000,0.000,0.000,16.5
2026-08-03T17:30:16.116265,8190,0.000,0.000,0.000,14.9
2026-08-03T17:30:16.148477,8191,0.000,0.000,0.000,31.3
2026-08-03T17:30:16.185295,8192,0.000,0.000,0.000,27.4
2026-08-03T17:30:16.280281,8193,0.000,0.000,0.000,10.6
2026-08-03T17:30:16.283270,8194,0.000,0.000,0.000,362.8
2026-08-03T17:30:16.356490,8195,0.000,0.000,0.000,13.7
2026-08-03T17:30:16.430382,8196,0.000,0.000,0.000,13.6
2026-08-03T17:30:16.454110,8197,0.000,0.000,0.000,42.7
2026-08-03T17:30:16.488575,8198,0.000,0.000,0.000,29.3
2026-08-03T17:30:16.558274,8199,0.000,0.000,0.000,14.5
2026-08-03T17:30:16.565893,8200,0.000,0.000,0.000,135.5
2026-08-03T17:30:16.627378,8201,0.027,0.006,0.000,16.4
2026-08-03T17:30:16.720570,8202,0.060,0.006,0.000,10.8
2026-08-03T17:30:16.728722,8203,0.050,0.004,0.000,126.6
2026-08-03T17:30:16.789651,8204,0.060,0.010,0.000,16.5
2026-08-03T17:30:16.857900,8205,0.068,0.015,0.000,14.7
2026-08-03T17:30:16.890455,8206,0.094,0.004,0.000,31.0
2026-08-03T17:30:16.925550,8207,0.120,0.019,0.000,28.7
2026-08-03T17:30:17.026543,8208,0.098,0.027,0.000,9.9
2026-08-03T17:30:17.035846,8209,0.117,0.018,0.000,110.5
2026-08-03T17:30:17.089453,8210,0.131,0.017,0.000,18.7
2026-08-03T17:30:17.151599,8211,0.113,0.010,0.000,16.2
2026-08-03T17:30:17.159420,8212,0.115,0.008,0.000,131.9
2026-08-03T17:30:17.221509,8213,0.115,0.005,0.000,16.2
2026-08-03T17:30:17.285350,8214,0.098,0.007,0.000,15.7
2026-08-03T17:30:17.320755,8215,0.096,0.004,0.000,28.4
2026-08-03T17:30:17.358561,8216,0.100,0.005,0.000,26.7
2026-08-03T17:30:17.456271,8217,0.123,0.007,0.000,10.3
2026-08-03T17:30:17.464808,8218,0.111,0.009,0.000,120.8
2026-08-03T17:30:17.520664,8219,0.147,0.050,0.000,18.0
2026-08-03T17:30:17.597208,8220,0.142,0.073,0.000,13.1
2026-08-03T17:30:17.621220,8221,0.113,0.023,0.000,42.1
2026-08-03T17:30:17.654147,8222,0.121,0.023,0.000,30.7
2026-08-03T17:30:17.719651,8223,0.108,0.030,0.000,15.3
2026-08-03T17:30:17.729014,8224,0.128,0.014,0.000,109.5
2026-08-03T17:30:17.786850,8225,0.125,0.027,0.000,17.4
2026-08-03T17:30:17.887453,8226,0.111,0.022,0.000,10.0
2026-08-03T17:30:17.896350,8227,0.128,0.021,0.000,116.0
2026-08-03T17:30:17.952398,8228,0.134,0.022,0.000,17.9
2026-08-03T17:30:18.020887,8229,0.127,0.021,0.000,14.7
2026-08-03T17:30:18.051948,8230,0.130,0.023,0.000,32.5
2026-08-03T17:30:18.089408,8231,0.129,0.023,0.000,26.9
2026-08-03T17:30:18.187121,8232,0.134,0.034,0.000,10.3
2026-08-03T17:30:18.195560,8233,0.126,0.020,0.000,122.4
2026-08-03T17:30:18.252911,8234,0.128,0.024,0.000,17.5
2026-08-03T17:30:18.318347,8235,0.136,0.025,0.000,15.3
2026-08-03T17:30:18.328927,8236,0.130,0.023,0.000,97.1
2026-08-03T17:30:18.385139,8237,0.132,0.021,0.000,17.9
2026-08-03T17:30:18.453351,8238,0.115,0.023,0.000,14.7
2026-08-03T17:30:18.484827,8239,0.122,0.019,0.000,32.0
2026-08-03T17:30:18.521239,8240,0.130,0.017,0.000,27.7
2026-08-03T17:30:18.620358,8241,0.132,0.020,0.000,10.1
2026-08-03T17:30:18.628807,8242,0.125,0.019,0.000,122.3
2026-08-03T17:30:18.686157,8243,0.134,0.020,0.000,17.5
2026-08-03T17:30:18.757927,8244,0.129,0.016,0.000,14.0
2026-08-03T17:30:18.781440,8245,0.129,0.021,0.000,43.2
2026-08-03T17:30:18.816680,8246,0.133,0.020,0.000,28.6
2026-08-03T17:30:18.890049,8247,0.128,0.016,0.000,13.7
2026-08-03T17:30:18.899768,8248,0.126,0.019,0.000,105.7
2026-08-03T17:30:18.953227,8249,0.124,0.017,0.000,18.8
2026-08-03T17:30:19.051314,8250,0.127,0.012,0.000,10.2
2026-08-03T17:30:19.058987,8251,0.118,0.021,0.000,134.6
2026-08-03T17:30:19.116717,8252,0.118,0.021,0.000,17.4
2026-08-03T17:30:19.193678,8253,0.115,0.024,0.000,13.1
2026-08-03T17:30:19.214565,8254,0.123,0.020,0.000,48.5
2026-08-03T17:30:19.252976,8255,0.127,0.021,0.000,26.2
2026-08-03T17:30:19.348216,8256,0.137,0.033,0.000,10.5
2026-08-03T17:30:19.356949,8257,0.139,0.020,0.000,118.2
2026-08-03T17:30:19.415232,8258,0.000,0.000,0.000,17.5
2026-08-03T17:30:19.488221,8259,0.000,0.000,0.000,13.8
2026-08-03T17:30:19.497804,8260,0.000,0.000,0.000,108.3
2026-08-03T17:30:19.552221,8261,0.129,0.021,0.000,18.5
2026-08-03T17:30:19.624442,8262,0.138,0.016,0.000,13.9
2026-08-03T17:30:19.646793,8263,0.000,0.000,0.000,45.7
2026-08-03T17:30:19.684373,8264,0.000,0.000,0.000,26.9
2026-08-03T17:30:19.782600,8265,0.000,0.000,0.000,10.2
2026-08-03T17:30:19.790521,8266,0.000,0.000,0.000,130.7
2026-08-03T17:30:19.850804,8267,0.134,0.024,0.000,16.7
2026-08-03T17:30:19.918961,8268,0.133,0.045,0.000,14.7
2026-08-03T17:30:19.948420,8269,0.131,0.015,0.000,34.3
2026-08-03T17:30:19.982323,8270,0.124,0.024,0.000,30.1
2026-08-03T17:30:20.051073,8271,0.126,0.017,0.000,14.7
2026-08-03T17:30:20.059042,8272,0.135,0.014,0.000,130.4
2026-08-03T17:30:20.117299,8273,0.126,0.014,0.000,17.2
2026-08-03T17:30:20.211610,8274,0.113,0.010,0.000,10.6
2026-08-03T17:30:20.220621,8275,0.117,0.013,0.000,114.0
2026-08-03T17:30:20.281507,8276,0.121,0.022,0.000,16.5
2026-08-03T17:30:20.349628,8277,0.119,0.016,0.000,14.7
2026-08-03T17:30:20.380631,8278,0.116,0.017,0.000,32.5
2026-08-03T17:30:20.417986,8279,0.120,0.019,0.000,27.0
2026-08-03T17:30:20.510401,8280,0.124,0.032,0.000,10.9
2026-08-03T17:30:20.516737,8281,0.000,0.000,0.000,164.0
2026-08-03T17:30:20.581238,8282,0.000,0.000,0.000,15.6
2026-08-03T17:30:20.653527,8283,0.112,0.027,0.000,13.9
2026-08-03T17:30:20.662366,8284,0.000,0.000,0.000,116.6
2026-08-03T17:30:20.713507,8285,0.000,0.000,0.000,19.7
2026-08-03T17:30:20.781685,8286,0.117,0.026,0.000,14.7
2026-08-03T17:30:20.811498,8287,0.000,0.000,0.000,33.8
2026-08-03T17:30:20.850793,8288,0.131,0.010,0.000,25.7
2026-08-03T17:30:20.944961,8289,0.146,0.010,0.000,10.6
2026-08-03T17:30:20.951175,8290,0.000,0.000,0.000,167.3
2026-08-03T17:30:21.016488,8291,0.126,0.033,0.000,15.4
2026-08-03T17:30:21.077560,8292,0.000,0.000,0.000,16.4
2026-08-03T17:30:21.114143,8293,0.122,0.028,0.000,27.5
2026-08-03T17:30:21.145386,8294,0.134,0.045,0.000,32.4
2026-08-03T17:30:21.213279,8295,0.000,0.000,0.000,14.8
2026-08-03T17:30:21.222747,8296,0.086,0.024,0.000,108.3
2026-08-03T17:30:21.282079,8297,0.088,0.049,0.000,16.9
2026-08-03T17:30:21.375916,8298,0.173,0.015,0.000,10.7
2026-08-03T17:30:21.383412,8299,0.260,0.007,0.000,137.7
2026-08-03T17:30:21.445274,8300,0.352,0.007,0.000,16.2
2026-08-03T17:30:21.514230,8301,0.352,0.008,0.000,14.6
2026-08-03T17:30:21.546293,8302,0.311,0.001,0.000,31.4
2026-08-03T17:30:21.581445,8303,0.151,0.029,0.000,28.7
2026-08-03T17:30:21.674430,8304,0.048,0.019,0.000,10.8
2026-08-03T17:30:21.682416,8305,0.125,0.032,0.000,129.0
2026-08-03T17:30:21.746175,8306,0.355,0.084,0.000,15.7
2026-08-03T17:30:21.809827,8307,0.418,0.173,0.000,15.8
2026-08-03T17:30:21.817511,8308,0.417,0.147,0.000,134.4
2026-08-03T17:30:21.874815,8309,0.000,0.000,0.000,17.5
2026-08-03T17:30:21.943071,8310,0.000,0.000,0.000,14.8
2026-08-03T17:30:21.975894,8311,0.000,0.000,0.000,30.7
2026-08-03T17:30:22.012163,8312,0.000,0.000,0.000,27.9
2026-08-03T17:30:22.113233,8313,0.000,0.000,0.000,9.9
2026-08-03T17:30:22.121768,8314,0.000,0.000,0.000,120.6
2026-08-03T17:30:22.176140,8315,0.000,0.000,0.000,18.5
2026-08-03T17:30:22.238454,8316,0.000,0.000,0.000,16.1
2026-08-03T17:30:22.269253,8317,0.000,0.000,0.000,32.8
2026-08-03T17:30:22.309213,8318,0.000,0.000,0.000,25.3
2026-08-03T17:30:22.370132,8319,0.000,0.000,0.000,16.5
2026-08-03T17:30:22.380469,8320,0.000,0.000,0.000,99.0
2026-08-03T17:30:22.436997,8321,0.000,0.000,0.000,17.8
2026-08-03T17:30:22.540502,8322,0.000,0.000,0.000,9.7
2026-08-03T17:30:22.542764,8323,0.000,0.000,0.000,491.5
2026-08-03T17:30:22.600751,8324,0.000,0.000,0.000,17.3
2026-08-03T17:30:22.674172,8325,0.000,0.000,0.000,13.7
2026-08-03T17:30:22.700573,8326,0.000,0.000,0.000,38.4
2026-08-03T17:30:22.746179,8327,0.000,0.000,0.000,22.0
2026-08-03T17:30:22.835983,8328,0.000,0.000,0.000,11.2
2026-08-03T17:30:22.838143,8329,0.000,0.000,0.000,521.6
2026-08-03T17:30:22.901402,8330,0.000,0.000,0.000,15.9
2026-08-03T17:30:22.965318,8331,0.000,0.000,0.000,15.8
2026-08-03T17:30:22.967562,8332,0.000,0.000,0.000,495.9
2026-08-03T17:30:23.033103,8333,0.000,0.000,0.000,15.3
2026-08-03T17:30:23.111862,8334,0.000,0.000,0.000,12.8
2026-08-03T17:30:23.133019,8335,0.000,0.000,0.000,47.9
2026-08-03T17:30:23.176244,8336,0.000,0.000,0.000,23.3
2026-08-03T17:30:23.271941,8337,0.000,0.000,0.000,10.5
2026-08-03T17:30:23.279385,8338,0.000,0.000,0.000,139.8
2026-08-03T17:30:23.340471,8339,0.000,0.000,0.000,16.4
2026-08-03T17:30:23.414170,8340,0.000,0.000,0.000,13.6
2026-08-03T17:30:23.439031,8341,0.000,0.000,0.000,40.7
2026-08-03T17:30:23.472909,8342,0.000,0.000,0.000,29.9
2026-08-03T17:30:23.543293,8343,0.000,0.000,0.000,14.3
2026-08-03T17:30:23.550674,8344,0.000,0.000,0.000,139.9
2026-08-03T17:30:23.611096,8345,0.222,0.069,0.000,16.6
2026-08-03T17:30:23.710579,8346,0.119,0.028,0.000,10.1
2026-08-03T17:30:23.720039,8347,0.079,0.039,0.000,108.5
2026-08-03T17:30:23.769515,8348,0.047,0.017,0.000,20.3
2026-08-03T17:30:23.837630,8349,0.096,0.010,0.000,14.7
2026-08-03T17:30:23.873305,8350,0.098,0.010,0.000,28.2
2026-08-03T17:30:23.908182,8351,0.092,0.009,0.000,29.0
2026-08-03T17:30:24.002027,8352,0.102,0.009,0.000,10.7
2026-08-03T17:30:24.009370,8353,0.107,0.012,0.000,140.9
2026-08-03T17:30:24.073811,8354,0.110,0.005,0.000,15.6
2026-08-03T17:30:24.141372,8355,0.117,0.012,0.000,14.9
2026-08-03T17:30:24.149192,8356,0.163,0.009,0.000,131.9
2026-08-03T17:30:24.204334,8357,0.196,0.003,0.000,18.2
2026-08-03T17:30:24.270444,8358,0.233,0.003,0.000,15.2
2026-08-03T17:30:24.305099,8359,0.233,0.003,0.000,29.0
2026-08-03T17:30:24.340975,8360,0.245,0.007,0.000,28.2
2026-08-03T17:30:24.435304,8361,0.238,0.007,0.000,10.6
2026-08-03T17:30:24.443511,8362,0.251,0.006,0.000,125.5
2026-08-03T17:30:24.504055,8363,0.251,0.003,0.000,16.6
2026-08-03T17:30:24.573595,8364,0.260,0.002,0.000,14.4
2026-08-03T17:30:24.604946,8365,0.277,0.003,0.000,32.2
2026-08-03T17:30:24.636406,8366,0.269,0.002,0.000,32.1
2026-08-03T17:30:24.707893,8367,0.277,0.001,0.000,14.0
2026-08-03T17:30:24.717574,8368,0.270,0.002,0.000,106.4
2026-08-03T17:30:24.773008,8369,0.284,0.001,0.000,18.1
2026-08-03T17:30:24.869026,8370,0.268,0.005,0.000,10.4
2026-08-03T17:30:24.879350,8371,0.267,0.006,0.000,99.2
2026-08-03T17:30:24.938052,8372,0.279,0.001,0.000,17.1
2026-08-03T17:30:25.004320,8373,0.090,0.004,0.000,15.3
2026-08-03T17:30:25.038135,8374,0.072,0.003,0.000,29.8
2026-08-03T17:30:25.075654,8375,0.075,0.006,0.000,26.9
2026-08-03T17:30:25.171526,8376,0.090,0.009,0.000,10.5
2026-08-03T17:30:25.181531,8377,0.094,0.009,0.000,102.7
2026-08-03T17:30:25.240197,8378,0.076,0.007,0.000,17.2
2026-08-03T17:30:25.301776,8379,0.084,0.014,0.000,16.3
2026-08-03T17:30:25.310549,8380,0.119,0.018,0.000,117.4
2026-08-03T17:30:25.368863,8381,0.111,0.017,0.000,17.3
2026-08-03T17:30:25.435692,8382,0.112,0.016,0.000,15.0
2026-08-03T17:30:25.469071,8383,0.123,0.011,0.000,30.2
2026-08-03T17:30:25.504603,8384,0.137,0.018,0.000,28.4
2026-08-03T17:30:25.602103,8385,0.153,0.040,0.000,10.3
2026-08-03T17:30:25.610934,8386,0.158,0.034,0.000,116.5
2026-08-03T17:30:25.669581,8387,0.164,0.017,0.000,17.1
2026-08-03T17:30:25.743464,8388,0.162,0.020,0.000,13.6
2026-08-03T17:30:25.768130,8389,0.141,0.016,0.000,41.0
2026-08-03T17:30:25.798609,8390,0.139,0.041,0.000,33.4
2026-08-03T17:30:25.874471,8391,0.107,0.023,0.000,13.2
2026-08-03T17:30:25.883963,8392,0.142,0.035,0.000,108.4
2026-08-03T17:30:25.936640,8393,0.148,0.021,0.000,19.1
2026-08-03T17:30:26.039474,8394,0.000,0.000,0.000,9.8
2026-08-03T17:30:26.048924,8395,0.097,0.044,0.000,109.5
2026-08-03T17:30:26.099527,8396,0.000,0.000,0.000,19.9
2026-08-03T17:30:26.176749,8397,0.000,0.000,0.000,13.0
2026-08-03T17:30:26.197710,8398,0.000,0.000,0.000,48.3
2026-08-03T17:30:26.237619,8399,0.000,0.000,0.000,25.2
2026-08-03T17:30:26.336149,8400,0.000,0.000,0.000,10.2
2026-08-03T17:30:26.344868,8401,0.000,0.000,0.000,119.8
2026-08-03T17:30:26.401052,8402,0.000,0.000,0.000,17.9
2026-08-03T17:30:26.467181,8403,0.000,0.000,0.000,15.2
2026-08-03T17:30:26.475681,8404,0.000,0.000,0.000,122.1
2026-08-03T17:30:26.533022,8405,0.000,0.000,0.000,17.5
2026-08-03T17:30:26.600294,8406,0.000,0.000,0.000,14.9
2026-08-03T17:30:26.634694,8407,0.000,0.000,0.000,29.3
2026-08-03T17:30:26.672040,8408,0.263,0.101,0.000,27.0
2026-08-03T17:30:26.769920,8409,0.271,0.028,0.000,10.3
2026-08-03T17:30:26.778994,8410,0.273,0.009,0.000,113.4
2026-08-03T17:30:26.832512,8411,0.275,0.010,0.000,18.8
2026-08-03T17:30:26.900774,8412,0.272,0.008,0.000,14.7
2026-08-03T17:30:26.933701,8413,0.285,0.006,0.000,30.6
2026-08-03T17:30:26.967410,8414,0.288,0.012,0.000,29.9
2026-08-03T17:30:27.034673,8415,0.285,0.015,0.000,14.9
2026-08-03T17:30:27.043781,8416,0.283,0.015,0.000,113.4
2026-08-03T17:30:27.101324,8417,0.284,0.015,0.000,17.5
2026-08-03T17:30:27.201910,8418,0.286,0.021,0.000,10.0
2026-08-03T17:30:27.209995,8419,0.290,0.024,0.000,127.6
2026-08-03T17:30:27.265231,8420,0.293,0.020,0.000,18.2
2026-08-03T17:30:27.332078,8421,0.294,0.020,0.000,15.1
2026-08-03T17:30:27.366136,8422,0.296,0.018,0.000,29.6
2026-08-03T17:30:27.401704,8423,0.217,0.013,0.000,28.3
2026-08-03T17:30:27.498676,8424,0.145,0.013,0.000,10.3
2026-08-03T17:30:27.506482,8425,0.159,0.016,0.000,132.4
2026-08-03T17:30:27.565794,8426,0.144,0.030,0.000,16.9
2026-08-03T17:30:27.624894,8427,0.000,0.000,0.000,17.0
2026-08-03T17:30:27.632152,8428,0.000,0.000,0.000,143.4
2026-08-03T17:30:27.697927,8429,0.000,0.000,0.000,15.3
2026-08-03T17:30:27.762124,8430,0.000,0.000,0.000,15.7
2026-08-03T17:30:27.796922,8431,0.000,0.000,0.000,28.9
2026-08-03T17:30:27.832933,8432,0.000,0.000,0.000,28.0
2026-08-03T17:30:27.934916,8433,0.000,0.000,0.000,9.8
2026-08-03T17:30:27.942733,8434,0.000,0.000,0.000,132.2
2026-08-03T17:30:27.996753,8435,0.000,0.000,0.000,18.6
2026-08-03T17:30:28.063968,8436,0.000,0.000,0.000,15.0
2026-08-03T17:30:28.096223,8437,0.000,0.000,0.000,31.3
2026-08-03T17:30:28.128565,8438,0.000,0.000,0.000,31.2
2026-08-03T17:30:28.199567,8439,0.000,0.000,0.000,14.1
2026-08-03T17:30:28.208030,8440,0.000,0.000,0.000,122.7
2026-08-03T17:30:28.264833,8441,0.000,0.000,0.000,17.7
2026-08-03T17:30:28.360345,8442,0.000,0.000,0.000,10.5
2026-08-03T17:30:28.367662,8443,0.000,0.000,0.000,141.3
2026-08-03T17:30:28.428601,8444,0.000,0.000,0.000,16.5
2026-08-03T17:30:28.494152,8445,0.000,0.000,0.000,15.3
2026-08-03T17:30:28.529028,8446,0.000,0.000,0.000,28.9
2026-08-03T17:30:28.564540,8447,0.000,0.000,0.000,28.4
2026-08-03T17:30:28.670472,8448,0.000,0.000,0.000,9.5
2026-08-03T17:30:28.679085,8449,0.000,0.000,0.000,119.8
2026-08-03T17:30:28.727200,8450,0.000,0.000,0.000,20.9
2026-08-03T17:30:28.791576,8451,0.000,0.000,0.000,15.6
2026-08-03T17:30:28.799690,8452,0.000,0.000,0.000,127.2
2026-08-03T17:30:28.859407,8453,0.000,0.000,0.000,16.8
2026-08-03T17:30:28.926231,8454,0.000,0.000,0.000,15.0
2026-08-03T17:30:28.961288,8455,0.000,0.000,0.000,28.7
2026-08-03T17:30:28.997161,8456,0.000,0.000,0.000,28.1
2026-08-03T17:30:29.092374,8457,0.000,0.000,0.000,10.6
2026-08-03T17:30:29.100079,8458,0.000,0.000,0.000,134.1
2026-08-03T17:30:29.161485,8459,0.000,0.000,0.000,16.4
2026-08-03T17:30:29.235181,8460,0.000,0.000,0.000,13.7
2026-08-03T17:30:29.260312,8461,0.000,0.000,0.000,40.2
2026-08-03T17:30:29.293500,8462,0.000,0.000,0.000,30.5
2026-08-03T17:30:29.359511,8463,0.000,0.000,0.000,15.2
2026-08-03T17:30:29.366942,8464,0.000,0.000,0.000,139.4
2026-08-03T17:30:29.426613,8465,0.000,0.000,0.000,16.9
2026-08-03T17:30:29.528074,8466,0.000,0.000,0.000,9.9
2026-08-03T17:30:29.535726,8467,0.000,0.000,0.000,135.6
2026-08-03T17:30:29.592653,8468,0.000,0.000,0.000,17.7
2026-08-03T17:30:29.657914,8469,0.000,0.000,0.000,15.4
2026-08-03T17:30:29.693164,8470,0.000,0.000,0.000,28.6
2026-08-03T17:30:29.728895,8471,0.000,0.000,0.000,28.3
2026-08-03T17:30:29.830429,8472,0.000,0.000,0.000,9.9
2026-08-03T17:30:29.838511,8473,0.000,0.000,0.000,128.1
2026-08-03T17:30:29.892685,8474,0.000,0.000,0.000,18.6
2026-08-03T17:30:29.953948,8475,0.000,0.000,0.000,16.4
2026-08-03T17:30:29.961513,8476,0.000,0.000,0.000,136.8
2026-08-03T17:30:30.029092,8477,0.000,0.000,0.000,14.9
2026-08-03T17:30:30.090752,8478,0.000,0.000,0.000,16.4
2026-08-03T17:30:30.123909,8479,0.000,0.000,0.000,30.4
2026-08-03T17:30:30.162798,8480,0.000,0.000,0.000,25.9
2026-08-03T17:30:30.266354,8481,0.000,0.000,0.000,9.7
2026-08-03T17:30:30.276265,8482,0.000,0.000,0.000,103.6
2026-08-03T17:30:30.325279,8483,0.000,0.000,0.000,20.6
2026-08-03T17:30:30.391234,8484,0.000,0.000,0.000,15.3
2026-08-03T17:30:30.424885,8485,0.000,0.000,0.000,29.9
2026-08-03T17:30:30.458089,8486,0.000,0.000,0.000,30.6
2026-08-03T17:30:30.533693,8487,0.000,0.000,0.000,13.3
2026-08-03T17:30:30.542922,8488,0.000,0.000,0.000,111.7
2026-08-03T17:30:30.593345,8489,0.000,0.000,0.000,20.1
2026-08-03T17:30:30.689735,8490,0.000,0.000,0.000,10.4
2026-08-03T17:30:30.697880,8491,0.000,0.000,0.000,127.8
2026-08-03T17:30:30.756627,8492,0.000,0.000,0.000,17.1
2026-08-03T17:30:30.826456,8493,0.000,0.000,0.000,14.4
2026-08-03T17:30:30.856971,8494,0.000,0.000,0.000,33.0
2026-08-03T17:30:30.892619,8495,0.000,0.000,0.000,28.4
2026-08-03T17:30:30.987592,8496,0.000,0.000,0.000,10.6
2026-08-03T17:30:30.995431,8497,0.000,0.000,0.000,132.0
2026-08-03T17:30:31.056989,8498,0.000,0.000,0.000,16.3
2026-08-03T17:30:31.119748,8499,0.000,0.000,0.000,16.0
2026-08-03T17:30:31.121964,8500,0.000,0.000,0.000,509.5
2026-08-03T17:30:31.181617,8501,0.000,0.000,0.000,16.8
2026-08-03T17:30:31.250081,8502,0.000,0.000,0.000,14.7
2026-08-03T17:30:31.281863,8503,0.000,0.000,0.000,31.7
2026-08-03T17:30:31.317757,8504,0.000,0.000,0.000,28.3
2026-08-03T17:30:31.414633,8505,0.000,0.000,0.000,10.4
2026-08-03T17:30:31.416800,8506,0.000,0.000,0.000,520.9
2026-08-03T17:30:31.481841,8507,0.000,0.000,0.000,15.4
2026-08-03T17:30:31.557582,8508,0.000,0.000,0.000,13.3
2026-08-03T17:30:31.580630,8509,0.000,0.000,0.000,43.9
2026-08-03T17:30:31.613238,8510,0.000,0.000,0.000,31.1
2026-08-03T17:30:31.688825,8511,0.000,0.000,0.000,13.3
2026-08-03T17:30:31.696877,8512,0.000,0.000,0.000,129.3
2026-08-03T17:30:31.757716,8513,0.000,0.000,0.000,16.5
2026-08-03T17:30:31.854960,8514,0.000,0.000,0.000,10.3
2026-08-03T17:30:31.862494,8515,0.000,0.000,0.000,137.2
2026-08-03T17:30:31.920453,8516,0.000,0.000,0.000,17.4
2026-08-03T17:30:31.985652,8517,0.000,0.000,0.000,15.4
2026-08-03T17:30:32.020947,8518,0.000,0.000,0.000,28.5
2026-08-03T17:30:32.056534,8519,0.000,0.000,0.000,28.4
2026-08-03T17:30:32.152778,8520,0.000,0.000,0.000,10.4
2026-08-03T17:30:32.160445,8521,0.000,0.000,0.000,134.9
2026-08-03T17:30:32.220194,8522,0.000,0.000,0.000,16.8
2026-08-03T17:30:32.283602,8523,0.000,0.000,0.000,15.9
2026-08-03T17:30:32.291062,8524,0.000,0.000,0.000,139.3
2026-08-03T17:30:32.353893,8525,0.000,0.000,0.000,16.0
2026-08-03T17:30:32.419037,8526,0.000,0.000,0.000,15.4
2026-08-03T17:30:32.445334,8527,0.000,0.000,0.000,38.4
2026-08-03T17:30:32.481990,8528,0.000,0.000,0.000,27.5
2026-08-03T17:30:32.582050,8529,0.000,0.000,0.000,10.0
2026-08-03T17:30:32.584930,8530,0.000,0.000,0.000,383.5
2026-08-03T17:30:32.644618,8531,0.000,0.000,0.000,16.8
2026-08-03T17:30:32.712208,8532,0.000,0.000,0.000,14.8
2026-08-03T17:30:32.745065,8533,0.000,0.000,0.000,30.7
2026-08-03T17:30:32.777480,8534,0.000,0.000,0.000,31.1
2026-08-03T17:30:32.846167,8535,0.000,0.000,0.000,14.6
2026-08-03T17:30:32.848351,8536,0.000,0.000,0.000,524.2
2026-08-03T17:30:32.913858,8537,0.000,0.000,0.000,15.3
2026-08-03T17:30:33.015710,8538,0.000,0.000,0.000,9.9
2026-08-03T17:30:33.019061,8539,0.000,0.000,0.000,354.7
2026-08-03T17:30:33.076884,8540,0.000,0.000,0.000,17.4
2026-08-03T17:30:33.148536,8541,0.000,0.000,0.000,14.0
2026-08-03T17:30:33.177914,8542,0.000,0.000,0.000,34.3
2026-08-03T17:30:33.214185,8543,0.000,0.000,0.000,27.9
2026-08-03T17:30:33.309384,8544,0.000,0.000,0.000,10.6
2026-08-03T17:30:33.311504,8545,0.000,0.000,0.000,534.3
2026-08-03T17:30:33.377305,8546,0.000,0.000,0.000,15.2
2026-08-03T17:30:33.440766,8547,0.000,0.000,0.000,15.8
2026-08-03T17:30:33.443639,8548,0.000,0.000,0.000,382.2
2026-08-03T17:30:33.509308,8549,0.000,0.000,0.000,15.3
2026-08-03T17:30:33.581110,8550,0.000,0.000,0.000,14.0
2026-08-03T17:30:33.608958,8551,0.000,0.000,0.000,36.2
2026-08-03T17:30:33.644339,8552,0.000,0.000,0.000,28.5
2026-08-03T17:30:33.741113,8553,0.000,0.000,0.000,10.4
2026-08-03T17:30:33.743696,8554,0.000,0.000,0.000,431.4
2026-08-03T17:30:33.810283,8555,0.000,0.000,0.000,15.1
2026-08-03T17:30:33.876638,8556,0.000,0.000,0.000,15.2
2026-08-03T17:30:33.909791,8557,0.000,0.000,0.000,30.4
2026-08-03T17:30:33.941354,8558,0.000,0.000,0.000,32.1
2026-08-03T17:30:34.013456,8559,0.000,0.000,0.000,13.9
2026-08-03T17:30:34.017649,8560,0.000,0.000,0.000,256.3
2026-08-03T17:30:34.077404,8561,0.000,0.000,0.000,16.8
2026-08-03T17:30:34.178288,8562,0.000,0.000,0.000,9.9
2026-08-03T17:30:34.180472,8563,0.000,0.000,0.000,515.0
2026-08-03T17:30:34.241461,8564,0.000,0.000,0.000,16.4
2026-08-03T17:30:34.307784,8565,0.000,0.000,0.000,15.1
2026-08-03T17:30:34.342107,8566,0.000,0.000,0.000,29.3
2026-08-03T17:30:34.377494,8567,0.000,0.000,0.000,28.6
2026-08-03T17:30:34.472786,8568,0.000,0.000,0.000,10.5
2026-08-03T17:30:34.474932,8569,0.000,0.000,0.000,527.2
2026-08-03T17:30:34.510382,8570,0.000,0.000,0.000,28.3
2026-08-03T17:30:34.576916,8571,0.000,0.000,0.000,15.3
2026-08-03T17:30:34.579860,8572,0.000,0.000,0.000,374.5
2026-08-03T17:30:34.641030,8573,0.000,0.000,0.000,16.4
2026-08-03T17:30:34.705836,8574,0.000,0.000,0.000,15.5
2026-08-03T17:30:34.707961,8575,0.000,0.000,0.000,534.4
2026-08-03T17:30:34.774367,8576,0.000,0.000,0.000,15.1
2026-08-03T17:30:34.843073,8577,0.000,0.000,0.000,14.7
2026-08-03T17:30:34.873228,8578,0.000,0.000,0.000,33.5
2026-08-03T17:30:34.909820,8579,0.000,0.000,0.000,27.5
2026-08-03T17:30:35.011750,8580,0.000,0.000,0.000,9.9
2026-08-03T17:30:35.015597,8581,0.000,0.000,0.000,343.7
2026-08-03T17:30:35.073549,8582,0.000,0.000,0.000,17.3
2026-08-03T17:30:35.144117,8583,0.000,0.000,0.000,14.2
2026-08-03T17:30:35.146319,8584,0.000,0.000,0.000,518.6
2026-08-03T17:30:35.205115,8585,0.000,0.000,0.000,17.1
2026-08-03T17:30:35.275623,8586,0.000,0.000,0.000,14.2
2026-08-03T17:30:35.305701,8587,0.000,0.000,0.000,33.5
2026-08-03T17:30:35.341820,8588,0.000,0.000,0.000,28.0
2026-08-03T17:30:35.437483,8589,0.000,0.000,0.000,10.5
2026-08-03T17:30:35.439777,8590,0.000,0.000,0.000,487.3
2026-08-03T17:30:35.506974,8591,0.000,0.000,0.000,14.9
2026-08-03T17:30:35.577349,8592,0.000,0.000,0.000,14.3
2026-08-03T17:30:35.605150,8593,0.000,0.000,0.000,36.3
2026-08-03T17:30:35.637532,8594,0.000,0.000,0.000,31.2
2026-08-03T17:30:35.711286,8595,0.000,0.000,0.000,13.6
2026-08-03T17:30:35.713565,8596,0.000,0.000,0.000,498.1
2026-08-03T17:30:35.773690,8597,0.000,0.000,0.000,16.7
2026-08-03T17:30:35.871939,8598,0.000,0.000,0.000,10.2
2026-08-03T17:30:35.874135,8599,0.000,0.000,0.000,530.3
2026-08-03T17:30:35.937790,8600,0.000,0.000,0.000,15.8
2026-08-03T17:30:36.006434,8601,0.000,0.000,0.000,14.7
2026-08-03T17:30:36.037072,8602,0.000,0.000,0.000,33.6
2026-08-03T17:30:36.073150,8603,0.000,0.000,0.000,28.1
2026-08-03T17:30:36.174748,8604,0.000,0.000,0.000,9.9
2026-08-03T17:30:36.177397,8605,0.000,0.000,0.000,419.4
2026-08-03T17:30:36.239778,8606,0.000,0.000,0.000,16.1
2026-08-03T17:30:36.305152,8607,0.000,0.000,0.000,15.4
2026-08-03T17:30:36.307417,8608,0.000,0.000,0.000,552.3
2026-08-03T17:30:36.339086,8609,0.000,0.000,0.000,31.7
2026-08-03T17:30:36.401557,8610,0.000,0.000,0.000,16.1
2026-08-03T17:30:36.403679,8611,0.000,0.000,0.000,532.6
2026-08-03T17:30:36.469083,8612,0.000,0.000,0.000,15.3
2026-08-03T17:30:36.544418,8613,0.000,0.000,0.000,13.3
2026-08-03T17:30:36.569369,8614,0.000,0.000,0.000,40.9
2026-08-03T17:30:36.604749,8615,0.000,0.000,0.000,28.5
2026-08-03T17:30:36.701583,8616,0.000,0.000,0.000,10.4
2026-08-03T17:30:36.703755,8617,0.000,0.000,0.000,521.7
2026-08-03T17:30:36.769284,8618,0.000,0.000,0.000,15.3
2026-08-03T17:30:36.832443,8619,0.000,0.000,0.000,16.0
2026-08-03T17:30:36.835669,8620,0.000,0.000,0.000,336.7
2026-08-03T17:30:36.868792,8621,0.000,0.000,0.000,30.3
2026-08-03T17:30:36.931165,8622,0.000,0.000,0.000,16.1
2026-08-03T17:30:36.935863,8623,0.000,0.000,0.000,224.9
2026-08-03T17:30:37.002299,8624,0.000,0.000,0.000,15.1
2026-08-03T17:30:37.077231,8625,0.000,0.000,0.000,13.4
2026-08-03T17:30:37.100831,8626,0.000,0.000,0.000,42.9
2026-08-03T17:30:37.137221,8627,0.000,0.000,0.000,27.7
2026-08-03T17:30:37.231849,8628,0.000,0.000,0.000,10.6
2026-08-03T17:30:37.235801,8629,0.000,0.000,0.000,270.1
2026-08-03T17:30:37.300814,8630,0.000,0.000,0.000,15.4
2026-08-03T17:30:37.368931,8631,0.000,0.000,0.000,14.7
2026-08-03T17:30:37.408034,8632,0.000,0.000,0.000,25.7
2026-08-03T17:30:37.433378,8633,0.000,0.000,0.000,39.9
2026-08-03T17:30:37.505026,8634,0.000,0.000,0.000,14.0
2026-08-03T17:30:37.507595,8635,0.000,0.000,0.000,437.5
2026-08-03T17:30:37.569093,8636,0.000,0.000,0.000,16.3
2026-08-03T17:30:37.669729,8637,0.000,0.000,0.000,10.0
2026-08-03T17:30:37.671989,8638,0.000,0.000,0.000,498.6
2026-08-03T17:30:37.733658,8639,0.000,0.000,0.000,16.3
2026-08-03T17:30:37.801222,8640,0.000,0.000,0.000,14.9
2026-08-03T17:30:37.834019,8641,0.000,0.000,0.000,30.7
2026-08-03T17:30:37.870151,8642,0.000,0.000,0.000,28.0
2026-08-03T17:30:37.967920,8643,0.000,0.000,0.000,10.3
2026-08-03T17:30:37.970095,8644,0.000,0.000,0.000,517.1
2026-08-03T17:30:38.033583,8645,0.000,0.000,0.000,15.8
2026-08-03T17:30:38.100646,8646,0.000,0.000,0.000,15.0
2026-08-03T17:30:38.103184,8647,0.000,0.000,0.000,437.4
2026-08-03T17:30:38.165542,8648,0.000,0.000,0.000,16.1
2026-08-03T17:30:38.232741,8649,0.000,0.000,0.000,15.0
2026-08-03T17:30:38.265979,8650,0.000,0.000,0.000,30.3
2026-08-03T17:30:38.301572,8651,0.000,0.000,0.000,28.3
2026-08-03T17:30:38.396513,8652,0.000,0.000,0.000,10.6
2026-08-03T17:30:38.399641,8653,0.000,0.000,0.000,347.4
2026-08-03T17:30:38.466559,8654,0.000,0.000,0.000,15.0
2026-08-03T17:30:38.549956,8655,0.000,0.000,0.000,12.1
2026-08-03T17:30:38.569370,8656,0.000,0.000,0.000,52.2
2026-08-03T17:30:38.597796,8657,0.000,0.000,0.000,35.7
2026-08-03T17:30:38.667344,8658,0.000,0.000,0.000,14.4
2026-08-03T17:30:38.675449,8659,0.000,0.000,0.000,127.3
2026-08-03T17:30:38.741390,8660,0.000,0.000,0.000,15.2
2026-08-03T17:30:38.837523,8661,0.000,0.000,0.000,10.4
2026-08-03T17:30:38.839788,8662,0.000,0.000,0.000,496.2
2026-08-03T17:30:38.897705,8663,0.000,0.000,0.000,17.3
2026-08-03T17:30:38.963589,8664,0.000,0.000,0.000,15.2
2026-08-03T17:30:38.997454,8665,0.000,0.000,0.000,29.8
2026-08-03T17:30:39.033125,8666,0.000,0.000,0.000,28.3
2026-08-03T17:30:39.135197,8667,0.000,0.000,0.000,9.8
2026-08-03T17:30:39.137593,8668,0.000,0.000,0.000,467.5
2026-08-03T17:30:39.196826,8669,0.000,0.000,0.000,17.0
2026-08-03T17:30:39.267791,8670,0.000,0.000,0.000,14.1
2026-08-03T17:30:39.270013,8671,0.000,0.000,0.000,508.3
2026-08-03T17:30:39.328768,8672,0.000,0.000,0.000,17.1
2026-08-03T17:30:39.396363,8673,0.000,0.000,0.000,14.8
2026-08-03T17:30:39.429630,8674,0.000,0.000,0.000,30.3
2026-08-03T17:30:39.465624,8675,0.000,0.000,0.000,28.1
2026-08-03T17:30:39.566514,8676,0.000,0.000,0.000,9.9
2026-08-03T17:30:39.568896,8677,0.000,0.000,0.000,469.8
2026-08-03T17:30:39.629030,8678,0.000,0.000,0.000,16.7
2026-08-03T17:30:39.697990,8679,0.000,0.000,0.000,14.6
2026-08-03T17:30:39.730496,8680,0.000,0.000,0.000,31.0
2026-08-03T17:30:39.761888,8681,0.000,0.000,0.000,32.3
2026-08-03T17:30:39.828650,8682,0.000,0.000,0.000,15.0
2026-08-03T17:30:39.830729,8683,0.000,0.000,0.000,544.3
2026-08-03T17:30:39.861802,8684,0.000,0.000,0.000,32.4
2026-08-03T17:30:39.928867,8685,0.000,0.000,0.000,15.0
2026-08-03T17:30:39.961922,8686,0.000,0.000,0.000,30.5
2026-08-03T17:30:39.998694,8687,0.000,0.000,0.000,27.5
2026-08-03T17:30:40.101314,8688,0.000,0.000,0.000,9.8
2026-08-03T17:30:40.104074,8689,0.000,0.000,0.000,401.0
2026-08-03T17:30:40.161738,8690,0.000,0.000,0.000,17.4
2026-08-03T17:30:40.232194,8691,0.000,0.000,0.000,14.3
2026-08-03T17:30:40.261820,8692,0.000,0.000,0.000,34.1
2026-08-03T17:30:40.293286,8693,0.000,0.000,0.000,32.2
2026-08-03T17:30:40.363793,8694,0.000,0.000,0.000,14.3
2026-08-03T17:30:40.365901,8695,0.000,0.000,0.000,538.7
2026-08-03T17:30:40.428950,8696,0.000,0.000,0.000,15.9
2026-08-03T17:30:40.530457,8697,0.000,0.000,0.000,9.9
2026-08-03T17:30:40.532593,8698,0.000,0.000,0.000,531.8
2026-08-03T17:30:40.592944,8699,0.000,0.000,0.000,16.6
2026-08-03T17:30:40.666809,8700,0.000,0.000,0.000,13.6
2026-08-03T17:30:40.692987,8701,0.000,0.000,0.000,38.6
2026-08-03T17:30:40.729668,8702,0.000,0.000,0.000,27.4
2026-08-03T17:30:40.826187,8703,0.000,0.000,0.000,10.4
2026-08-03T17:30:40.828207,8704,0.000,0.000,0.000,573.4
2026-08-03T17:30:40.893135,8705,0.000,0.000,0.000,15.4
2026-08-03T17:30:40.957956,8706,0.000,0.000,0.000,15.5
2026-08-03T17:30:40.960073,8707,0.000,0.000,0.000,541.9
2026-08-03T17:30:40.994197,8708,0.000,0.000,0.000,29.5
2026-08-03T17:30:41.067195,8709,0.000,0.000,0.000,13.8
2026-08-03T17:30:41.070023,8710,0.000,0.000,0.000,391.9
2026-08-03T17:30:41.125535,8711,0.000,0.000,0.000,18.1
2026-08-03T17:30:41.198575,8712,0.000,0.000,0.000,13.7
2026-08-03T17:30:41.225883,8713,0.000,0.000,0.000,37.0
2026-08-03T17:30:41.260823,8714,0.000,0.000,0.000,29.0
2026-08-03T17:30:41.361334,8715,0.000,0.000,0.000,10.0
2026-08-03T17:30:41.363509,8716,0.000,0.000,0.000,529.2
2026-08-03T17:30:41.426007,8717,0.000,0.000,0.000,16.0
2026-08-03T17:30:41.489605,8718,0.000,0.000,0.000,15.9
2026-08-03T17:30:41.491779,8719,0.000,0.000,0.000,518.5
2026-08-03T17:30:41.524874,8720,0.000,0.000,0.000,30.4
2026-08-03T17:30:41.593704,8721,0.000,0.000,0.000,14.6
2026-08-03T17:30:41.595843,8722,0.000,0.000,0.000,533.0
2026-08-03T17:30:41.659611,8723,0.000,0.000,0.000,15.7
2026-08-03T17:30:41.725531,8724,0.000,0.000,0.000,15.3
2026-08-03T17:30:41.757129,8725,0.000,0.000,0.000,31.9
2026-08-03T17:30:41.793369,8726,0.000,0.000,0.000,27.8
2026-08-03T17:30:41.890915,8727,0.000,0.000,0.000,10.3
2026-08-03T17:30:41.892912,8728,0.000,0.000,0.000,575.6
2026-08-03T17:30:41.957728,8729,0.000,0.000,0.000,15.5
2026-08-03T17:30:42.029728,8730,0.000,0.000,0.000,14.0
2026-08-03T17:30:42.057697,8731,0.000,0.000,0.000,36.1
2026-08-03T17:30:42.089157,8732,0.000,0.000,0.000,32.3
2026-08-03T17:30:42.165461,8733,0.000,0.000,0.000,13.2
2026-08-03T17:30:42.169038,8734,0.000,0.000,0.000,321.8
2026-08-03T17:30:42.225611,8735,0.000,0.000,0.000,17.8
2026-08-03T17:30:42.322465,8736,0.000,0.000,0.000,10.4
2026-08-03T17:30:42.324559,8737,0.000,0.000,0.000,548.2
2026-08-03T17:30:42.388896,8738,0.000,0.000,0.000,15.6
2026-08-03T17:30:42.457933,8739,0.000,0.000,0.000,14.5
2026-08-03T17:30:42.488979,8740,0.000,0.000,0.000,32.5
2026-08-03T17:30:42.525927,8741,0.000,0.000,0.000,27.2
2026-08-03T17:30:42.625921,8742,0.000,0.000,0.000,10.0
2026-08-03T17:30:42.628641,8743,0.000,0.000,0.000,448.3
2026-08-03T17:30:42.690174,8744,0.000,0.000,0.000,16.3
2026-08-03T17:30:42.752504,8745,0.000,0.000,0.000,16.1
2026-08-03T17:30:42.755685,8746,0.000,0.000,0.000,341.0
2026-08-03T17:30:42.821604,8747,0.000,0.000,0.000,15.2
2026-08-03T17:30:42.890378,8748,0.000,0.000,0.000,14.6
2026-08-03T17:30:42.921678,8749,0.000,0.000,0.000,32.2
2026-08-03T17:30:42.957387,8750,0.000,0.000,0.000,28.3
2026-08-03T17:30:43.060242,8751,0.000,0.000,0.000,9.8
2026-08-03T17:30:43.062408,8752,0.000,0.000,0.000,529.8
2026-08-03T17:30:43.120866,8753,0.000,0.000,0.000,17.2
2026-08-03T17:30:43.195054,8754,0.000,0.000,0.000,13.5
2026-08-03T17:30:43.220998,8755,0.000,0.000,0.000,38.9
2026-08-03T17:30:43.253727,8756,0.000,0.000,0.000,30.8
2026-08-03T17:30:43.323677,8757,0.000,0.000,0.000,14.3
2026-08-03T17:30:43.325856,8758,0.000,0.000,0.000,522.1
2026-08-03T17:30:43.390283,8759,0.000,0.000,0.000,15.6
2026-08-03T17:30:43.485746,8760,0.000,0.000,0.000,10.5
2026-08-03T17:30:43.487992,8761,0.000,0.000,0.000,505.4
2026-08-03T17:30:43.553673,8762,0.000,0.000,0.000,15.3
2026-08-03T17:30:43.627884,8763,0.000,0.000,0.000,13.6
2026-08-03T17:30:43.654040,8764,0.000,0.000,0.000,38.8
2026-08-03T17:30:43.690430,8765,0.000,0.000,0.000,27.8
2026-08-03T17:30:43.784695,8766,0.000,0.000,0.000,10.6
2026-08-03T17:30:43.786721,8767,0.000,0.000,0.000,560.4
2026-08-03T17:30:43.821509,8768,0.000,0.000,0.000,28.9
2026-08-03T17:30:43.884020,8769,0.000,0.000,0.000,16.1
2026-08-03T17:30:43.886144,8770,0.000,0.000,0.000,546.7
2026-08-03T17:30:43.920869,8771,0.000,0.000,0.000,28.9
2026-08-03T17:30:43.984636,8772,0.000,0.000,0.000,15.7
2026-08-03T17:30:43.992753,8773,0.000,0.000,0.000,127.2
2026-08-03T17:30:44.029689,8774,0.000,0.000,0.000,27.3
2026-08-03T17:30:44.130733,8775,0.000,0.000,0.000,9.9
2026-08-03T17:30:44.139718,8776,0.000,0.000,0.000,114.6
2026-08-03T17:30:44.193878,8777,0.000,0.000,0.000,18.6
2026-08-03T17:30:44.256299,8778,0.000,0.000,0.000,16.1
2026-08-03T17:30:44.293766,8779,0.000,0.000,0.000,26.9
2026-08-03T17:30:44.329210,8780,0.000,0.000,0.000,28.4
2026-08-03T17:30:44.428342,8781,0.269,0.016,0.000,10.1
2026-08-03T17:30:44.437105,8782,0.277,0.009,0.000,117.5
2026-08-03T17:30:44.494783,8783,0.284,0.007,0.000,17.5
2026-08-03T17:30:44.562521,8784,0.287,0.008,0.000,14.8
2026-08-03T17:30:44.571695,8785,0.294,0.010,0.000,112.1
2026-08-03T17:30:44.625932,8786,0.275,0.011,0.000,18.6
2026-08-03T17:30:44.691512,8787,0.275,0.010,0.000,15.3
2026-08-03T17:30:44.726024,8788,0.277,0.008,0.000,29.2
2026-08-03T17:30:44.762242,8789,0.270,0.008,0.000,27.8
2026-08-03T17:30:44.854299,8790,0.270,0.006,0.000,10.9
2026-08-03T17:30:44.862821,8791,0.274,0.009,0.000,120.9
2026-08-03T17:30:44.926433,8792,0.269,0.008,0.000,15.8
2026-08-03T17:30:44.987605,8793,0.274,0.008,0.000,16.4
2026-08-03T17:30:44.995028,8794,0.278,0.007,0.000,139.6
2026-08-03T17:30:45.057136,8795,0.280,0.004,0.000,16.2
2026-08-03T17:30:45.129452,8796,0.273,0.005,0.000,13.9
2026-08-03T17:30:45.138456,8797,0.280,0.003,0.000,114.7
2026-08-03T17:30:45.194611,8798,0.269,0.002,0.000,17.9
2026-08-03T17:30:45.287405,8799,0.277,0.003,0.000,10.8
2026-08-03T17:30:45.295179,8800,0.270,0.004,0.000,133.2
2026-08-03T17:30:45.358730,8801,0.267,0.006,0.000,15.8
2026-08-03T17:30:45.424825,8802,0.264,0.007,0.000,15.2
2026-08-03T17:30:45.457330,8803,0.273,0.007,0.000,31.0
2026-08-03T17:30:45.493064,8804,0.269,0.006,0.000,28.2
2026-08-03T17:30:45.594127,8805,0.270,0.008,0.000,9.9
2026-08-03T17:30:45.603233,8806,0.268,0.009,0.000,115.4
2026-08-03T17:30:45.660743,8807,0.260,0.011,0.000,17.5
2026-08-03T17:30:45.719124,8808,0.261,0.009,0.000,17.3
2026-08-03T17:30:45.726905,8809,0.265,0.007,0.000,133.1
2026-08-03T17:30:45.790077,8810,0.265,0.008,0.000,15.9
2026-08-03T17:30:45.854969,8811,0.263,0.005,0.000,15.5
2026-08-03T17:30:45.890113,8812,0.264,0.006,0.000,28.7
2026-08-03T17:30:45.927348,8813,0.267,0.004,0.000,27.1
2026-08-03T17:30:46.025281,8814,0.270,0.005,0.000,10.2
2026-08-03T17:30:46.034635,8815,0.275,0.002,0.000,112.5
2026-08-03T17:30:46.089884,8816,0.273,0.003,0.000,18.2
2026-08-03T17:30:46.162795,8817,0.275,0.000,0.000,13.8
2026-08-03T17:30:46.189243,8818,0.285,0.003,0.000,38.5
2026-08-03T17:30:46.221514,8819,0.269,0.004,0.000,31.4
2026-08-03T17:30:46.288356,8820,0.274,0.002,0.000,15.0
2026-08-03T17:30:46.297811,8821,0.277,0.004,0.000,108.8
2026-08-03T17:30:46.358250,8822,0.112,0.003,0.000,16.6
2026-08-03T17:30:46.453480,8823,0.065,0.002,0.000,10.5
2026-08-03T17:30:46.462360,8824,0.064,0.005,0.000,116.0
2026-08-03T17:30:46.522604,8825,0.063,0.002,0.000,16.7
2026-08-03T17:30:46.592506,8826,0.087,0.004,0.000,14.4
2026-08-03T17:30:46.619350,8827,0.091,0.004,0.000,37.6
2026-08-03T17:30:46.659530,8828,0.125,0.003,0.000,25.1
2026-08-03T17:30:46.753340,8829,0.166,0.009,0.000,10.7
2026-08-03T17:30:46.762098,8830,0.168,0.012,0.000,118.7
2026-08-03T17:30:46.823098,8831,0.109,0.021,0.000,16.5
2026-08-03T17:30:46.883049,8832,0.118,0.009,0.000,16.8
2026-08-03T17:30:46.891059,8833,0.141,0.035,0.000,129.0
2026-08-03T17:30:46.951662,8834,0.000,0.000,0.000,16.6
2026-08-03T17:30:47.027308,8835,0.000,0.000,0.000,13.3
2026-08-03T17:30:47.050679,8836,0.000,0.000,0.000,43.4
2026-08-03T17:30:47.081030,8837,0.000,0.000,0.000,33.3
2026-08-03T17:30:47.180029,8838,0.000,0.000,0.000,10.1
2026-08-03T17:30:47.182172,8839,0.000,0.000,0.000,531.3
2026-08-03T17:30:47.245206,8840,0.000,0.000,0.000,15.9
2026-08-03T17:30:47.309663,8841,0.000,0.000,0.000,15.6
2026-08-03T17:30:47.311872,8842,0.000,0.000,0.000,511.1
2026-08-03T17:30:47.345832,8843,0.000,0.000,0.000,29.6
2026-08-03T17:30:47.407949,8844,0.000,0.000,0.000,16.2
2026-08-03T17:30:47.411879,8845,0.000,0.000,0.000,273.7
2026-08-03T17:30:47.445760,8846,0.000,0.000,0.000,29.7
2026-08-03T17:30:47.511610,8847,0.000,0.000,0.000,15.3
2026-08-03T17:30:47.515005,8848,0.000,0.000,0.000,318.8
2026-08-03T17:30:47.577248,8849,0.000,0.000,0.000,16.2
2026-08-03T17:30:47.648019,8850,0.000,0.000,0.000,14.2
2026-08-03T17:30:47.678247,8851,0.000,0.000,0.000,33.4
2026-08-03T17:30:47.713859,8852,0.000,0.000,0.000,28.5
2026-08-03T17:30:47.812049,8853,0.000,0.000,0.000,10.2
2026-08-03T17:30:47.814262,8854,0.000,0.000,0.000,512.2
2026-08-03T17:30:47.878008,8855,0.000,0.000,0.000,15.7
2026-08-03T17:30:47.942179,8856,0.000,0.000,0.000,15.7
2026-08-03T17:30:47.944422,8857,0.000,0.000,0.000,502.9
2026-08-03T17:30:47.977878,8858,0.000,0.000,0.000,30.0
2026-08-03T17:30:48.050856,8859,0.000,0.000,0.000,13.8
2026-08-03T17:30:48.052992,8860,0.000,0.000,0.000,533.4
2026-08-03T17:30:48.109246,8861,0.000,0.000,0.000,17.8
2026-08-03T17:30:48.181772,8862,0.000,0.000,0.000,13.9
2026-08-03T17:30:48.209924,8863,0.000,0.000,0.000,35.8
2026-08-03T17:30:48.245393,8864,0.000,0.000,0.000,28.6
2026-08-03T17:30:48.342845,8865,0.000,0.000,0.000,10.3
2026-08-03T17:30:48.345107,8866,0.000,0.000,0.000,496.4
2026-08-03T17:30:48.410222,8867,0.000,0.000,0.000,15.4
2026-08-03T17:30:48.475353,8868,0.000,0.000,0.000,15.5
2026-08-03T17:30:48.477538,8869,0.000,0.000,0.000,514.6
2026-08-03T17:30:48.510554,8870,0.000,0.000,0.000,30.4
2026-08-03T17:30:48.581918,8871,0.000,0.000,0.000,14.1
2026-08-03T17:30:48.585008,8872,0.000,0.000,0.000,353.7
2026-08-03T17:30:48.653338,8873,0.241,0.026,0.000,14.7
2026-08-03T17:30:48.719040,8874,0.309,0.010,0.000,15.3
2026-08-03T17:30:48.750934,8875,0.288,0.006,0.000,31.7
2026-08-03T17:30:48.786201,8876,0.290,0.016,0.000,28.7
2026-08-03T17:30:48.879032,8877,0.285,0.033,0.000,10.8
2026-08-03T17:30:48.887157,8878,0.281,0.015,0.000,127.3
2026-08-03T17:30:48.949618,8879,0.279,0.011,0.000,16.1
2026-08-03T17:30:49.024904,8880,0.279,0.053,0.000,13.4
2026-08-03T17:30:49.047578,8881,0.266,0.036,0.000,44.6
2026-08-03T17:30:49.081539,8882,0.272,0.063,0.000,29.7
2026-08-03T17:30:49.155291,8883,0.271,0.092,0.000,13.6
2026-08-03T17:30:49.166711,8884,0.273,0.102,0.000,91.7
2026-08-03T17:30:49.219106,8885,0.278,0.110,0.000,19.2
2026-08-03T17:30:49.312913,8886,0.282,0.075,0.000,10.7
2026-08-03T17:30:49.322110,8887,0.280,0.094,0.000,112.0
2026-08-03T17:30:49.380888,8888,0.276,0.049,0.000,17.1
2026-08-03T17:30:49.451777,8889,0.277,0.037,0.000,14.2
2026-08-03T17:30:49.480572,8890,0.274,0.041,0.000,35.1
2026-08-03T17:30:49.519942,8891,0.273,0.010,0.000,25.6
2026-08-03T17:30:49.618860,8892,0.276,0.003,0.000,10.1
2026-08-03T17:30:49.627577,8893,0.281,0.001,0.000,121.6
2026-08-03T17:30:49.682731,8894,0.281,0.001,0.000,18.2
2026-08-03T17:30:49.745823,8895,0.281,0.001,0.000,16.0
2026-08-03T17:30:49.754437,8896,0.285,0.003,0.000,119.8
2026-08-03T17:30:49.813417,8897,0.283,0.002,0.000,17.0
2026-08-03T17:30:49.879244,8898,0.285,0.001,0.000,15.2
2026-08-03T17:30:49.914233,8899,0.286,0.003,0.000,28.8
2026-08-03T17:30:49.949498,8900,0.286,0.003,0.000,28.7
2026-08-03T17:30:50.057013,8901,0.290,0.004,0.000,9.3
2026-08-03T17:30:50.066827,8902,0.292,0.004,0.000,105.3
2026-08-03T17:30:50.114287,8903,0.293,0.003,0.000,21.2
2026-08-03T17:30:50.181572,8904,0.290,0.004,0.000,14.9
2026-08-03T17:30:50.213135,8905,0.291,0.004,0.000,31.9
2026-08-03T17:30:50.245487,8906,0.291,0.004,0.000,31.2
2026-08-03T17:30:50.314503,8907,0.292,0.003,0.000,14.5
2026-08-03T17:30:50.325270,8908,0.293,0.003,0.000,97.2
2026-08-03T17:30:50.379331,8909,0.292,0.004,0.000,18.6
2026-08-03T17:30:50.486332,8910,0.295,0.005,0.000,9.4
2026-08-03T17:30:50.496602,8911,0.282,0.004,0.000,100.3
2026-08-03T17:30:50.542910,8912,0.283,0.007,0.000,21.7
2026-08-03T17:30:50.616607,8913,0.277,0.003,0.000,13.6
2026-08-03T17:30:50.645045,8914,0.276,0.001,0.000,35.5
2026-08-03T17:30:50.680054,8915,0.277,0.004,0.000,28.8
2026-08-03T17:30:50.778862,8916,0.278,0.001,0.000,10.2
2026-08-03T17:30:50.787236,8917,0.274,0.000,0.000,123.4
2026-08-03T17:30:50.845351,8918,0.278,0.001,0.000,17.3
2026-08-03T17:30:50.911989,8919,0.277,0.001,0.000,15.1
2026-08-03T17:30:50.922817,8920,0.274,0.004,0.000,95.6
2026-08-03T17:30:50.975986,8921,0.275,0.002,0.000,18.9
2026-08-03T17:30:51.047147,8922,0.275,0.002,0.000,14.1
2026-08-03T17:30:51.075123,8923,0.282,0.001,0.000,36.1
2026-08-03T17:30:51.114652,8924,0.281,0.002,0.000,25.5
2026-08-03T17:30:51.215992,8925,0.279,0.003,0.000,9.9
2026-08-03T17:30:51.225339,8926,0.283,0.002,0.000,110.0
2026-08-03T17:30:51.279346,8927,0.283,0.004,0.000,18.6
2026-08-03T17:30:51.343391,8928,0.283,0.004,0.000,15.8
2026-08-03T17:30:51.378706,8929,0.282,0.006,0.000,28.5
2026-08-03T17:30:51.410309,8930,0.282,0.005,0.000,31.9
2026-08-03T17:30:51.477867,8931,0.282,0.004,0.000,14.9
2026-08-03T17:30:51.486933,8932,0.283,0.003,0.000,113.8
2026-08-03T17:30:51.548383,8933,0.282,0.003,0.000,16.3
2026-08-03T17:30:51.643312,8934,0.283,0.002,0.000,10.6
2026-08-03T17:30:51.653493,8935,0.282,0.003,0.000,101.3
2026-08-03T17:30:51.709328,8936,0.278,0.005,0.000,18.0
2026-08-03T17:30:51.778954,8937,0.278,0.002,0.000,14.4
2026-08-03T17:30:51.809218,8938,0.279,0.003,0.000,33.3
2026-08-03T17:30:51.846343,8939,0.283,0.003,0.000,27.2
2026-08-03T17:30:51.946404,8940,0.287,0.002,0.000,10.0
2026-08-03T17:30:51.955178,8941,0.287,0.003,0.000,121.7
2026-08-03T17:30:52.009824,8942,0.287,0.003,0.000,18.4
2026-08-03T17:30:52.070933,8943,0.286,0.003,0.000,16.4
2026-08-03T17:30:52.079073,8944,0.285,0.003,0.000,127.0
2026-08-03T17:30:52.141597,8945,0.287,0.002,0.000,16.1
2026-08-03T17:30:52.211958,8946,0.285,0.002,0.000,14.3
2026-08-03T17:30:52.243035,8947,0.284,0.002,0.000,32.5
2026-08-03T17:30:52.278824,8948,0.284,0.003,0.000,28.2
2026-08-03T17:30:52.374656,8949,0.288,0.003,0.000,10.5
2026-08-03T17:30:52.382981,8950,0.288,0.002,0.000,124.4
2026-08-03T17:30:52.442334,8951,0.288,0.003,0.000,16.9
2026-08-03T17:30:52.508847,8952,0.289,0.003,0.000,15.1
2026-08-03T17:30:52.541313,8953,0.287,0.005,0.000,31.0
2026-08-03T17:30:52.574549,8954,0.290,0.005,0.000,30.3
2026-08-03T17:30:52.642510,8955,0.290,0.003,0.000,14.8
2026-08-03T17:30:52.650950,8956,0.291,0.003,0.000,122.4
2026-08-03T17:30:52.710536,8957,0.287,0.003,0.000,16.9
2026-08-03T17:30:52.806541,8958,0.283,0.005,0.000,10.5
2026-08-03T17:30:52.814936,8959,0.286,0.006,0.000,123.2
2026-08-03T17:30:52.873632,8960,0.284,0.003,0.000,17.1
2026-08-03T17:30:52.949015,8961,0.288,0.004,0.000,13.3
2026-08-03T17:30:52.970461,8962,0.294,0.005,0.000,47.3
2026-08-03T17:30:53.005929,8963,0.295,0.004,0.000,28.4
2026-08-03T17:30:53.109760,8964,0.301,0.002,0.000,9.7
2026-08-03T17:30:53.119031,8965,0.301,0.002,0.000,111.3
2026-08-03T17:30:53.173544,8966,0.306,0.002,0.000,18.4
2026-08-03T17:30:53.243124,8967,0.306,0.002,0.000,14.5
2026-08-03T17:30:53.251970,8968,0.307,0.003,0.000,116.8
2026-08-03T17:30:53.307565,8969,0.307,0.002,0.000,18.1
2026-08-03T17:30:53.375114,8970,0.306,0.002,0.000,14.9
2026-08-03T17:30:53.406829,8971,0.306,0.002,0.000,31.8
2026-08-03T17:30:53.443408,8972,0.308,0.002,0.000,27.6
2026-08-03T17:30:53.536979,8973,0.311,0.005,0.000,10.7
2026-08-03T17:30:53.545003,8974,0.309,0.005,0.000,128.7
2026-08-03T17:30:53.605081,8975,0.311,0.004,0.000,16.7
2026-08-03T17:30:53.679644,8976,0.308,0.005,0.000,13.5
2026-08-03T17:30:53.702853,8977,0.308,0.004,0.000,43.6
2026-08-03T17:30:53.739385,8978,0.307,0.003,0.000,27.7
2026-08-03T17:30:53.806967,8979,0.308,0.003,0.000,14.9
2026-08-03T17:30:53.815314,8980,0.307,0.001,0.000,123.7
2026-08-03T17:30:53.874934,8981,0.304,0.001,0.000,16.8
2026-08-03T17:30:53.968869,8982,0.305,0.001,0.000,10.7
2026-08-03T17:30:53.978632,8983,0.314,0.001,0.000,105.3
2026-08-03T17:30:54.038909,8984,0.323,0.001,0.000,16.7
2026-08-03T17:30:54.102250,8985,0.326,0.004,0.000,15.9
2026-08-03T17:30:54.137874,8986,0.328,0.004,0.000,28.3
2026-08-03T17:30:54.174223,8987,0.328,0.004,0.000,27.7
2026-08-03T17:30:54.278719,8988,0.334,0.005,0.000,9.6
2026-08-03T17:30:54.287996,8989,0.337,0.006,0.000,111.1
2026-08-03T17:30:54.337867,8990,0.338,0.009,0.000,20.2
2026-08-03T17:30:54.400614,8991,0.334,0.006,0.000,16.0
2026-08-03T17:30:54.408714,8992,0.336,0.006,0.000,127.6
2026-08-03T17:30:54.469388,8993,0.337,0.006,0.000,16.6
2026-08-03T17:30:54.539727,8994,0.336,0.005,0.000,14.3
2026-08-03T17:30:54.566866,8995,0.336,0.005,0.000,37.3
2026-08-03T17:30:54.605241,8996,0.338,0.008,0.000,26.4
2026-08-03T17:30:54.705101,8997,0.338,0.007,0.000,10.0
2026-08-03T17:30:54.715357,8998,0.336,0.005,0.000,100.3
2026-08-03T17:30:54.769311,8999,0.335,0.005,0.000,18.6
2026-08-03T17:30:54.839791,9000,0.334,0.004,0.000,14.3
2026-08-03T17:30:54.870734,9001,0.327,0.004,0.000,32.7
2026-08-03T17:30:54.901221,9002,0.331,0.004,0.000,33.2
2026-08-03T17:30:54.970008,9003,0.331,0.004,0.000,14.6
2026-08-03T17:30:54.978946,9004,0.326,0.003,0.000,115.7
2026-08-03T17:30:55.036620,9005,0.046,0.004,0.000,17.4
2026-08-03T17:30:55.140905,9006,0.032,0.005,0.000,9.6
2026-08-03T17:30:55.149700,9007,0.056,0.006,0.000,120.0
2026-08-03T17:30:55.200041,9008,0.084,0.007,0.000,20.0
2026-08-03T17:30:55.275012,9009,0.124,0.007,0.000,13.4
2026-08-03T17:30:55.300926,9010,0.174,0.005,0.000,39.0
2026-08-03T17:30:55.337004,9011,0.186,0.005,0.000,28.0
2026-08-03T17:30:55.431643,9012,0.203,0.005,0.000,10.6
2026-08-03T17:30:55.440805,9013,0.209,0.006,0.000,112.5
2026-08-03T17:30:55.503394,9014,0.218,0.005,0.000,16.1
2026-08-03T17:30:55.569392,9015,0.226,0.004,0.000,15.2
2026-08-03T17:30:55.578934,9016,0.230,0.005,0.000,108.3
2026-08-03T17:30:55.634738,9017,0.241,0.004,0.000,18.1
2026-08-03T17:30:55.699738,9018,0.245,0.004,0.000,15.5
2026-08-03T17:30:55.733973,9019,0.245,0.005,0.000,29.5
2026-08-03T17:30:55.769701,9020,0.249,0.004,0.000,28.3
2026-08-03T17:30:55.869411,9021,0.251,0.003,0.000,10.1
2026-08-03T17:30:55.879179,9022,0.252,0.003,0.000,105.5
2026-08-03T17:30:55.930998,9023,0.250,0.006,0.000,19.4
2026-08-03T17:30:56.004070,9024,0.251,0.005,0.000,13.7
2026-08-03T17:30:56.034749,9025,0.252,0.005,0.000,32.9
2026-08-03T17:30:56.065111,9026,0.253,0.006,0.000,33.3
2026-08-03T17:30:56.131991,9027,0.253,0.005,0.000,15.0
2026-08-03T17:30:56.141178,9028,0.254,0.005,0.000,112.5
2026-08-03T17:30:56.201311,9029,0.255,0.005,0.000,16.7
2026-08-03T17:30:56.298807,9030,0.256,0.005,0.000,10.3
2026-08-03T17:30:56.307204,9031,0.256,0.005,0.000,122.8
2026-08-03T17:30:56.365021,9032,0.256,0.005,0.000,17.4
2026-08-03T17:30:56.434288,9033,0.257,0.005,0.000,14.5
2026-08-03T17:30:56.466262,9034,0.257,0.004,0.000,31.5
2026-08-03T17:30:56.502573,9035,0.258,0.004,0.000,27.7
2026-08-03T17:30:56.596087,9036,0.259,0.002,0.000,10.7
2026-08-03T17:30:56.603926,9037,0.259,0.002,0.000,132.8
2026-08-03T17:30:56.666702,9038,0.259,0.002,0.000,16.0
2026-08-03T17:30:56.729405,9039,0.260,0.002,0.000,16.0
2026-08-03T17:30:56.738042,9040,0.258,0.003,0.000,119.7
2026-08-03T17:30:56.797538,9041,0.260,0.002,0.000,16.9
2026-08-03T17:30:56.870483,9042,0.260,0.003,0.000,13.8
2026-08-03T17:30:56.897391,9043,0.260,0.003,0.000,37.5
2026-08-03T17:30:56.933118,9044,0.258,0.003,0.000,28.3
2026-08-03T17:30:57.033239,9045,0.257,0.003,0.000,10.0
2026-08-03T17:30:57.042964,9046,0.258,0.002,0.000,105.8
2026-08-03T17:30:57.099641,9047,0.258,0.002,0.000,17.7
2026-08-03T17:30:57.164595,9048,0.258,0.002,0.000,15.5
2026-08-03T17:30:57.196781,9049,0.257,0.002,0.000,31.3
2026-08-03T17:30:57.229167,9050,0.257,0.003,0.000,31.4
2026-08-03T17:30:57.304615,9051,0.257,0.003,0.000,13.3
2026-08-03T17:30:57.313585,9052,0.257,0.003,0.000,117.5
2026-08-03T17:30:57.366638,9053,0.255,0.004,0.000,18.9
2026-08-03T17:30:57.466824,9054,0.257,0.003,0.000,10.0
2026-08-03T17:30:57.476160,9055,0.256,0.003,0.000,110.1
2026-08-03T17:30:57.530940,9056,0.255,0.004,0.000,18.4
2026-08-03T17:30:57.595667,9057,0.255,0.003,0.000,15.5
2026-08-03T17:30:57.629704,9058,0.253,0.003,0.000,29.6
2026-08-03T17:30:57.666778,9059,0.254,0.003,0.000,27.1
2026-08-03T17:30:57.770454,9060,0.254,0.002,0.000,9.7
2026-08-03T17:30:57.779035,9061,0.255,0.004,0.000,120.9
2026-08-03T17:30:57.827691,9062,0.271,0.004,0.000,20.7
2026-08-03T17:30:57.897419,9063,0.294,0.003,0.000,14.4
2026-08-03T17:30:57.906187,9064,0.320,0.002,0.000,117.6
2026-08-03T17:30:57.962739,9065,0.332,0.002,0.000,17.8
2026-08-03T17:30:58.032895,9066,0.338,0.002,0.000,14.3
2026-08-03T17:30:58.061471,9067,0.338,0.002,0.000,35.6
2026-08-03T17:30:58.097993,9068,0.337,0.002,0.000,27.6
2026-08-03T17:30:58.197709,9069,0.336,0.001,0.000,10.1
2026-08-03T17:30:58.207261,9070,0.335,0.001,0.000,108.5
2026-08-03T17:30:58.263975,9071,0.331,0.002,0.000,17.7
2026-08-03T17:30:58.338756,9072,0.334,0.002,0.000,13.4
2026-08-03T17:30:58.359465,9073,0.338,0.003,0.000,49.8
2026-08-03T17:30:58.393694,9074,0.338,0.004,0.000,29.4
2026-08-03T17:30:58.476801,9075,0.333,0.005,0.000,12.1
2026-08-03T17:30:58.485965,9076,0.324,0.004,0.000,113.4
2026-08-03T17:30:58.529484,9077,0.324,0.007,0.000,23.1
2026-08-03T17:30:58.630520,9078,0.321,0.007,0.000,9.9
2026-08-03T17:30:58.640808,9079,0.326,0.008,0.000,99.5
2026-08-03T17:30:58.695299,9080,0.322,0.007,0.000,18.5
2026-08-03T17:30:58.767986,9081,0.320,0.007,0.000,13.8
2026-08-03T17:30:58.790996,9082,0.323,0.007,0.000,44.0
2026-08-03T17:30:58.829584,9083,0.322,0.006,0.000,26.1
2026-08-03T17:30:58.925643,9084,0.324,0.006,0.000,10.4
2026-08-03T17:30:58.933423,9085,0.319,0.006,0.000,132.8
2026-08-03T17:30:58.992813,9086,0.319,0.006,0.000,16.9
2026-08-03T17:30:59.056437,9087,0.321,0.005,0.000,15.8
2026-08-03T17:30:59.065354,9088,0.314,0.005,0.000,115.5
2026-08-03T17:30:59.125800,9089,0.305,0.005,0.000,16.6
2026-08-03T17:30:59.191614,9090,0.306,0.004,0.000,15.3
2026-08-03T17:30:59.225655,9091,0.306,0.003,0.000,29.6
2026-08-03T17:30:59.261236,9092,0.308,0.003,0.000,28.4
2026-08-03T17:30:59.356472,9093,0.300,0.004,0.000,10.5
2026-08-03T17:30:59.365426,9094,0.221,0.004,0.000,115.0
2026-08-03T17:30:59.425722,9095,0.045,0.004,0.000,16.7
2026-08-03T17:30:59.496248,9096,0.051,0.004,0.000,14.2
2026-08-03T17:30:59.525686,9097,0.114,0.005,0.000,34.3
2026-08-03T17:30:59.557149,9098,0.133,0.005,0.000,32.2
2026-08-03T17:30:59.627315,9099,0.149,0.004,0.000,14.3
2026-08-03T17:30:59.635658,9100,0.174,0.004,0.000,124.0
2026-08-03T17:30:59.694607,9101,0.208,0.004,0.000,17.0
2026-08-03T17:30:59.789364,9102,0.233,0.004,0.000,10.6
2026-08-03T17:30:59.797419,9103,0.240,0.003,0.000,128.3
2026-08-03T17:30:59.858823,9104,0.252,0.003,0.000,16.4
2026-08-03T17:30:59.924178,9105,0.269,0.005,0.000,15.4
2026-08-03T17:30:59.959072,9106,0.272,0.002,0.000,28.9
2026-08-03T17:30:59.994406,9107,0.273,0.003,0.000,28.6
2026-08-03T17:31:00.090014,9108,0.260,0.001,0.000,10.5
2026-08-03T17:31:00.098900,9109,0.170,0.003,0.000,115.9
2026-08-03T17:31:00.158812,9110,0.039,0.001,0.000,16.8
2026-08-03T17:31:00.219178,9111,0.050,0.001,0.000,16.6
2026-08-03T17:31:00.227388,9112,0.064,0.001,0.000,126.0
2026-08-03T17:31:00.290481,9113,0.064,0.002,0.000,15.9
2026-08-03T17:31:00.355102,9114,0.078,0.000,0.000,15.5
2026-08-03T17:31:00.390412,9115,0.083,0.002,0.000,28.5
2026-08-03T17:31:00.425407,9116,0.093,0.002,0.000,28.8
2026-08-03T17:31:00.519974,9117,0.096,0.003,0.000,10.6
2026-08-03T17:31:00.527758,9118,0.105,0.005,0.000,132.9
2026-08-03T17:31:00.589604,9119,0.112,0.006,0.000,16.2
2026-08-03T17:31:00.658556,9120,0.111,0.007,0.000,14.6
2026-08-03T17:31:00.689418,9121,0.136,0.003,0.000,32.7
2026-08-03T17:31:00.722570,9122,0.134,0.004,0.000,30.5
2026-08-03T17:31:00.788626,9123,0.140,0.003,0.000,15.2
2026-08-03T17:31:00.796592,9124,0.159,0.006,0.000,131.8
2026-08-03T17:31:00.858459,9125,0.154,0.007,0.000,16.2
2026-08-03T17:31:00.952637,9126,0.154,0.023,0.000,10.6
2026-08-03T17:31:00.961123,9127,0.131,0.080,0.000,121.4
2026-08-03T17:31:01.022542,9128,0.131,0.044,0.000,16.4
2026-08-03T17:31:01.087569,9129,0.133,0.022,0.000,15.5
2026-08-03T17:31:01.122651,9130,0.101,0.011,0.000,29.6
2026-08-03T17:31:01.159241,9131,0.149,0.017,0.000,27.6
2026-08-03T17:31:01.253664,9132,0.270,0.004,0.000,10.6
2026-08-03T17:31:01.262369,9133,0.278,0.003,0.000,118.4
2026-08-03T17:31:01.323688,9134,0.290,0.007,0.000,16.4
2026-08-03T17:31:01.388243,9135,0.292,0.007,0.000,15.6
